0.45,0.45,1.62,-0.00,-0.00
0.45,0.45,1.62,-0.00,-0.00
0.45,0.45,1.62,-0.00,-0.00
0.45,0.45,1.62,-0.00,-0.00
0.45,0.45,1.62,-0.00,-0.00
0.45,0.45,1.62,-0.00,-0.00
0.45,0.45,1.62,-0.00,-0.00
0.45,0.45,1.62,-0.00,-0.00
0.45,0.45,1.62,-0.00,-0.00
0.45,0.45,1.62,-0.00,0.05
2.39,2.39,6.08,13.08,12.23
8.51,8.51,14.04,19.21,18.77
10.55,10.55,11.92,31.34,31.20
10.98,10.98,8.62,52.34,52.38
9.01,9.01,12.08,60.70,67.67
0.45,0.45,1.74,73.28,77.97
0.45,0.45,1.62,72.74,82.19
0.45,0.45,1.62,74.16,80.53
0.45,0.45,1.62,72.51,80.83
0.47,0.47,1.64,71.83,78.51
0.63,0.63,3.16,72.22,79.42
2.02,2.02,4.23,69.44,80.08
0.69,0.69,4.19,69.61,78.64
1.84,1.84,4.61,69.08,78.72
3.52,3.52,5.42,67.53,78.28
4.17,4.17,4.99,65.83,77.49
2.95,2.95,4.85,67.27,78.14
1.42,1.42,4.19,67.26,78.49
1.69,1.69,4.34,64.96,76.78
2.19,2.19,5.57,66.64,77.90
2.96,2.96,5.74,65.57,76.71
5.11,5.11,4.28,63.17,76.41
6.54,6.54,6.26,64.95,75.45
6.65,6.65,6.90,65.45,75.67
6.76,6.76,7.68,64.63,77.43
7.67,7.67,8.19,64.46,75.20
8.55,8.55,7.47,63.49,77.09
7.13,7.13,6.19,63.57,74.85
4.86,4.86,5.73,65.09,75.94
6.04,6.04,3.84,64.66,73.30
7.93,7.93,6.16,63.71,75.54
11.25,11.25,6.78,62.95,75.00
13.70,13.70,7.54,63.65,75.01
12.87,12.87,8.61,63.34,74.41
11.06,11.06,8.32,62.71,75.41
10.56,10.56,7.75,61.47,75.06
13.71,13.71,7.73,60.68,75.75
15.95,15.95,6.99,61.11,76.86
15.78,15.78,5.81,60.53,75.38
9.87,9.87,4.08,58.82,77.47
2.82,2.82,2.66,57.93,76.16
1.75,1.75,1.71,58.93,79.24
3.81,3.81,1.62,58.48,80.90
2.25,2.25,1.84,53.75,82.95
2.38,2.38,2.60,58.07,83.05
2.25,2.25,4.01,57.50,83.27
4.24,4.24,5.32,55.87,78.27
6.58,6.58,6.04,56.41,81.48
8.68,8.68,5.43,54.73,78.91
9.32,9.32,3.21,52.24,80.07
8.78,8.78,2.96,54.78,80.17
8.52,8.52,2.25,53.88,80.54
9.60,9.60,1.96,51.63,80.52
9.26,9.26,2.08,49.61,80.30
8.09,8.09,1.85,50.53,81.18
6.86,6.86,1.87,51.17,78.60
6.97,6.97,1.98,51.47,80.35
7.57,7.57,1.83,49.55,78.57
8.84,8.84,1.98,49.08,80.33
9.30,9.30,2.48,47.06,78.48
8.33,8.33,2.65,48.83,79.40
7.40,7.40,2.07,45.40,77.03
6.66,6.66,1.70,50.53,79.77
6.13,6.13,1.62,56.90,79.03
6.75,6.75,1.62,56.82,79.34
14.55,14.55,4.07,60.67,78.53
18.31,18.31,7.85,62.03,78.79
21.65,21.65,7.80,61.69,78.06
25.01,25.01,4.59,60.64,80.59
24.43,24.43,2.82,61.34,79.37
23.54,23.54,3.54,62.63,80.04
22.59,22.59,5.59,61.18,79.32
18.47,18.47,4.13,60.66,80.04
16.08,16.08,3.46,60.54,79.61
12.78,12.78,5.45,60.10,79.77
9.31,9.31,6.99,60.89,79.63
9.39,9.39,8.27,60.46,79.99
5.51,5.51,7.78,60.74,79.01
0.93,0.93,9.64,62.56,80.25
1.09,1.09,10.02,63.16,83.38
1.11,1.11,12.77,62.26,82.76
4.05,4.05,17.67,59.17,82.75
8.16,8.16,19.50,55.56,82.33
11.61,11.61,21.75,51.91,83.19
12.39,12.39,20.57,54.67,81.66
13.67,13.67,15.76,54.96,83.90
13.59,13.59,17.88,55.76,81.62
13.26,13.26,20.49,57.77,83.82
15.74,15.74,17.81,57.19,81.57
17.88,17.88,15.13,56.95,83.33
18.86,18.86,16.36,56.01,80.31
18.91,18.91,17.02,54.16,82.91
20.56,20.56,13.80,51.18,80.79
18.84,18.84,10.87,52.79,82.81
17.21,17.21,13.76,52.83,80.71
18.80,18.80,16.33,50.95,83.21
19.83,19.83,16.03,52.76,78.46
21.66,21.66,13.13,54.46,82.49
21.59,21.59,14.44,51.96,78.53
20.48,20.48,14.95,52.79,80.70
18.37,18.37,20.84,59.68,75.98
17.35,17.35,22.40,58.72,81.38
15.14,15.14,19.80,65.22,81.91
11.63,11.63,9.09,65.97,79.42
12.56,12.56,4.35,68.36,83.30
13.87,13.87,3.14,69.11,78.53
15.49,15.49,2.40,70.17,82.32
16.82,16.82,2.72,70.03,79.00
17.72,17.72,2.18,69.59,82.85
20.21,20.21,1.74,68.67,80.05
18.68,18.68,1.65,68.10,82.33
15.24,15.24,3.49,68.25,79.99
11.35,11.35,5.13,67.76,83.19
8.01,8.01,7.86,66.56,80.92
2.00,2.00,17.31,66.24,84.46
0.45,0.45,20.57,61.98,85.28
0.45,0.45,27.34,62.66,86.18
0.48,0.48,28.11,61.96,86.96
2.66,2.66,21.18,57.98,86.63
6.05,6.05,20.49,54.70,85.08
6.06,6.06,12.02,49.27,85.68
5.75,5.75,14.26,53.50,85.67
6.90,6.90,17.81,54.31,85.10
8.63,8.63,17.56,52.86,85.17
10.18,10.18,12.79,57.05,84.89
12.00,12.00,9.24,63.50,84.55
13.04,13.04,7.45,65.32,86.23
14.97,14.97,4.17,72.42,85.06
14.17,14.17,6.58,70.46,87.83
8.65,8.65,8.06,71.61,85.61
12.70,12.70,4.08,69.63,89.95
14.53,14.53,1.92,71.87,84.00
16.78,16.78,6.90,69.15,88.72
13.80,13.80,8.96,70.11,83.31
3.13,3.13,8.21,63.40,88.47
4.62,4.62,7.33,67.76,81.19
0.72,0.72,14.93,68.35,86.53
0.45,0.45,19.28,70.29,85.35
0.45,0.45,17.79,68.06,85.59
0.45,0.45,8.45,69.48,82.45
0.55,0.55,1.62,67.19,84.51
3.29,3.29,1.62,66.17,81.23
6.04,6.04,1.62,65.77,78.71
9.19,9.19,1.62,62.99,77.47
15.94,15.94,1.62,63.02,81.09
17.00,17.00,1.62,62.29,75.83
14.09,14.09,1.62,64.04,77.31
11.37,11.37,1.62,63.67,79.94
15.28,15.28,1.62,64.75,76.42
10.13,10.13,1.62,61.67,78.52
4.97,4.97,1.62,62.17,78.07
5.94,5.94,2.31,65.03,79.52
15.58,15.58,16.27,65.02,80.91
16.32,16.32,26.83,63.54,82.82
14.30,14.30,28.88,65.13,84.90
19.16,19.16,25.34,65.00,82.34
16.82,16.82,12.51,63.69,81.54
17.19,17.19,12.41,62.85,80.39
17.93,17.93,21.63,61.96,80.58
24.52,24.52,25.04,62.62,78.50
22.46,22.46,25.19,60.99,81.02
18.98,18.98,18.67,62.31,79.22
19.00,19.00,15.23,62.73,80.50
17.68,17.68,13.17,61.90,81.81
18.34,18.34,9.56,60.63,79.03
18.59,18.59,13.50,62.10,80.00
19.61,19.61,16.19,59.76,78.60
18.03,18.03,15.70,60.36,77.04
17.24,17.24,15.58,58.60,79.15
19.42,19.42,17.28,59.22,77.38
21.59,21.59,18.96,58.69,77.93
25.40,25.40,19.75,58.53,77.96
28.86,28.86,20.25,59.86,74.21
30.21,30.21,21.96,58.45,79.69
29.81,29.81,21.96,58.41,77.99
29.06,29.06,22.46,58.04,76.97
31.64,31.64,22.13,58.05,78.33
33.49,33.49,23.87,58.34,78.96
33.98,33.98,23.72,58.14,78.49
33.75,33.75,25.36,57.06,78.87
32.59,32.59,24.92,57.30,77.55
31.51,31.51,24.15,54.34,77.34
32.48,32.48,25.47,55.03,77.47
34.63,34.63,23.47,54.16,77.64
32.84,32.84,21.41,52.58,75.74
27.20,27.20,14.48,52.10,76.83
17.86,17.86,11.24,53.16,76.76
13.26,13.26,11.99,52.27,76.76
17.09,17.09,18.04,53.52,79.18
17.35,17.35,26.03,54.70,82.58
17.04,17.04,30.24,55.41,82.44
18.41,18.41,22.40,55.94,81.86
17.36,17.36,27.85,54.58,82.02
17.60,17.60,25.75,53.00,85.07
19.10,19.10,20.36,52.39,81.05
21.06,21.06,21.21,53.97,80.00
22.40,22.40,13.90,51.68,81.64
23.20,23.20,12.77,50.24,79.32
28.47,28.47,19.98,50.65,78.37
25.54,25.54,23.30,47.34,79.97
22.53,22.53,27.54,48.97,78.03
22.13,22.13,24.43,50.26,79.54
22.09,22.09,20.03,49.00,80.35
25.07,25.07,20.21,50.90,77.61
26.02,26.02,22.75,49.35,79.94
25.20,25.20,22.92,50.16,79.15
26.46,26.46,21.98,48.19,79.09
26.19,26.19,25.08,48.16,77.04
27.91,27.91,24.49,47.11,77.10
28.25,28.25,24.60,46.09,76.54
26.20,26.20,20.01,43.30,76.56
25.46,25.46,16.66,41.86,74.23
25.93,25.93,9.67,47.82,79.00
21.52,21.52,5.57,45.92,78.66
15.40,15.40,3.88,54.53,76.60
14.66,14.66,5.31,59.58,79.12
9.05,9.05,8.36,65.52,79.59
14.40,14.40,16.72,65.89,80.78
20.21,20.21,19.84,67.53,78.59
21.89,21.89,18.19,69.02,79.80
20.87,20.87,15.34,66.41,78.49
18.37,18.37,13.30,66.51,83.20
18.57,18.57,7.65,65.16,79.87
16.80,16.80,2.60,61.90,80.83
15.32,15.32,5.90,60.11,82.28
16.60,16.60,8.11,59.87,81.35
15.83,15.83,6.96,67.55,82.39
18.01,18.01,17.60,64.46,83.32
18.40,18.40,23.12,64.75,79.83
17.93,17.93,24.32,64.02,78.36
19.71,19.71,21.91,63.33,76.01
19.44,19.44,15.50,61.30,79.16
21.92,21.92,11.55,62.41,78.73
23.39,23.39,12.00,59.49,76.22
22.87,22.87,10.76,62.23,77.83
23.42,23.42,12.64,60.67,76.85
24.52,24.52,16.29,62.15,75.45
24.50,24.50,15.14,61.39,76.69
24.54,24.54,10.50,59.95,74.50
25.79,25.79,12.17,57.83,74.85
26.34,26.34,10.50,57.26,74.50
25.39,25.39,10.92,54.71,75.43
26.40,26.40,11.94,56.86,75.48
28.64,28.64,12.48,56.33,73.01
29.51,29.51,13.44,56.89,74.70
29.21,29.21,12.50,57.30,74.84
27.28,27.28,10.33,53.95,73.36
23.42,23.42,7.65,54.50,75.72
19.89,19.89,4.60,52.37,74.26
31.66,31.66,6.28,53.92,76.12
28.16,28.16,8.71,54.04,81.12
15.81,15.81,12.25,52.52,80.81
14.60,14.60,13.97,53.78,79.18
20.04,20.04,14.17,54.71,81.66
23.52,23.52,13.08,53.95,79.99
25.55,25.55,12.69,51.65,81.39
27.64,27.64,12.43,53.64,78.83
29.33,29.33,12.90,53.42,79.38
32.66,32.66,14.10,54.17,79.38
32.42,32.42,14.36,50.05,77.22
27.09,27.09,14.02,53.52,79.61
21.93,21.93,12.00,49.61,76.80
20.99,20.99,9.73,55.12,78.44
21.12,21.12,12.05,56.27,79.99
22.02,22.02,13.63,54.19,78.06
24.21,24.21,13.81,52.87,78.47
26.07,26.07,14.03,52.77,77.70
26.41,26.41,14.42,50.77,78.43
27.08,27.08,14.85,55.96,75.06
28.07,28.07,15.24,52.15,79.49
29.27,29.27,15.74,52.40,74.47
30.42,30.42,12.89,53.41,79.35
28.28,28.28,6.26,49.22,74.32
24.57,24.57,4.34,52.12,78.63
19.65,19.65,3.50,51.06,76.96
17.91,17.91,8.31,51.94,80.88
15.66,15.66,20.26,56.71,76.15
16.76,16.76,23.67,47.24,80.74
21.54,21.54,20.38,48.70,81.75
24.54,24.54,16.09,46.83,78.63
24.28,24.28,16.44,44.38,80.20
22.40,22.40,16.36,54.37,79.05
21.01,21.01,11.44,61.62,74.29
19.34,19.34,3.62,66.85,79.70
17.54,17.54,2.67,72.00,79.72
19.18,19.18,2.40,71.11,79.07
20.82,20.82,2.30,72.67,80.83
21.94,21.94,1.92,74.06,81.79
21.61,21.61,2.28,75.02,77.90
20.62,20.62,2.74,75.72,79.19
16.43,16.43,2.28,75.19,79.51
12.43,12.43,2.03,72.93,77.94
7.86,7.86,2.66,74.11,79.95
7.61,7.61,2.24,71.72,76.82
12.84,12.84,1.68,71.14,76.01
14.16,14.16,2.91,73.18,78.13
9.60,9.60,13.08,71.86,78.26
1.35,1.35,18.14,73.96,78.72
4.74,4.74,18.59,75.24,79.70
6.73,6.73,10.46,74.41,81.26
11.69,11.69,1.94,73.06,82.90
10.62,10.62,3.61,73.55,81.56
6.66,6.66,5.95,72.55,81.03
3.88,3.88,7.03,72.63,78.91
4.32,4.32,5.71,72.79,79.64
6.40,6.40,4.88,70.61,79.71
7.21,7.21,6.08,70.80,79.42
10.59,10.59,4.18,69.11,78.39
14.18,14.18,4.38,67.89,78.76
15.02,15.02,3.48,66.52,77.68
15.03,15.03,3.76,68.13,77.89
16.90,16.90,5.25,68.50,78.19
19.15,19.15,4.81,67.54,77.48
16.68,16.68,5.39,68.66,77.61
15.88,15.88,6.04,67.18,77.21
16.52,16.52,7.54,65.48,75.99
19.80,19.80,9.43,66.64,75.93
19.84,19.84,7.95,66.98,74.76
19.67,19.67,8.08,65.29,77.48
19.92,19.92,10.11,64.78,74.21
18.59,18.59,10.41,63.68,77.70
17.38,17.38,8.78,64.30,74.74
14.19,14.19,10.48,65.00,76.77
16.29,16.29,9.10,64.91,74.90
18.75,18.75,6.79,64.43,74.87
21.24,21.24,8.56,63.61,75.52
22.35,22.35,10.63,64.31,74.50
21.02,21.02,11.49,63.81,74.77
19.73,19.73,10.97,63.99,74.47
19.92,19.92,10.80,63.03,76.81
22.09,22.09,11.79,63.44,74.54
22.14,22.14,11.12,63.34,77.42
21.60,21.60,9.16,61.93,75.01
16.19,16.19,6.13,60.34,77.57
11.70,11.70,4.86,59.16,75.66
14.66,14.66,3.58,60.67,80.16
15.54,15.54,2.03,59.31,80.69
11.47,11.47,3.01,55.72,84.02
4.76,4.76,4.07,59.18,82.58
3.26,3.26,3.12,59.27,82.69
3.92,3.92,5.58,57.77,78.81
5.37,5.37,8.12,58.32,80.19
7.51,7.51,7.35,56.39,79.37
7.55,7.55,6.10,54.29,79.00
7.43,7.43,4.54,56.30,79.93
8.11,8.11,2.88,56.67,80.98
8.94,8.94,2.66,53.94,80.13
8.35,8.35,3.60,50.78,81.17
8.38,8.38,3.52,53.03,80.31
7.71,7.71,4.09,55.27,79.53
7.00,7.00,5.38,54.90,79.53
8.03,8.03,3.04,51.84,78.80
8.64,8.64,3.81,49.84,80.32
10.85,10.85,3.51,49.06,77.69
12.62,12.62,2.38,48.57,79.68
15.71,15.71,2.14,47.38,77.19
16.05,16.05,1.64,49.76,79.33
14.56,14.56,1.62,56.81,79.79
13.20,13.20,1.63,56.67,79.76
20.32,20.32,4.39,59.60,78.19
24.28,24.28,7.76,61.44,79.38
27.64,27.64,8.26,61.67,78.89
30.51,30.51,5.19,61.23,80.20
30.73,30.73,2.66,61.92,79.77
30.22,30.22,3.68,63.10,79.07
28.18,28.18,6.21,61.91,78.95
23.43,23.43,6.60,61.45,80.08
16.34,16.34,8.10,60.58,79.40
14.02,14.02,9.34,59.89,80.63
13.57,13.57,11.37,60.55,79.32
11.62,11.62,9.78,60.62,80.33
5.15,5.15,7.84,61.88,78.46
1.72,1.72,7.56,63.38,80.69
1.16,1.16,7.53,62.34,82.87
1.35,1.35,12.56,60.08,83.39
4.09,4.09,17.45,58.21,82.11
7.36,7.36,18.50,55.04,82.74
10.36,10.36,19.36,53.81,82.52
13.26,13.26,17.84,54.98,83.09
14.44,14.44,15.78,54.57,84.01
13.97,13.97,20.25,56.11,81.53
15.45,15.45,15.81,57.04,83.29
16.48,16.48,16.50,57.19,82.10
17.64,17.64,15.00,57.19,82.46
17.44,17.44,16.16,57.25,81.19
19.66,19.66,17.70,55.33,81.77
17.57,17.57,13.87,54.88,81.18
17.26,17.26,10.13,53.73,83.62
15.76,15.76,14.87,52.17,80.00
17.13,17.13,18.45,53.81,84.16
18.20,18.20,17.53,50.22,78.39
19.56,19.56,16.99,52.91,83.09
19.88,19.88,20.28,52.36,77.03
19.08,19.08,19.66,56.73,81.60
19.71,19.71,18.75,60.46,76.03
20.79,20.79,21.01,60.77,81.20
20.35,20.35,16.70,67.96,82.24
18.98,18.98,7.32,69.09,79.28
20.60,20.60,3.51,71.05,82.58
22.53,22.53,2.27,71.43,79.21
21.94,21.94,2.12,72.63,81.61
21.62,21.62,2.11,73.35,79.10
22.00,22.00,2.77,73.32,81.77
21.01,21.01,3.91,72.68,78.49
23.47,23.47,3.10,72.15,81.38
23.81,23.81,3.36,72.05,80.12
20.77,20.77,1.71,71.72,81.79
18.51,18.51,5.52,69.44,80.53
16.08,16.08,6.76,70.95,82.14
15.39,15.39,5.10,71.86,83.26
10.62,10.62,11.99,72.16,84.69
8.42,8.42,11.09,73.44,85.67
9.84,9.84,6.11,72.70,84.53
10.99,10.99,4.95,72.32,85.17
7.63,7.63,3.18,72.21,83.59
6.98,6.98,1.62,71.21,84.73
7.91,7.91,1.62,72.66,81.98
9.57,9.57,1.62,73.65,83.93
8.84,8.84,1.62,74.09,83.62
8.10,8.10,1.62,71.10,83.14
8.79,8.79,1.62,75.31,85.23
11.79,11.79,1.62,69.18,84.49
8.75,8.75,8.73,75.88,86.55
7.49,7.49,25.75,73.61,85.50
3.95,3.95,32.16,74.74,87.68
5.05,5.05,31.68,70.60,82.19
10.73,10.73,25.42,73.12,85.01
13.10,13.10,17.77,74.39,83.96
6.86,6.86,28.36,73.80,84.08
2.57,2.57,27.22,71.04,81.88
1.39,1.39,19.20,72.06,83.56
0.71,0.71,3.65,78.71,83.17
0.51,0.51,1.62,76.74,79.09
2.45,2.45,1.62,71.99,81.39
6.74,6.74,1.87,72.04,80.01
8.34,8.34,2.80,68.13,78.27
7.10,7.10,2.72,63.15,80.67
8.06,8.06,1.83,60.01,78.51
9.92,9.92,1.62,61.40,78.10
10.96,10.96,1.62,63.52,78.11
10.23,10.23,1.62,66.75,76.44
12.21,12.21,1.62,66.80,76.01
11.34,11.34,1.62,59.19,75.95
6.29,6.29,3.10,59.61,76.21
2.47,2.47,8.78,63.40,74.81
2.49,2.49,11.78,63.19,75.56
7.66,7.66,10.68,62.46,77.94
6.37,6.37,5.96,64.18,78.16
8.81,8.81,6.77,62.90,80.72
14.03,14.03,2.59,60.91,81.00
16.71,16.71,1.93,58.42,80.37
14.21,14.21,2.42,60.07,78.66
14.84,14.84,2.73,59.26,78.58
18.70,18.70,4.01,57.00,77.50
15.11,15.11,6.65,64.51,77.12
13.11,13.11,10.34,60.84,76.43
12.20,12.20,13.16,57.69,76.60
15.76,15.76,16.13,57.62,77.79
16.90,16.90,18.14,53.95,77.22
17.57,17.57,19.30,56.35,76.15
18.24,18.24,20.55,56.79,75.46
19.19,19.19,20.78,53.80,76.61
20.97,20.97,21.70,60.20,75.56
21.91,21.91,22.62,56.89,74.50
23.57,23.57,22.02,54.70,77.31
22.97,22.97,22.77,53.22,74.93
23.78,23.78,24.95,53.23,73.64
24.10,24.10,25.84,54.30,75.99
25.54,25.54,27.75,55.72,76.63
26.25,26.25,27.80,53.31,72.89
25.49,25.49,27.03,55.28,78.22
26.56,26.56,22.96,51.33,76.46
25.88,25.88,20.29,55.65,75.34
25.77,25.77,21.08,55.88,76.91
28.00,28.00,22.88,54.16,76.38
29.59,29.59,22.22,56.76,76.26
28.77,28.77,21.92,55.28,76.51
28.94,28.94,25.77,54.44,73.95
26.36,26.36,24.50,50.99,75.70
22.07,22.07,19.61,46.95,76.39
16.19,16.19,11.01,51.13,75.26
10.00,10.00,5.16,52.36,77.30
12.14,12.14,3.42,49.63,77.23
10.79,10.79,3.43,51.80,78.56
13.04,13.04,6.33,49.65,77.51
17.11,17.11,15.75,50.71,80.18
23.49,23.49,14.83,50.40,78.93
20.01,20.01,10.39,51.23,81.08
21.54,21.54,11.17,51.42,77.12
21.94,21.94,13.77,54.91,77.38
22.44,22.44,11.54,53.22,79.46
22.94,22.94,11.83,48.96,77.44
24.21,24.21,13.86,45.49,76.49
27.79,27.79,13.21,50.66,76.20
24.69,24.69,13.42,52.90,76.31
27.21,27.21,15.51,52.14,76.28
26.48,26.48,17.32,51.43,76.08
27.54,27.54,17.73,49.21,75.09
25.74,25.74,18.84,51.07,76.19
25.23,25.23,19.88,50.42,74.13
25.27,25.27,21.20,52.81,74.80
24.74,24.74,23.18,52.78,76.07
28.36,28.36,25.34,53.02,74.26
25.60,25.60,25.91,54.21,73.14
21.48,21.48,26.01,49.97,74.68
21.49,21.49,25.89,48.15,73.78
23.61,23.61,23.18,57.52,73.83
20.57,20.57,19.29,60.11,73.62
15.82,15.82,11.73,59.08,72.33
16.04,16.04,12.40,57.51,73.69
23.80,23.80,12.41,54.75,79.43
24.18,24.18,12.23,52.52,78.29
18.74,18.74,8.04,50.89,78.04
18.27,18.27,5.22,48.87,78.17
19.42,19.42,10.38,53.14,78.49
16.93,16.93,12.37,47.08,76.22
9.49,9.49,8.08,50.85,78.84
9.27,9.27,1.88,51.27,81.00
9.17,9.17,1.93,50.71,80.14
11.21,11.21,4.60,50.93,82.02
14.69,14.69,7.33,48.65,83.42
22.25,22.25,7.93,43.01,85.82
22.60,22.60,10.50,43.28,83.23
20.00,20.00,11.03,37.40,81.89
21.95,21.95,10.45,44.12,80.35
22.71,22.71,7.17,47.40,82.55
26.45,26.45,12.86,42.59,80.58
24.37,24.37,16.14,42.29,79.91
23.40,23.40,13.70,39.81,81.18
23.33,23.33,8.98,41.41,80.37
26.11,26.11,9.08,45.00,78.32
24.36,24.36,10.58,39.69,80.74
23.03,23.03,11.14,42.34,79.64
24.67,24.67,12.01,43.18,77.19
25.50,25.50,12.04,38.65,77.32
23.80,23.80,13.84,41.72,78.90
24.67,24.67,15.12,39.83,77.43
26.24,26.24,17.26,40.33,76.49
27.72,27.72,15.05,36.63,79.07
26.68,26.68,14.91,37.63,76.21
24.20,24.20,12.60,37.47,75.42
22.53,22.53,9.55,31.11,78.43
21.88,21.88,11.60,34.81,76.89
24.27,24.27,8.50,28.67,75.90
17.02,17.02,4.43,37.38,82.78
10.50,10.50,6.42,39.37,80.21
14.84,14.84,8.90,34.79,82.84
18.70,18.70,9.71,43.32,83.25
21.76,21.76,11.59,42.29,83.68
22.39,22.39,10.42,38.68,81.44
20.61,20.61,11.94,38.94,85.66
17.74,17.74,12.64,38.91,78.36
19.42,19.42,12.88,39.83,82.34
21.92,21.92,13.55,43.87,77.66
24.12,24.12,11.57,38.72,82.21
23.94,23.94,7.62,41.88,77.77
24.23,24.23,7.04,38.70,79.50
26.08,26.08,16.70,37.55,80.71
28.01,28.01,21.14,45.95,78.33
31.76,31.76,18.90,35.82,80.64
33.75,33.75,14.39,43.14,76.71
34.93,34.93,15.16,42.87,79.56
34.79,34.79,15.99,35.13,77.11
33.93,33.93,14.39,39.96,78.98
32.12,32.12,12.00,43.12,76.63
30.02,30.02,10.25,34.61,79.23
28.36,28.36,9.32,36.40,78.11
31.73,31.73,6.68,37.21,81.04
36.07,36.07,4.99,40.55,77.70
39.06,39.06,4.27,43.47,82.05
39.03,39.03,7.88,39.94,79.74
48.27,48.27,18.13,36.45,78.94
58.18,58.18,24.69,35.88,76.56
65.05,65.05,35.82,39.62,80.85
77.01,77.01,52.66,64.05,78.73
83.04,83.04,53.74,69.04,78.76
81.55,81.55,53.70,70.26,75.97
79.99,79.99,52.60,74.99,74.32
83.80,83.80,49.91,77.36,76.80
79.84,79.84,45.95,79.91,79.21
84.48,84.48,39.29,80.77,77.99
85.29,85.29,34.50,80.74,80.71
82.01,82.01,35.86,79.83,79.36
78.41,78.41,35.60,80.47,79.16
71.41,71.41,31.19,81.84,79.99
68.76,68.76,32.16,82.24,78.71
68.65,68.65,37.38,84.29,80.39
68.97,68.97,36.67,83.44,78.46
69.21,69.21,35.81,83.40,79.32
72.53,72.53,28.47,83.11,78.61
73.17,73.17,28.52,81.74,79.43
76.87,76.87,31.25,80.24,76.09
75.95,75.95,37.98,72.92,76.47
78.77,78.77,38.61,61.85,77.74
83.12,83.12,40.17,66.59,80.44
86.86,86.86,39.94,64.11,79.24
85.63,85.63,36.67,57.86,79.94
84.99,84.99,34.93,57.44,77.80
83.53,83.53,30.70,56.40,78.66
83.92,83.92,28.52,60.30,75.90
82.84,82.84,27.09,57.43,76.78
83.54,83.54,28.56,58.51,77.63
83.97,83.97,27.67,53.47,76.71
80.71,80.71,23.20,57.82,75.10
71.48,71.48,22.21,51.84,75.39
75.73,75.73,21.94,54.66,75.04
78.38,78.38,22.07,53.18,75.92
73.01,73.01,26.27,51.07,74.19
70.58,70.58,27.40,55.17,72.90
70.83,70.83,25.97,51.54,72.03
77.35,77.35,29.89,58.08,78.61
76.91,76.91,32.79,59.74,80.31
74.61,74.61,33.99,60.99,77.93
74.83,74.83,31.63,54.74,74.67
75.97,75.97,31.84,58.78,76.14
74.59,74.59,33.39,58.46,74.50
73.35,73.35,34.42,58.58,75.85
74.56,74.56,32.22,56.67,76.79
75.89,75.89,31.64,60.48,78.55
78.40,78.40,25.40,61.53,73.34
77.65,77.65,23.56,60.40,75.60
75.52,75.52,23.60,61.81,75.49
77.88,77.88,22.12,62.88,75.95
74.39,74.39,23.22,63.11,77.27
77.86,77.86,22.97,65.17,79.00
76.14,76.14,21.14,65.66,78.56
75.86,75.86,21.39,63.21,78.19
76.73,76.73,25.50,61.02,75.43
77.21,77.21,25.84,62.93,78.52
76.72,76.72,26.46,63.64,78.12
76.54,76.54,27.56,65.26,79.09
79.68,79.68,30.43,65.63,80.38
81.06,81.06,26.71,65.35,81.99
81.85,81.85,26.74,61.76,79.87
80.96,80.96,24.72,60.66,80.37
79.49,79.49,22.58,61.91,78.43
80.84,80.84,22.54,62.49,77.77
72.57,72.57,18.80,61.17,78.45
61.33,61.33,13.00,58.94,77.73
55.90,55.90,5.05,51.88,76.24
51.83,51.83,4.41,43.01,76.94
49.17,49.17,7.42,35.62,76.72
49.28,49.28,10.17,34.07,76.72
48.42,48.42,10.21,38.95,75.91
43.29,43.29,10.35,38.75,74.72
43.47,43.47,13.80,33.84,74.85
46.08,46.08,14.30,31.32,74.93
47.38,47.38,13.17,37.62,74.70
46.52,46.52,8.70,36.34,75.21
45.10,45.10,8.98,31.70,75.60
41.66,41.66,13.11,32.47,74.10
46.41,46.41,14.96,44.10,76.85
45.14,45.14,9.43,39.42,74.77
44.83,44.83,8.78,41.51,76.53
42.93,42.93,9.53,36.49,76.27
41.62,41.62,8.01,41.19,75.23
41.57,41.57,5.70,40.21,74.87
41.23,41.23,5.67,43.50,76.22
42.14,42.14,6.44,44.40,75.29
39.80,39.80,6.62,38.49,75.59
40.29,40.29,4.68,44.41,74.49
38.29,38.29,6.13,45.64,74.72
40.91,40.91,5.67,41.58,74.27
39.73,39.73,5.23,40.20,74.90
38.87,38.87,2.61,44.71,73.36
35.42,35.42,2.56,47.17,74.77
23.06,23.06,4.80,45.67,76.10
30.60,30.60,7.70,47.35,77.20
38.64,38.64,10.62,42.62,75.42
42.08,42.08,8.91,44.18,77.56
42.73,42.73,6.13,43.94,75.10
41.44,41.44,7.19,41.25,77.23
40.70,40.70,6.57,40.27,74.85
43.49,43.49,6.51,41.41,77.23
50.54,50.54,11.68,40.82,75.77
57.18,57.18,14.30,44.42,77.12
62.26,62.26,25.27,45.40,76.05
77.74,77.74,39.97,42.37,75.32
80.81,80.81,44.37,48.14,75.23
85.18,85.18,45.77,45.23,76.17
83.07,83.07,42.83,52.82,74.72
83.04,83.04,42.82,48.36,73.26
81.50,81.50,32.31,52.85,74.76
70.85,70.85,22.65,49.17,74.21
71.66,71.66,20.38,47.87,74.38
78.31,78.31,24.89,46.57,75.91
84.08,84.08,26.41,49.06,74.49
81.42,81.42,29.82,45.28,74.02
83.11,83.11,30.30,45.78,73.60
81.94,81.94,33.17,51.65,74.85
80.55,80.55,34.76,49.03,74.44
77.03,77.03,33.09,47.73,76.75
77.33,77.33,32.24,52.06,75.37
72.71,72.71,26.54,54.98,78.63
65.42,65.42,29.75,51.82,72.90
70.20,70.20,29.71,51.87,76.62
78.43,78.43,28.65,49.36,77.65
80.99,80.99,34.93,55.72,74.44
80.87,80.87,35.62,54.48,73.59
79.82,79.82,36.05,52.82,74.00
83.44,83.44,36.83,51.35,72.98
80.67,80.67,38.98,47.50,72.19
80.56,80.56,39.03,47.38,72.79
80.96,80.96,47.32,46.96,77.11
82.53,82.53,46.76,44.46,76.42
83.81,83.81,43.14,46.90,77.36
82.50,82.50,35.81,47.87,71.56
76.15,76.15,37.42,47.95,76.99
78.30,78.30,33.20,54.96,76.80
80.28,80.28,28.07,50.55,76.79
78.29,78.29,24.90,47.73,75.75
77.39,77.39,24.43,48.09,74.01
72.41,72.41,26.31,48.17,73.35
67.23,67.23,34.82,46.00,76.37
63.94,63.94,41.53,45.82,77.71
70.40,70.40,34.38,47.35,79.09
72.48,72.48,28.08,49.54,78.48
68.22,68.22,21.62,47.94,79.75
64.13,64.13,16.61,48.47,79.50
64.98,64.98,10.58,50.46,79.22
64.55,64.55,11.24,46.69,77.45
66.26,66.26,20.51,39.72,76.22
72.51,72.51,28.32,42.35,76.07
78.22,78.22,34.68,48.12,77.37
83.96,83.96,34.32,48.87,79.36
84.82,84.82,31.64,48.56,76.86
78.39,78.39,30.14,45.77,80.93
79.86,79.86,33.45,50.40,78.76
85.04,85.04,31.72,58.11,76.33
85.94,85.94,30.08,55.03,78.07
85.09,85.09,29.39,51.41,76.04
81.58,81.58,25.30,59.72,76.72
76.71,76.71,18.50,58.88,79.06
68.60,68.60,15.26,52.12,77.51
71.27,71.27,22.73,56.41,74.47
71.59,71.59,24.21,59.21,76.28
73.19,73.19,25.52,54.22,76.52
73.07,73.07,26.95,58.72,74.16
72.77,72.77,29.75,59.31,75.85
74.64,74.64,30.18,50.18,75.96
75.84,75.84,32.88,56.91,72.53
77.17,77.17,30.40,58.29,78.76
79.20,79.20,29.63,60.36,79.48
79.96,79.96,28.75,62.14,78.33
80.81,80.81,23.04,60.56,76.97
77.22,77.22,22.45,58.09,77.38
76.78,76.78,22.93,56.17,77.39
76.09,76.09,24.42,56.08,74.92
76.24,76.24,28.77,55.54,75.22
76.73,76.73,33.18,51.88,75.35
76.62,76.62,33.79,47.03,71.87
79.54,79.54,31.73,50.03,71.39
76.54,76.54,27.26,47.11,75.19
75.26,75.26,25.71,43.37,72.98
77.18,77.18,24.42,48.51,68.57
79.97,79.97,28.72,46.04,71.88
80.60,80.60,32.83,39.81,74.08
77.42,77.42,32.16,32.73,73.22
78.41,78.41,34.20,48.77,78.89
75.54,75.54,32.96,56.45,82.41
74.50,74.50,34.05,56.48,79.36
77.54,77.54,31.54,49.08,73.31
76.55,76.55,28.13,37.36,74.92
75.30,75.30,24.05,47.38,75.89
75.18,75.18,21.63,47.91,70.52
78.08,78.08,20.74,40.43,72.91
77.91,77.91,23.41,40.04,70.99
78.22,78.22,26.71,44.38,68.41
76.01,76.01,26.34,45.86,73.26
76.34,76.34,27.57,43.68,72.60
77.33,77.33,26.65,47.87,71.20
77.38,77.38,27.01,48.34,75.86
77.60,77.60,28.76,46.80,74.91
77.58,77.58,31.37,43.32,68.89
78.45,78.45,31.12,36.75,71.42
77.86,77.86,29.76,35.25,73.64
75.77,75.77,29.31,38.21,71.28
78.88,78.88,31.10,34.71,70.34
83.28,83.28,31.63,44.08,76.61
87.81,87.81,28.99,42.27,74.44
88.43,88.43,26.63,41.06,74.69
84.71,84.71,24.40,39.49,73.32
84.05,84.05,25.36,39.29,71.23
82.35,82.35,25.55,39.27,68.89
83.27,83.27,25.70,42.01,70.79
85.39,85.39,27.75,39.11,70.30
81.88,81.88,31.67,30.85,70.00
72.42,72.42,28.06,37.46,69.21
63.69,63.69,19.84,34.89,68.05
58.51,58.51,9.61,34.31,66.82
57.75,57.75,10.97,39.56,65.36
59.21,59.21,12.18,32.65,67.80
51.36,51.36,13.64,39.62,64.43
54.89,54.89,9.06,36.75,64.57
60.15,60.15,11.39,36.66,63.73
73.17,73.17,16.74,41.70,64.27
84.53,84.53,23.13,36.54,68.61
83.43,83.43,22.03,39.10,66.65
79.44,79.44,21.30,39.54,68.33
80.81,80.81,19.36,44.60,68.84
75.76,75.76,22.27,42.86,74.17
76.30,76.30,25.26,40.54,72.95
76.63,76.63,25.44,36.42,71.05
73.03,73.03,25.60,31.13,73.02
72.56,72.56,21.91,30.73,75.57
65.85,65.85,16.24,26.46,72.95
67.27,67.27,7.73,13.86,72.97
55.09,55.09,10.92,23.57,74.82
54.68,54.68,14.42,24.81,72.81
50.18,50.18,18.74,26.48,72.05
52.44,52.44,16.12,30.89,74.01
57.87,57.87,26.94,34.57,72.81
51.97,51.97,32.70,36.25,61.48
45.55,45.55,28.73,39.13,51.34
47.04,47.04,31.13,39.15,47.52
46.62,46.62,36.54,39.91,47.75
49.16,49.16,37.09,45.59,45.16
50.00,50.00,36.44,47.82,43.50
47.49,47.49,39.66,45.22,39.89
45.15,45.15,49.43,40.02,42.74
40.76,40.76,48.88,30.83,45.62
45.32,45.32,42.00,31.30,48.50
49.82,49.82,40.91,32.64,49.14
63.74,63.74,45.42,41.98,56.79
79.22,79.22,53.65,52.63,71.72
82.80,82.80,53.71,62.68,86.75
80.87,80.87,53.17,74.63,81.87
82.76,82.76,50.84,67.15,74.21
79.46,79.46,47.98,61.41,66.57
78.58,78.58,45.10,56.67,63.61
67.35,67.35,38.12,48.22,61.24
65.17,65.17,36.85,47.45,61.77
75.13,75.13,49.22,56.90,69.39
79.39,79.39,53.39,64.00,77.51
80.18,80.18,53.84,64.21,71.07
82.92,82.92,49.19,65.60,71.56
80.48,80.48,45.83,66.80,71.26
80.67,80.67,42.91,67.06,68.33
78.18,78.18,39.47,67.58,67.50
77.76,77.76,38.86,67.90,66.53
75.23,75.23,43.56,64.50,67.51
72.16,72.16,45.83,60.51,66.57
71.24,71.24,40.46,64.59,68.90
77.53,77.53,43.14,57.03,58.50
81.39,81.39,42.23,52.70,55.88
80.92,80.92,43.32,50.66,63.03
82.26,82.26,41.59,46.81,58.84
82.67,82.67,42.53,48.66,60.98
79.58,79.58,38.44,47.73,58.03
69.24,69.24,36.74,46.18,58.78
71.34,71.34,42.33,42.55,65.46
77.34,77.34,46.53,47.91,65.60
81.86,81.86,46.08,50.62,73.58
78.55,78.55,42.99,39.01,69.27
75.95,75.95,43.37,41.49,73.96
76.42,76.42,44.08,41.38,69.38
80.70,80.70,37.04,42.28,59.71
80.71,80.71,33.34,42.66,63.98
76.61,76.61,37.88,40.95,63.23
65.32,65.32,33.54,32.22,58.05
56.94,56.94,29.75,31.93,49.47
73.11,73.11,37.39,36.93,52.93
76.36,76.36,37.65,41.16,57.30
71.41,71.41,41.66,42.22,58.46
66.91,66.91,41.13,43.19,56.47
70.63,70.63,28.05,43.79,63.71
63.64,63.64,36.69,43.44,64.58
61.88,61.88,40.62,34.18,66.53
75.84,75.84,57.68,41.39,77.49
80.16,80.16,56.90,48.80,85.29
78.31,78.31,56.76,36.87,76.08
77.64,77.64,51.62,54.84,72.91
80.20,80.20,50.43,57.05,76.78
77.50,77.50,48.94,54.90,76.68
83.93,83.93,48.14,46.96,73.20
85.44,85.44,44.98,45.18,73.29
81.22,81.22,43.94,50.58,71.46
77.81,77.81,41.25,49.58,70.46
71.50,71.50,42.93,46.92,74.62
65.95,65.95,43.75,42.82,70.43
65.05,65.05,41.64,44.63,75.43
65.09,65.09,42.41,47.17,79.92
69.69,69.69,43.07,55.03,76.62
69.46,69.46,56.10,60.03,76.67
68.44,68.44,64.28,61.34,75.72
70.02,70.02,70.20,68.67,72.26
70.03,70.03,93.13,78.33,72.39
72.36,72.36,89.06,81.37,75.58
75.60,75.60,85.54,81.75,79.14
80.39,80.39,85.25,82.79,78.19
81.71,81.71,80.36,80.98,78.37
82.40,82.40,79.81,85.84,76.08
83.27,83.27,71.02,88.26,79.39
81.28,81.28,76.31,87.13,77.75
81.06,81.06,76.54,86.43,79.49
80.09,80.09,72.87,85.94,78.28
80.26,80.26,72.30,86.59,78.68
73.97,73.97,67.46,85.71,77.85
69.68,69.68,66.15,85.94,75.15
68.76,68.76,66.29,86.03,77.39
69.07,69.07,65.90,86.74,74.07
65.81,65.81,56.23,86.50,74.37
65.11,65.11,58.53,86.22,73.05
62.49,62.49,71.25,84.48,75.20
66.26,66.26,82.78,81.38,74.89
65.31,65.31,91.87,75.51,73.13
66.01,66.01,86.64,76.50,71.79
68.17,68.17,89.30,80.16,75.54
66.33,66.33,84.70,82.95,72.95
68.13,68.13,85.93,83.33,75.07
65.80,65.80,75.44,84.42,74.02
68.26,68.26,80.26,83.31,79.42
67.42,67.42,78.75,85.43,75.15
69.01,69.01,76.32,84.69,74.52
68.11,68.11,73.51,84.38,76.13
70.94,70.94,73.41,85.54,77.67
69.92,69.92,69.70,85.80,75.56
70.64,70.64,66.14,85.80,78.08
73.64,73.64,64.38,86.47,75.95
71.61,71.61,59.99,86.61,79.04
70.82,70.82,54.68,86.21,75.03
72.52,72.52,63.75,85.98,75.87
74.37,74.37,72.20,85.48,75.34
74.10,74.10,85.01,82.80,77.51
69.24,69.24,86.99,79.50,80.38
66.52,66.52,83.44,81.28,81.43
69.29,69.29,77.04,82.60,81.11
69.89,69.89,73.49,82.11,83.79
72.11,72.11,67.69,83.19,83.76
70.91,70.91,63.56,83.07,85.38
71.07,71.07,59.58,83.46,84.34
64.15,64.15,55.71,83.16,83.32
56.60,56.60,68.37,81.80,82.12
50.48,50.48,76.52,78.89,83.92
52.28,52.28,89.05,77.94,81.67
51.27,51.27,89.69,80.24,80.80
47.32,47.32,86.77,81.30,79.34
41.13,41.13,87.95,82.37,79.70
40.11,40.11,84.62,81.82,80.20
40.34,40.34,84.33,82.18,80.04
39.49,39.49,71.66,83.09,79.77
42.06,42.06,72.86,83.70,78.30
44.24,44.24,76.23,83.10,77.72
42.85,42.85,71.61,81.25,78.19
40.85,40.85,74.05,80.86,76.63
39.92,39.92,68.99,81.62,77.63
36.54,36.54,64.46,82.76,77.79
34.48,34.48,56.50,82.87,79.32
33.53,33.53,60.08,82.37,77.23
33.33,33.33,60.93,82.56,76.44
31.71,31.71,60.69,82.49,77.58
28.34,28.34,63.03,82.04,76.12
23.96,23.96,72.57,82.29,76.23
22.69,22.69,81.73,81.84,74.32
20.57,20.57,77.63,82.15,74.54
16.88,16.88,72.93,82.40,76.52
19.91,19.91,67.76,82.40,77.46
23.01,23.01,61.45,81.78,78.25
27.35,27.35,58.38,81.36,79.89
28.17,28.17,60.46,82.30,79.03
32.50,32.50,71.46,81.29,82.90
32.99,32.99,71.84,80.53,81.59
31.92,31.92,66.05,80.57,82.87
28.99,28.99,59.16,80.66,80.07
25.96,25.96,50.97,80.77,82.93
23.64,23.64,43.35,81.02,81.66
22.76,22.76,35.83,80.38,82.00
25.09,25.09,32.37,80.87,82.97
30.37,30.37,38.17,81.02,81.49
42.14,42.14,51.40,81.01,82.53
53.57,53.57,66.31,80.97,80.51
61.11,61.11,75.77,80.70,79.34
74.17,74.17,81.24,79.68,82.03
85.56,85.56,70.79,78.37,80.28
82.26,82.26,68.64,78.34,81.26
78.58,78.58,69.97,79.27,80.70
79.05,79.05,70.30,76.25,80.42
69.52,69.52,79.40,69.56,79.14
64.53,64.53,92.93,69.58,76.94
64.41,64.41,91.13,67.03,76.95
74.30,74.30,92.12,64.96,77.79
80.70,80.70,87.47,67.52,79.08
83.42,83.42,82.29,69.38,74.33
84.53,84.53,84.22,75.00,75.12
77.51,77.51,83.56,81.49,77.80
75.85,75.85,80.60,83.66,76.09
74.16,74.16,73.81,81.81,76.26
71.89,71.89,76.63,78.12,78.95
72.81,72.81,75.51,77.26,78.48
69.13,69.13,73.55,77.95,75.95
69.62,69.62,70.47,78.26,78.08
79.44,79.44,69.31,76.01,77.53
82.49,82.49,61.09,74.79,76.53
79.67,79.67,52.26,77.14,76.14
70.60,70.60,58.09,76.95,77.36
66.64,66.64,67.78,75.16,77.67
70.73,70.73,79.93,73.23,82.15
70.80,70.80,83.15,71.78,83.98
68.94,68.94,81.40,70.71,88.42
68.78,68.78,78.55,75.12,85.11
72.21,72.21,75.27,77.24,87.75
71.07,71.07,71.21,78.25,85.97
71.80,71.80,66.84,77.99,85.66
70.11,70.11,62.43,78.27,84.71
71.01,71.01,58.55,78.69,83.43
70.27,70.27,53.84,79.09,84.47
70.82,70.82,48.79,77.88,84.60
69.65,69.65,45.97,77.47,85.30
74.45,74.45,43.33,77.88,87.98
80.36,80.36,40.78,76.68,83.26
77.51,77.51,37.63,77.05,87.43
74.70,74.70,39.76,76.64,83.74
67.43,67.43,36.91,76.42,87.31
70.46,70.46,44.73,75.38,80.96
70.66,70.66,57.74,75.65,86.95
72.54,72.54,65.58,75.55,81.55
74.07,74.07,63.01,78.63,82.48
75.67,75.67,57.71,81.16,81.63
72.92,72.92,51.17,82.57,87.34
71.41,71.41,46.99,81.53,87.58
74.01,74.01,50.66,76.61,86.06
76.48,76.48,50.30,77.73,83.95
68.03,68.03,48.94,74.18,84.72
65.51,65.51,48.76,68.63,80.58
64.51,64.51,57.36,68.60,77.33
55.61,55.61,68.26,65.39,78.83
59.43,59.43,76.50,64.97,77.34
64.47,64.47,83.79,64.97,75.85
70.18,70.18,78.11,63.52,77.16
74.27,74.27,76.99,63.66,77.70
75.75,75.75,71.27,62.17,77.63
75.38,75.38,71.06,61.09,75.75
66.89,66.89,77.63,59.22,78.04
66.33,66.33,93.97,64.89,73.48
64.55,64.55,94.22,63.13,73.85
70.36,70.36,86.75,59.56,82.85
70.45,70.45,86.76,64.48,78.17
72.50,72.50,80.36,70.98,81.51
72.74,72.74,83.95,68.75,85.79
74.72,74.72,82.86,66.27,81.13
74.60,74.60,78.17,68.48,83.31
74.79,74.79,77.92,64.09,79.15
73.91,73.91,74.17,70.28,79.29
71.77,71.77,75.99,72.39,82.56
64.65,64.65,74.00,62.15,78.96
68.25,68.25,66.69,65.63,79.50
70.59,70.59,64.20,65.46,81.41
69.53,69.53,67.24,69.08,83.87
72.14,72.14,59.12,66.67,81.85
65.68,65.68,57.92,59.73,79.69
61.20,61.20,63.94,55.84,76.69
60.83,60.83,77.75,52.59,75.59
68.34,68.34,93.98,66.44,75.26
67.83,67.83,93.78,68.86,75.18
71.58,71.58,85.60,80.09,77.13
72.01,72.01,84.83,83.71,82.84
68.17,68.17,83.59,84.62,85.78
67.74,67.74,81.61,84.36,80.40
70.76,70.76,76.52,87.80,81.76
71.32,71.32,77.26,88.85,81.29
67.53,67.53,77.70,85.45,76.95
77.39,77.39,69.65,86.82,77.39
73.15,73.15,72.21,85.65,83.35
69.64,69.64,71.44,86.82,79.87
72.05,72.05,67.67,86.74,77.86
77.17,77.17,64.45,84.29,80.82
74.95,74.95,62.34,86.14,78.55
76.15,76.15,58.52,87.30,79.64
75.13,75.13,65.87,85.19,80.25
75.34,75.34,75.83,86.44,79.08
76.36,76.36,79.38,85.51,76.71
73.83,73.83,90.91,77.56,77.61
64.29,64.29,87.76,82.98,78.95
66.03,66.03,81.81,82.67,81.10
63.68,63.68,78.25,84.69,83.05
61.13,61.13,74.78,86.21,82.38
55.90,55.90,71.27,83.85,76.46
50.87,50.87,64.41,84.93,80.16
44.29,44.29,59.69,84.75,81.27
41.13,41.13,61.09,84.76,79.64
38.17,38.17,72.66,82.12,80.22
36.34,36.34,82.97,73.58,79.95
40.82,40.82,94.41,73.50,76.83
39.25,39.25,93.20,74.55,75.21
39.47,39.47,84.91,80.71,77.29
38.93,38.93,89.08,82.64,78.04
42.97,42.97,77.94,82.80,76.79
39.43,39.43,83.12,83.43,76.08
40.71,40.71,80.89,82.07,75.13
47.89,47.89,77.29,82.11,73.05
44.35,44.35,74.20,83.75,77.15
44.34,44.34,68.55,84.04,74.59
41.72,41.72,72.92,81.44,72.78
40.82,40.82,70.23,82.25,72.34
40.42,40.42,61.30,83.53,74.68
39.68,39.68,64.02,82.70,76.76
43.95,43.95,64.62,82.63,74.41
49.28,49.28,55.95,80.13,76.91
50.59,50.59,64.90,80.31,78.60
50.21,50.21,68.03,78.32,78.63
63.59,63.59,84.62,76.16,79.24
65.55,65.55,83.93,78.38,76.74
67.82,67.82,78.43,79.95,79.10
67.12,67.12,72.62,79.67,80.32
66.04,66.04,64.40,78.52,79.95
67.77,67.77,60.75,78.95,79.99
62.57,62.57,60.57,81.07,81.99
58.75,58.75,72.97,79.26,82.53
54.39,54.39,70.95,78.33,81.35
51.37,51.37,64.27,78.30,82.58
47.82,47.82,58.47,79.43,79.16
41.84,41.84,56.41,79.16,78.44
43.15,43.15,50.30,77.84,79.98
39.58,39.58,50.45,78.23,76.78
41.64,41.64,48.90,79.03,76.76
43.93,43.93,45.55,77.85,77.56
49.64,49.64,49.88,76.95,75.30
59.09,59.09,62.72,76.45,74.83
69.93,69.93,75.30,75.76,72.15
75.34,75.34,84.11,72.66,76.38
75.53,75.53,79.68,70.41,78.14
78.42,78.42,73.75,72.93,71.01
76.35,76.35,72.90,73.28,70.81
74.76,74.76,78.47,67.83,71.81
70.68,70.68,82.70,65.60,71.02
66.71,66.71,93.22,63.09,71.40
65.37,65.37,93.21,57.01,69.46
70.22,70.22,82.51,61.51,76.29
76.66,76.66,85.29,65.86,74.65
80.82,80.82,88.18,60.46,75.48
78.18,78.18,75.05,57.77,78.43
80.37,80.37,81.73,64.51,77.44
79.25,79.25,82.38,71.26,79.70
79.28,79.28,77.17,74.66,80.75
71.66,71.66,77.27,77.15,78.15
67.89,67.89,74.08,74.37,80.12
67.86,67.86,72.80,72.13,79.00
75.55,75.55,67.57,76.32,77.81
77.71,77.71,67.44,73.73,79.68
76.39,76.39,66.06,72.44,76.23
79.53,79.53,64.68,72.27,77.73
79.81,79.81,66.59,72.82,75.88
71.13,71.13,70.92,70.85,77.21
68.22,68.22,79.79,69.24,74.94
68.35,68.35,84.99,72.55,79.83
71.72,71.72,81.01,72.69,83.82
70.42,70.42,78.56,73.34,82.67
66.82,66.82,76.43,70.67,82.20
59.35,59.35,74.13,70.91,83.87
56.17,56.17,71.70,72.72,85.35
58.64,58.64,65.49,72.72,81.69
58.29,58.29,63.81,71.87,84.73
59.90,59.90,61.79,71.72,82.36
62.82,62.82,59.81,72.89,81.69
63.88,63.88,54.44,73.53,81.34
63.12,63.12,53.67,70.42,82.50
66.03,66.03,49.07,69.30,83.77
73.20,73.20,47.88,69.76,81.91
63.16,63.16,45.38,71.79,82.01
58.33,58.33,50.05,72.38,80.77
63.41,63.41,47.06,70.75,82.14
64.68,64.68,49.63,71.35,83.03
63.94,63.94,68.39,70.86,81.64
68.56,68.56,69.34,68.19,81.99
70.55,70.55,64.66,72.61,80.69
71.03,71.03,59.13,70.00,79.55
72.51,72.51,54.64,75.42,79.99
72.20,72.20,52.40,73.88,79.13
69.98,69.98,52.59,76.24,75.85
70.53,70.53,50.99,76.73,81.12
72.43,72.43,52.41,75.54,80.37
71.91,71.91,58.16,75.30,79.08
68.63,68.63,66.07,77.22,77.47
68.39,68.39,81.23,77.85,79.14
65.29,65.29,79.24,78.19,79.68
66.70,66.70,73.78,76.61,76.76
64.51,64.51,68.04,77.00,81.05
65.70,65.70,69.73,77.45,77.95
63.91,63.91,76.13,73.99,81.55
66.15,66.15,83.53,62.08,77.56
62.99,62.99,94.15,69.88,76.68
68.67,68.67,88.84,78.59,75.57
68.62,68.62,90.11,84.74,76.58
72.60,72.60,84.27,84.94,79.00
74.84,74.84,79.94,88.05,79.97
72.26,72.26,83.37,87.89,77.69
75.19,75.19,72.35,86.08,79.54
72.69,72.69,77.35,84.35,77.25
74.62,74.62,72.66,85.45,77.83
71.80,71.80,72.22,88.92,74.82
71.92,71.92,70.73,89.63,75.81
70.07,70.07,69.23,89.48,74.34
67.46,67.46,63.23,88.96,75.12
66.80,66.80,62.13,88.74,76.31
70.04,70.04,65.08,88.59,75.69
72.19,72.19,51.62,88.50,74.68
70.70,70.70,59.17,87.90,75.31
70.72,70.72,76.68,85.82,71.87
67.97,67.97,87.45,80.89,69.32
63.26,63.26,90.53,81.68,69.83
64.42,64.42,87.44,81.68,72.73
63.84,63.84,85.68,81.49,71.93
69.91,69.91,84.90,82.35,75.58
72.79,72.79,84.13,81.81,73.28
71.29,71.29,62.05,84.54,72.03
69.65,69.65,78.24,86.45,71.82
67.99,67.99,79.83,86.71,69.44
69.43,69.43,76.69,86.39,73.17
70.32,70.32,68.38,86.41,74.49
68.05,68.05,68.70,86.91,75.55
65.46,65.46,66.24,87.54,73.84
67.09,67.09,63.40,86.83,77.52
68.97,68.97,60.74,87.13,75.94
72.45,72.45,53.84,87.38,74.96
73.13,73.13,52.51,87.11,76.08
70.33,70.33,61.20,87.04,74.52
68.24,68.24,69.28,86.52,74.86
74.70,74.70,82.72,84.77,79.21
70.76,70.76,82.47,84.95,78.73
69.70,69.70,85.50,84.69,78.27
75.42,75.42,82.56,84.39,82.31
81.88,81.88,75.99,83.14,82.69
81.16,81.16,71.88,83.68,84.32
78.86,78.86,69.05,84.48,84.13
75.40,75.40,64.05,84.82,81.68
72.04,72.04,63.19,84.71,81.19
66.77,66.77,69.47,82.97,80.29
62.44,62.44,77.18,76.92,80.64
60.36,60.36,92.20,78.73,76.38
64.34,64.34,92.25,80.94,77.87
58.45,58.45,83.20,77.12,78.71
47.02,47.02,86.95,80.55,78.91
48.27,48.27,81.02,81.96,79.93
46.65,46.65,80.90,83.37,79.78
50.33,50.33,75.03,84.17,78.79
57.50,57.50,72.60,84.59,81.55
62.55,62.55,76.28,84.37,76.34
69.13,69.13,73.39,83.07,79.93
70.68,70.68,68.78,82.29,76.08
70.57,70.57,66.39,82.41,78.37
68.94,68.94,64.86,83.57,75.15
69.21,69.21,61.58,83.79,77.11
70.11,70.11,63.42,84.14,79.00
67.54,67.54,60.38,84.33,79.68
63.47,63.47,60.59,83.67,77.98
63.42,63.42,65.64,83.55,77.56
60.52,60.52,78.22,83.03,77.45
58.70,58.70,74.27,82.63,76.16
53.57,53.57,69.97,83.79,77.94
48.96,48.96,64.08,83.64,78.04
47.25,47.25,59.04,83.94,78.51
46.57,46.57,57.32,82.92,78.49
47.94,47.94,52.35,83.08,78.35
44.85,44.85,55.12,83.24,78.50
50.13,50.13,73.88,82.42,82.10
44.41,44.41,71.95,82.55,80.99
43.62,43.62,62.88,81.54,82.74
40.10,40.10,56.23,82.00,81.30
35.56,35.56,47.94,79.83,83.21
33.42,33.42,40.53,81.09,81.81
32.34,32.34,36.64,80.15,82.56
35.08,35.08,32.76,80.52,82.28
37.09,37.09,35.58,80.73,82.56
47.92,47.92,40.87,79.89,80.48
60.39,60.39,51.80,80.07,81.19
68.75,68.75,63.30,79.68,78.84
77.06,77.06,71.92,79.79,75.55
78.56,78.56,79.20,80.73,77.85
75.87,75.87,75.42,80.61,75.47
75.67,75.67,75.99,78.89,81.87
73.99,73.99,71.18,76.73,81.97
66.58,66.58,88.71,76.58,80.03
65.44,65.44,90.55,76.00,75.39
64.91,64.91,89.92,74.19,76.42
71.11,71.11,89.03,77.70,78.05
76.55,76.55,87.26,74.64,80.93
72.65,72.65,84.28,77.27,78.84
73.44,73.44,82.46,77.71,74.47
75.41,75.41,83.77,73.61,75.15
76.87,76.87,80.78,68.97,81.86
75.86,75.86,77.18,69.50,76.18
74.73,74.73,75.72,72.38,81.91
72.38,72.38,72.94,73.46,76.48
70.49,70.49,68.91,75.18,80.56
75.97,75.97,69.81,75.66,78.06
80.51,80.51,63.18,76.92,76.48
76.81,76.81,51.49,75.75,75.99
77.39,77.39,55.29,74.39,76.82
78.70,78.70,65.76,74.06,75.64
71.41,71.41,72.14,72.38,78.01
66.69,66.69,85.62,75.26,80.20
67.54,67.54,89.39,74.76,82.18
69.96,69.96,85.32,70.88,81.75
71.19,71.19,80.25,71.45,81.36
71.98,71.98,78.62,72.73,83.20
69.14,69.14,73.02,74.62,81.32
66.73,66.73,70.85,75.00,81.09
71.20,71.20,64.84,72.52,81.42
71.01,71.01,60.33,72.46,82.04
69.08,69.08,56.51,74.17,80.22
70.54,70.54,54.98,67.92,84.49
68.58,68.58,49.99,63.27,81.72
66.65,66.65,44.74,69.69,84.48
65.27,65.27,47.80,71.54,82.49
64.75,64.75,44.20,74.27,84.12
64.58,64.58,49.67,72.90,84.95
63.29,63.29,47.28,75.83,87.04
63.30,63.30,48.98,72.67,82.81
63.38,63.38,54.64,74.71,85.22
66.03,66.03,68.37,75.43,84.16
73.85,73.85,66.35,78.39,83.61
74.11,74.11,62.29,77.89,85.09
77.49,77.49,58.13,73.41,79.57
76.93,76.93,53.57,78.69,83.13
76.11,76.11,51.80,76.26,81.14
77.13,77.13,58.23,70.14,81.41
74.56,74.56,61.82,72.03,82.12
75.83,75.83,60.25,64.12,80.25
83.60,83.60,63.26,59.21,80.78
85.43,85.43,71.80,58.15,78.53
80.06,80.06,76.90,51.05,77.32
72.62,72.62,78.36,58.42,74.63
62.82,62.82,80.57,65.47,72.54
64.54,64.54,74.54,61.93,76.34
64.29,64.29,66.81,57.37,74.46
66.12,66.12,72.25,59.42,74.56
64.15,64.15,80.83,66.42,75.12
62.86,62.86,93.74,74.86,75.77
64.93,64.93,89.04,79.66,75.71
69.11,69.11,86.82,80.49,82.46
76.56,76.56,80.39,77.59,81.73
83.18,83.18,80.46,79.09,81.81
82.61,82.61,86.62,79.99,84.02
80.34,80.34,84.66,78.19,79.91
80.72,80.72,74.98,76.53,82.01
81.95,81.95,73.37,67.06,82.64
80.51,80.51,74.91,66.77,84.12
81.92,81.92,72.80,51.99,80.56
81.84,81.84,74.09,54.88,81.68
77.80,77.80,69.31,46.25,81.99
65.97,65.97,66.57,42.22,79.66
67.47,67.47,62.72,40.40,80.71
71.86,71.86,62.40,46.72,80.44
72.17,72.17,68.24,43.44,76.37
69.77,69.77,68.56,54.81,76.42
70.36,70.36,87.86,69.04,77.37
62.81,62.81,93.07,74.59,77.46
59.75,59.75,86.37,80.28,78.59
58.78,58.78,85.72,85.24,73.57
60.59,60.59,79.19,87.30,76.73
63.07,63.07,87.14,82.83,74.17
64.96,64.96,81.39,81.87,74.62
65.05,65.05,83.78,86.88,78.98
65.48,65.48,69.21,88.35,76.36
61.47,61.47,59.11,77.04,80.17
62.64,62.64,67.10,82.03,79.75
60.31,60.31,69.50,82.99,76.26
63.63,63.63,66.43,80.28,79.76
64.47,64.47,56.88,76.18,78.69
61.20,61.20,45.55,85.60,76.85
62.58,62.58,58.82,74.17,79.50
64.62,64.62,52.31,75.41,78.67
61.69,61.69,61.57,85.42,74.73
60.10,60.10,75.89,78.82,75.81
61.58,61.58,85.43,75.31,76.22
56.91,56.91,84.15,82.48,76.20
60.78,60.78,80.64,81.63,79.09
66.20,66.20,80.40,76.49,80.33
74.36,74.36,78.29,83.10,84.93
67.29,67.29,73.49,83.89,82.43
65.82,65.82,69.97,81.06,80.37
55.55,55.55,66.24,82.64,80.18
49.96,49.96,63.52,81.64,80.67
44.45,44.45,68.31,77.63,79.50
42.63,42.63,78.20,70.09,79.32
48.79,48.79,91.79,75.16,76.71
45.92,45.92,93.26,76.49,76.63
43.47,43.47,80.88,76.47,78.09
42.44,42.44,89.39,82.05,76.37
42.19,42.19,80.46,82.31,76.23
41.54,41.54,81.40,80.29,77.27
42.78,42.78,79.39,79.06,79.16
41.06,41.06,76.84,80.66,77.27
41.15,41.15,77.32,80.90,78.14
37.74,37.74,72.06,79.65,79.88
37.99,37.99,74.15,78.75,74.60
44.34,44.34,67.92,76.92,74.94
46.04,46.04,60.88,78.05,77.38
47.39,47.39,62.20,77.30,75.30
40.82,40.82,62.19,77.02,76.58
40.19,40.19,57.52,75.92,74.51
51.05,51.05,55.68,76.02,76.05
45.74,45.74,65.18,72.39,78.19
39.54,39.54,76.23,72.18,78.00
41.06,41.06,80.40,74.34,78.42
44.80,44.80,79.36,71.32,77.98
39.08,39.08,75.16,65.12,77.75
45.25,45.25,70.49,69.99,78.72
44.25,44.25,67.66,70.07,78.20
37.42,37.42,67.52,67.83,79.79
34.07,34.07,66.15,72.60,83.58
38.81,38.81,71.77,72.40,83.25
43.33,43.33,73.14,72.02,84.08
43.02,43.02,65.38,71.78,86.29
41.07,41.07,58.34,74.08,84.36
30.89,30.89,55.23,72.01,82.73
36.52,36.52,48.17,71.88,83.55
40.33,40.33,48.63,72.41,82.48
40.79,40.79,41.42,73.55,81.28
36.54,36.54,45.22,70.59,80.80
25.95,25.95,57.36,74.10,80.82
15.39,15.39,64.75,72.93,79.51
19.54,19.54,79.00,69.98,80.36
14.20,14.20,80.48,74.32,78.35
19.20,19.20,74.17,68.59,77.02
24.58,24.58,68.38,68.07,77.72
23.91,23.91,66.94,70.47,76.11
16.70,16.70,69.20,61.49,74.96
10.77,10.77,76.30,52.96,74.27
10.74,10.74,94.42,61.90,74.92
11.47,11.47,94.45,62.84,74.38
12.46,12.46,92.18,62.30,72.57
15.15,15.15,85.19,61.58,75.96
17.21,17.21,83.30,59.92,74.85
24.13,24.13,87.04,66.96,76.93
25.82,25.82,83.31,67.06,78.42
20.09,20.09,77.79,68.41,81.32
20.02,20.02,74.86,67.53,78.06
22.78,22.78,77.35,66.35,83.08
30.09,30.09,77.86,64.41,82.19
27.67,27.67,73.19,60.62,82.25
25.03,25.03,65.54,63.35,80.65
23.08,23.08,70.21,60.28,82.52
27.24,27.24,66.79,62.37,79.00
29.49,29.49,65.22,65.14,79.53
27.70,27.70,67.39,62.00,77.88
19.55,19.55,72.01,65.58,78.78
19.32,19.32,88.77,68.64,78.03
21.36,21.36,90.47,62.27,80.06
25.41,25.41,86.38,61.08,82.31
25.59,25.59,81.35,63.55,77.74
25.53,25.53,77.63,64.11,83.89
25.46,25.46,71.87,67.69,81.76
33.09,33.09,67.01,64.06,83.20
36.04,36.04,65.89,66.25,82.01
27.78,27.78,63.77,68.40,81.06
29.08,29.08,56.93,60.42,79.90
40.53,40.53,52.53,61.52,81.29
29.85,29.85,50.73,63.90,80.75
31.66,31.66,52.71,64.44,80.72
31.51,31.51,49.86,65.44,79.17
37.29,37.29,51.95,62.14,80.48
41.66,41.66,42.01,60.72,80.19
43.05,43.05,43.20,56.51,79.85
47.46,47.46,46.27,65.20,80.86
57.85,57.85,59.39,63.97,79.80
68.59,68.59,69.13,59.43,80.29
74.74,74.74,67.84,73.98,83.50
76.48,76.48,62.85,73.33,81.89
77.88,77.88,58.28,73.47,78.86
78.27,78.27,53.97,76.48,79.99
77.28,77.28,54.02,81.01,80.96
77.97,77.97,53.38,82.27,82.17
76.38,76.38,53.72,82.98,81.48
74.85,74.85,53.30,82.63,80.19
83.61,83.61,59.05,83.31,82.71
83.51,83.51,66.11,83.52,79.86
78.57,78.57,73.77,84.59,80.67
72.21,72.21,72.28,84.81,78.86
66.67,66.67,66.12,83.22,77.21
69.83,69.83,72.29,84.41,80.58
70.08,70.08,73.59,82.09,79.70
70.77,70.77,75.18,79.61,79.93
70.93,70.93,82.01,77.90,76.52
65.39,65.39,93.37,76.88,73.08
66.38,66.38,92.30,76.34,71.74
70.71,70.71,86.69,74.51,75.07
75.83,75.83,85.47,78.14,74.41
82.01,82.01,80.56,82.01,75.87
84.12,84.12,76.99,81.65,75.57
84.06,84.06,79.50,76.75,76.65
83.96,83.96,83.84,75.01,77.59
82.70,82.70,76.52,70.22,78.12
82.12,82.12,75.16,66.66,78.39
82.67,82.67,71.99,60.26,78.30
81.83,81.83,73.30,58.93,76.72
78.70,78.70,65.73,60.13,78.57
70.51,70.51,63.94,56.41,76.55
74.35,74.35,62.53,58.29,75.36
77.69,77.69,62.12,48.98,73.83
74.27,74.27,65.75,52.25,76.78
72.63,72.63,72.39,64.05,72.68
68.63,68.63,89.27,76.36,73.00
69.84,69.84,87.56,78.74,70.84
71.53,71.53,91.54,81.13,72.96
68.79,68.79,89.89,83.81,71.16
69.87,69.87,77.35,80.18,73.79
71.19,71.19,82.99,83.08,71.65
71.90,71.90,82.23,82.41,73.11
72.93,72.93,81.04,79.82,76.00
72.69,72.69,79.89,84.63,74.11
71.28,71.28,72.97,85.33,73.36
71.56,71.56,73.49,81.62,72.70
70.73,70.73,73.56,83.81,75.09
74.01,74.01,67.97,85.25,75.04
73.81,73.81,60.29,84.87,72.93
73.70,73.70,67.05,80.34,73.89
74.32,74.32,62.17,85.48,75.17
73.56,73.56,60.99,84.57,71.38
70.89,70.89,69.60,79.17,71.78
66.68,66.68,77.95,80.91,70.26
60.54,60.54,88.76,80.70,74.05
62.01,62.01,87.12,80.10,76.91
66.66,66.66,84.26,80.39,78.57
69.43,69.43,80.72,81.65,76.15
72.56,72.56,76.52,82.74,76.44
73.64,73.64,72.13,80.38,76.99
66.67,66.67,67.87,82.97,80.98
64.01,64.01,64.03,82.72,79.17
65.56,65.56,60.22,80.90,78.47
61.58,61.58,71.12,81.25,77.19
58.69,58.69,75.29,81.31,77.91
54.66,54.66,91.02,83.03,74.37
53.95,53.95,86.22,82.55,75.22
54.12,54.12,86.24,81.53,77.44
53.09,53.09,89.14,77.89,77.01
49.32,49.32,81.17,80.02,75.89
46.35,46.35,84.45,83.09,75.68
43.68,43.68,80.63,79.12,74.47
45.00,45.00,78.63,78.15,74.79
44.63,44.63,76.48,82.53,74.67
44.14,44.14,70.46,81.61,72.75
44.08,44.08,72.28,81.92,74.01
41.81,41.81,59.68,78.75,74.04
35.67,35.67,58.66,82.98,70.81
41.33,41.33,65.07,82.13,74.81
41.03,41.03,63.79,79.69,74.53
39.14,39.14,60.36,82.02,73.67
33.43,33.43,62.74,80.99,72.02
33.70,33.70,66.03,81.93,68.56
35.70,35.70,76.86,81.64,74.18
31.45,31.45,78.17,80.90,73.52
29.50,29.50,74.87,82.99,75.05
30.15,30.15,71.55,80.11,74.70
28.63,28.63,66.11,82.53,76.34
33.25,33.25,61.32,81.17,76.60
35.31,35.31,59.54,81.23,76.27
30.07,30.07,60.59,81.67,77.41
25.48,25.48,75.82,80.67,79.04
27.58,27.58,71.30,81.94,77.76
28.40,28.40,64.33,81.11,76.28
29.96,29.96,58.42,81.69,76.05
26.51,26.51,51.82,81.14,77.05
23.68,23.68,47.57,80.07,74.57
20.82,20.82,49.92,81.95,76.04
18.81,18.81,54.48,80.05,74.32
17.12,17.12,53.14,81.72,74.24
15.52,15.52,57.02,81.06,76.25
10.35,10.35,71.10,79.17,74.91
7.17,7.17,81.25,80.24,73.02
7.78,7.78,80.70,79.33,73.02
17.69,17.69,72.54,79.37,74.36
24.21,24.21,64.61,80.10,73.17
23.90,23.90,65.07,77.67,75.23
17.18,17.18,68.14,77.01,74.82
3.54,3.54,84.65,75.43,75.55
3.63,3.63,93.01,75.31,73.06
11.52,11.52,89.87,76.37,73.93
13.90,13.90,89.50,73.73,75.59
15.38,15.38,86.29,70.86,76.62
16.39,16.39,87.26,66.25,76.07
13.05,13.05,80.35,71.83,76.61
11.92,11.92,83.88,78.31,75.28
14.04,14.04,80.08,77.71,74.88
14.56,14.56,79.99,77.69,74.46
14.77,14.77,77.47,76.42,74.83
15.50,15.50,74.90,77.36,75.46
17.55,17.55,74.41,76.82,73.35
19.01,19.01,65.82,74.83,73.56
17.23,17.23,70.57,78.34,73.39
15.28,15.28,60.45,76.57,74.73
17.10,17.10,56.49,75.59,71.46
17.38,17.38,58.54,77.43,72.75
14.55,14.55,71.73,76.58,68.93
15.39,15.39,83.87,77.67,76.12
26.31,26.31,84.87,76.01,78.50
34.56,34.56,82.13,75.67,76.80
37.16,37.16,79.92,74.99,78.44
33.65,33.65,79.50,76.24,77.66
30.81,30.81,75.54,75.77,75.83
29.49,29.49,70.81,73.13,76.07
29.84,29.84,66.98,75.93,74.54
22.60,22.60,62.81,74.66,74.93
35.85,35.85,59.82,73.29,75.77
32.11,32.11,57.73,74.33,73.78
28.08,28.08,58.92,73.85,75.54
26.40,26.40,54.20,74.77,78.05
30.12,30.12,48.27,73.60,77.64
42.41,42.41,57.52,74.54,75.14
45.46,45.46,53.18,74.30,79.29
50.68,50.68,60.60,71.51,77.56
44.46,44.46,57.17,72.89,77.65
56.41,56.41,65.88,70.88,78.20
68.99,68.99,78.13,68.12,76.61
78.23,78.23,81.45,70.31,79.32
76.50,76.50,78.12,66.29,77.39
75.22,75.22,69.19,68.24,74.82
78.60,78.60,73.82,69.77,77.04
74.03,74.03,75.76,54.28,75.37
70.52,70.52,76.79,60.13,77.17
73.46,73.46,76.21,56.65,75.06
74.18,74.18,74.05,60.45,78.03
83.59,83.59,70.89,57.40,73.73
85.11,85.11,75.42,58.11,76.85
80.32,80.32,78.80,56.18,78.22
71.75,71.75,80.08,53.03,72.48
63.06,63.06,75.48,47.31,73.66
64.42,64.42,74.25,49.32,76.54
64.94,64.94,72.62,51.85,72.76
65.72,65.72,74.45,59.73,76.08
65.91,65.91,82.04,70.79,74.84
66.40,66.40,91.86,78.55,73.76
71.32,71.32,85.58,80.47,76.64
73.11,73.11,87.51,79.01,74.25
75.84,75.84,83.87,81.92,77.34
81.09,81.09,85.81,83.33,78.22
81.87,81.87,73.75,82.09,77.42
82.03,82.03,82.70,81.27,75.15
82.59,82.59,83.76,79.44,76.26
80.36,80.36,79.00,70.96,75.25
79.22,79.22,76.16,62.90,77.39
79.42,79.42,75.90,51.07,79.21
81.36,81.36,74.04,58.29,76.20
76.75,76.75,67.70,59.77,79.03
70.04,70.04,68.43,57.94,80.68
70.48,70.48,68.84,55.79,77.18
73.38,73.38,56.11,55.12,77.28
72.11,72.11,61.23,58.15,78.60
68.17,68.17,65.04,57.46,72.92
65.54,65.54,78.03,72.83,75.77
65.76,65.76,91.48,78.72,72.79
65.40,65.40,83.19,83.36,72.47
65.01,65.01,86.15,83.35,71.58
65.22,65.22,78.88,85.05,75.74
66.56,66.56,83.23,85.91,70.22
66.70,66.70,75.41,80.62,74.55
67.99,67.99,77.87,86.34,74.52
69.51,69.51,81.47,86.18,71.06
71.60,71.60,79.21,86.20,73.91
71.33,71.33,67.68,86.61,73.33
68.28,68.28,73.38,84.18,72.92
68.29,68.29,71.17,86.81,75.18
68.56,68.56,67.44,85.78,72.89
69.78,69.78,67.98,81.77,72.82
68.12,68.12,63.36,85.50,74.53
67.88,67.88,56.81,85.14,70.85
68.08,68.08,62.69,84.26,74.40
66.01,66.01,77.07,85.78,72.08
67.28,67.28,86.43,84.02,79.05
63.40,63.40,90.51,82.62,82.24
61.67,61.67,88.04,81.90,77.01
64.64,64.64,83.68,81.62,84.30
65.01,65.01,76.78,82.93,84.07
66.18,66.18,72.85,84.36,82.02
66.51,66.51,70.01,83.18,82.44
60.30,60.30,66.48,83.99,82.48
55.70,55.70,60.53,83.09,79.91
53.34,53.34,62.30,83.62,82.05
49.53,49.53,72.91,78.32,81.42
49.80,49.80,86.19,75.61,79.38
47.14,47.14,93.02,75.45,75.82
40.20,40.20,86.88,66.75,75.44
40.92,40.92,89.36,69.31,78.49
45.25,45.25,85.68,69.86,76.75
37.75,37.75,76.75,72.45,77.38
39.54,39.54,81.46,77.72,76.38
41.03,41.03,78.83,79.36,76.29
43.12,43.12,82.58,78.06,77.65
40.38,40.38,73.18,80.17,75.66
38.47,38.47,70.26,82.14,74.13
36.26,36.26,75.74,80.55,76.62
39.42,39.42,69.08,80.58,74.36
33.71,33.71,62.92,82.28,75.50
38.13,38.13,63.69,82.72,77.73
35.38,35.38,59.70,81.14,74.72
33.11,33.11,61.63,80.81,75.89
29.89,29.89,63.74,82.72,76.20
28.76,28.76,76.42,81.53,76.00
28.52,28.52,85.47,80.68,73.89
23.36,23.36,80.83,79.84,74.06
25.15,25.15,77.83,81.23,75.31
29.23,29.23,71.14,80.94,78.43
34.86,34.86,67.39,80.48,74.92
34.09,34.09,63.65,79.20,75.31
38.76,38.76,63.92,81.24,73.83
39.03,39.03,72.19,81.49,76.19
40.57,40.57,67.62,79.86,78.50
41.62,41.62,61.22,80.32,77.72
40.62,40.62,58.92,81.07,78.72
35.42,35.42,55.41,80.65,79.12
33.49,33.49,57.89,80.08,76.90
26.09,26.09,56.42,80.02,75.31
32.39,32.39,54.75,81.25,75.65
41.56,41.56,53.11,80.52,72.82
52.93,52.93,59.93,80.01,72.95
62.27,62.27,66.25,79.57,71.22
74.33,74.33,73.61,81.00,72.13
79.11,79.11,71.83,80.08,73.67
80.28,80.28,66.12,78.46,69.99
81.27,81.27,61.73,79.20,73.52
79.04,79.04,67.03,79.34,71.06
71.07,71.07,66.25,78.13,71.44
65.09,65.09,89.93,78.59,70.03
61.30,61.30,93.99,79.44,69.26
72.42,72.42,88.38,80.46,68.18
72.68,72.68,88.16,78.54,68.19
73.68,73.68,86.04,75.40,68.59
74.66,74.66,86.60,72.54,71.56
72.76,72.76,77.46,69.57,75.38
69.19,69.19,81.86,68.42,74.70
66.20,66.20,84.44,66.61,73.15
64.05,64.05,76.51,59.57,74.88
59.85,59.85,74.27,53.25,78.67
62.20,62.20,77.16,43.42,73.99
68.07,68.07,71.50,37.62,73.76
73.36,73.36,67.66,46.29,77.74
77.91,77.91,67.07,43.98,74.80
75.37,75.37,64.66,51.12,73.63
75.94,75.94,62.84,46.37,75.15
77.19,77.19,68.63,58.04,73.27
72.51,72.51,73.76,64.55,72.12
75.75,75.75,81.69,78.75,80.05
74.46,74.46,82.57,87.52,80.58
71.12,71.12,82.86,86.92,76.92
68.75,68.75,78.95,82.75,84.63
72.09,72.09,75.16,84.79,79.87
69.76,69.76,73.25,84.90,83.57
73.63,73.63,68.96,84.72,83.28
75.55,75.55,64.21,86.94,83.36
74.35,74.35,59.56,85.17,78.06
69.14,69.14,57.32,87.34,80.28
62.46,62.46,53.74,87.02,81.40
51.26,51.26,50.64,85.34,78.02
53.02,53.02,49.09,86.35,76.78
57.65,57.65,48.65,86.61,79.03
60.34,60.34,48.16,85.83,79.39
54.99,54.99,47.81,85.34,76.53
53.46,53.46,50.95,83.78,78.12
54.36,54.36,51.17,85.91,77.15
55.64,55.64,55.75,85.57,75.47
66.45,66.45,69.12,84.30,77.83
71.17,71.17,68.26,84.89,78.34
75.60,75.60,64.89,84.24,74.92
78.89,78.89,61.95,86.26,78.92
81.79,81.79,58.52,85.95,77.94
79.51,79.51,54.26,85.37,78.11
75.90,75.90,51.59,85.99,75.78
74.86,74.86,48.66,86.51,74.51
78.88,78.88,57.95,85.31,72.25
80.89,80.89,69.21,83.53,75.85
75.43,75.43,76.47,84.53,73.27
68.29,68.29,79.74,80.83,72.89
63.94,63.94,78.26,75.99,73.07
69.55,69.55,73.07,72.11,71.03
69.17,69.17,65.90,61.03,72.06
69.57,69.57,67.32,49.56,75.22
67.50,67.50,68.76,55.31,75.97
67.40,67.40,84.50,71.16,75.97
72.03,72.03,90.45,78.82,76.71
71.30,71.30,85.77,83.37,72.75
70.23,70.23,86.01,87.50,77.43
76.76,76.76,82.53,85.54,79.66
77.87,77.87,80.97,87.06,82.82
78.76,78.76,84.63,86.27,77.31
75.48,75.48,75.28,84.93,78.81
75.82,75.82,78.80,86.83,78.93
77.85,77.85,76.09,86.81,78.12
78.92,78.92,72.98,86.02,75.14
78.97,78.97,71.40,79.08,76.78
74.39,74.39,70.46,69.66,78.61
74.92,74.92,67.50,66.31,78.64
70.40,70.40,63.25,69.01,77.00
69.11,69.11,61.88,69.00,80.10
74.80,74.80,63.13,61.51,79.23
74.51,74.51,68.61,50.42,79.42
70.82,70.82,69.38,56.98,75.68
61.81,61.81,91.46,67.22,78.98
57.03,57.03,92.79,73.91,76.94
61.33,61.33,85.46,80.79,74.03
60.53,60.53,86.45,81.18,78.18
64.24,64.24,81.84,83.96,78.99
66.12,66.12,84.30,86.07,78.28
67.37,67.37,76.13,81.83,77.24
67.36,67.36,78.79,78.05,77.32
69.68,69.68,79.65,83.30,74.50
72.64,72.64,76.33,84.50,78.65
72.54,72.54,72.98,78.97,77.00
71.94,71.94,69.46,82.97,78.12
71.07,71.07,70.18,83.83,76.64
69.37,69.37,66.83,82.44,77.81
70.41,70.41,62.22,82.69,79.24
71.30,71.30,60.84,84.28,75.85
71.46,71.46,60.43,84.00,77.79
69.99,69.99,67.58,80.24,73.68
70.08,70.08,80.79,84.75,73.05
69.30,69.30,89.68,82.07,76.31
68.06,68.06,85.57,80.87,78.43
68.93,68.93,81.60,81.85,80.65
71.09,71.09,77.57,81.97,85.57
71.10,71.10,75.43,81.81,85.46
71.11,71.11,72.36,80.90,82.93
72.23,72.23,68.13,81.78,82.56
71.43,71.43,62.85,83.41,81.23
68.81,68.81,64.48,80.18,79.04
62.90,62.90,69.38,82.04,76.40
59.47,59.47,77.65,79.59,74.37
58.40,58.40,92.98,82.30,71.15
50.67,50.67,94.17,79.08,75.02
49.87,49.87,86.34,76.07,75.50
47.51,47.51,75.16,77.07,77.97
41.25,41.25,81.22,80.72,76.49
41.64,41.64,83.58,79.95,75.37
46.04,46.04,78.47,78.35,76.13
52.44,52.44,77.44,73.18,76.24
64.02,64.02,73.47,80.12,78.47
73.51,73.51,70.11,79.96,80.30
67.28,67.28,71.61,80.92,76.42
65.20,65.20,69.85,79.93,75.64
61.52,61.52,64.45,79.56,77.05
59.67,59.67,65.10,80.42,75.28
62.99,62.99,61.45,78.36,76.42
62.50,62.50,62.71,81.47,75.91
56.64,56.64,63.98,79.96,75.08
50.79,50.79,67.39,79.44,76.24
48.59,48.59,73.83,81.32,74.46
47.93,47.93,73.73,80.58,73.00
43.84,43.84,69.36,81.90,74.30
46.85,46.85,63.53,80.31,74.92
41.24,41.24,61.31,80.88,71.96
43.55,43.55,60.95,81.13,75.19
42.73,42.73,56.70,79.45,72.60
38.40,38.40,59.56,80.98,75.19
38.95,38.95,71.09,78.75,77.85
35.27,35.27,67.23,79.89,76.53
33.54,33.54,61.61,80.07,76.49
34.00,34.00,59.48,77.97,75.83
33.18,33.18,57.78,80.40,77.85
29.49,29.49,54.26,78.05,74.35
30.57,30.57,52.67,78.30,75.75
28.89,28.89,47.32,78.80,74.47
26.95,26.95,56.82,78.31,73.77
18.60,18.60,68.76,79.21,76.32
20.26,20.26,77.98,76.01,76.21
23.92,23.92,70.08,78.56,74.39
27.21,27.21,61.69,77.89,75.36
25.99,25.99,58.06,77.13,72.97
29.45,29.45,56.28,77.95,76.85
24.24,24.24,63.25,73.36,74.29
15.96,15.96,70.51,72.78,72.63
7.69,7.69,95.56,73.75,68.93
6.22,6.22,94.29,73.79,67.82
11.09,11.09,84.22,71.23,72.35
13.39,13.39,85.12,64.34,73.99
8.01,8.01,85.86,67.35,73.36
6.51,6.51,86.33,69.86,73.83
8.98,8.98,78.22,74.32,75.13
10.77,10.77,80.97,73.03,74.70
11.19,11.19,79.73,71.40,74.44
12.07,12.07,77.26,62.83,74.41
12.71,12.71,74.52,54.95,73.77
10.23,10.23,73.39,47.09,75.07
9.26,9.26,64.78,52.43,75.08
9.51,9.51,71.45,55.86,75.10
11.54,11.54,61.92,57.25,73.99
12.64,12.64,52.28,58.64,75.40
10.29,10.29,61.14,63.58,70.31
4.43,4.43,70.35,76.40,73.32
4.22,4.22,82.00,89.38,74.45
4.13,4.13,85.81,87.65,76.82
0.78,0.78,82.68,86.54,77.41
0.94,0.94,80.03,86.79,76.76
2.67,2.67,76.98,86.89,75.01
2.67,2.67,75.32,86.83,73.46
4.51,4.51,70.36,87.81,74.88
9.32,9.32,67.15,86.96,76.37
10.95,10.95,62.14,87.30,76.60
11.49,11.49,58.22,86.89,74.78
16.65,16.65,52.61,86.91,77.85
26.59,26.59,49.15,86.12,76.90
35.35,35.35,46.78,86.66,76.90
35.62,35.62,43.57,86.07,79.42
37.60,37.60,38.79,85.90,76.51
31.09,31.09,36.40,85.21,78.99
30.25,30.25,35.09,85.55,77.36
37.13,37.13,42.36,85.70,78.71
49.58,49.58,52.98,85.94,76.39
55.99,55.99,64.39,86.00,77.84
63.39,63.39,75.17,86.60,78.88
69.60,69.60,74.13,86.73,80.56
71.41,71.41,69.49,84.64,78.86
74.11,74.11,65.60,84.62,78.70
75.70,75.70,64.56,84.42,78.42
73.57,73.57,65.92,85.17,79.96
71.32,71.32,69.49,84.71,79.24
73.31,73.31,64.26,83.63,78.37
75.56,75.56,65.77,83.72,76.92
82.34,82.34,71.68,84.00,78.31
82.21,82.21,75.17,82.20,76.06
78.60,78.60,80.88,80.75,73.91
67.56,67.56,79.20,77.08,74.56
60.90,60.90,75.65,68.12,75.44
66.06,66.06,71.09,59.38,75.38
64.16,64.16,67.56,49.76,76.03
65.35,65.35,73.35,54.80,76.05
65.52,65.52,83.54,74.81,76.35
63.54,63.54,92.37,84.62,73.21
66.17,66.17,86.76,85.49,73.49
69.23,69.23,83.96,84.49,76.61
73.22,73.22,84.43,86.58,75.43
80.10,80.10,79.69,86.37,76.97
81.75,81.75,83.68,83.50,77.54
82.07,82.07,79.57,82.95,78.12
81.28,81.28,79.23,75.34,81.28
79.13,79.13,73.38,70.61,77.64
78.01,78.01,72.59,63.16,79.08
79.35,79.35,75.23,61.80,78.86
80.41,80.41,71.93,64.11,76.49
76.92,76.92,68.07,65.97,78.41
69.28,69.28,64.10,64.15,75.67
71.81,71.81,62.10,62.46,73.65
68.40,68.40,61.33,61.78,76.75
66.12,66.12,62.92,61.63,72.34
65.97,65.97,70.95,62.12,71.16
66.19,66.19,85.82,81.98,75.90
68.19,68.19,88.77,84.99,70.23
62.20,62.20,85.90,84.90,75.53
63.70,63.70,88.65,85.13,76.31
65.16,65.16,82.36,83.92,74.59
66.89,66.89,81.83,86.26,78.45
68.25,68.25,75.43,84.61,78.66
68.85,68.85,82.24,86.37,74.70
68.18,68.18,78.17,87.85,79.38
68.40,68.40,73.92,86.63,78.39
69.72,69.72,73.60,88.32,74.16
68.83,68.83,71.93,88.23,77.97
72.43,72.43,65.52,86.06,77.95
70.16,70.16,65.67,87.48,74.59
71.79,71.79,63.49,86.72,77.74
70.47,70.47,53.47,87.79,76.62
69.03,69.03,59.39,87.56,73.45
67.24,67.24,75.56,86.16,76.31
64.04,64.04,83.75,85.46,75.66
62.44,62.44,89.58,84.64,74.05
62.49,62.49,86.76,82.93,81.40
62.78,62.78,84.31,84.14,80.32
68.60,68.60,80.69,84.36,79.96
68.28,68.28,75.45,85.66,79.45
66.64,66.64,72.89,85.62,84.48
65.16,65.16,70.07,83.30,80.47
61.29,61.29,64.95,85.61,78.59
53.74,53.74,63.22,86.18,79.26
52.15,52.15,65.14,83.75,81.70
47.68,47.68,75.92,84.80,78.14
48.42,48.42,91.35,85.19,71.67
41.15,41.15,92.37,82.00,75.31
43.03,43.03,89.90,82.60,77.22
43.60,43.60,83.06,83.04,75.27
40.41,40.41,80.66,85.30,76.13
36.99,36.99,85.06,83.90,76.73
31.64,31.64,81.13,82.67,72.73
35.35,35.35,79.86,84.69,73.90
37.05,37.05,73.71,83.99,75.61
33.11,33.11,71.95,83.90,71.16
33.34,33.34,75.29,83.92,72.76
34.45,34.45,69.00,83.26,75.63
30.93,30.93,57.25,84.44,75.88
34.22,34.22,64.77,85.25,75.62
33.50,33.50,61.70,83.96,77.02
30.94,30.94,56.78,83.92,75.67
29.80,29.80,58.30,84.12,73.94
33.83,33.83,66.66,84.84,74.96
34.02,34.02,77.51,83.28,75.26
33.82,33.82,81.20,83.26,74.52
22.75,22.75,78.88,83.32,75.55
27.77,27.77,73.64,83.79,74.09
31.56,31.56,69.21,83.09,72.85
31.58,31.58,67.12,83.51,72.88
35.27,35.27,65.22,83.98,71.28
36.16,36.16,63.52,83.94,71.24
29.15,29.15,73.15,83.22,76.66
27.11,27.11,70.59,82.65,77.28
30.70,30.70,63.35,83.44,77.68
30.59,30.59,56.75,83.62,81.24
28.02,28.02,50.15,82.21,77.42
21.82,21.82,44.19,82.23,77.36
21.55,21.55,38.82,82.66,78.23
20.70,20.70,37.91,82.67,75.26
20.07,20.07,41.58,82.19,76.28
20.59,20.59,50.47,81.87,74.63
18.97,18.97,65.89,82.43,71.97
12.94,12.94,77.88,80.74,73.26
7.23,7.23,81.00,80.57,72.63
12.08,12.08,75.35,80.98,73.71
15.44,15.44,67.33,81.88,73.39
14.94,14.94,65.65,81.39,70.13
12.60,12.60,68.63,77.92,72.66
5.91,5.91,83.21,77.33,73.40
2.37,2.37,92.59,76.85,70.18
9.54,9.54,87.49,72.33,71.57
18.42,18.42,91.70,71.54,71.58
21.97,21.97,80.55,66.38,73.42
17.94,17.94,88.08,71.73,73.77
12.56,12.56,80.02,65.52,70.07
12.53,12.53,81.89,59.29,71.15
13.71,13.71,79.47,66.61,75.05
15.48,15.48,80.59,75.51,72.52
18.54,18.54,77.72,77.62,76.20
20.34,20.34,76.16,75.56,74.87
21.96,21.96,71.23,76.58,73.84
18.67,18.67,70.19,77.80,75.31
20.17,20.17,70.89,78.48,75.21
16.51,16.51,68.47,76.97,75.05
14.50,14.50,67.49,75.91,74.22
7.77,7.77,70.06,76.23,73.19
4.96,4.96,77.27,74.87,74.36
8.66,8.66,89.74,64.89,78.21
8.12,8.12,88.03,73.19,79.94
5.68,5.68,86.36,72.67,82.91
0.63,0.63,82.11,72.76,81.15
6.09,6.09,76.06,73.43,85.21
12.49,12.49,70.94,71.76,86.07
13.53,13.53,69.21,72.28,79.89
14.06,14.06,66.66,72.90,82.68
10.33,10.33,65.72,70.37,82.06
8.85,8.85,61.95,71.98,81.62
10.37,10.37,58.28,72.96,80.24
14.81,14.81,54.83,74.63,80.49
20.38,20.38,59.76,73.44,78.20
25.05,25.05,62.33,71.45,79.00
24.74,24.74,58.78,69.30,77.81
25.38,25.38,50.88,71.31,76.27
23.61,23.61,53.76,70.44,78.74
15.12,15.12,53.77,67.02,75.60
12.16,12.16,61.64,69.99,76.00
5.79,5.79,69.74,70.66,76.74
16.67,16.67,65.56,69.06,76.23
19.20,19.20,59.58,67.05,74.64
21.35,21.35,52.89,64.37,74.16
24.02,24.02,48.42,70.99,76.16
30.14,30.14,46.24,73.41,75.45
34.52,34.52,43.88,71.77,75.10
34.03,34.03,42.83,69.94,75.12
37.95,37.95,47.22,69.47,78.12
31.20,31.20,58.47,66.85,74.10
21.96,21.96,70.27,67.89,72.70
9.86,9.86,79.00,65.51,73.84
12.55,12.55,76.41,60.67,73.84
16.88,16.88,71.15,60.79,72.71
17.78,17.78,73.64,58.40,74.00
17.31,17.31,70.73,63.47,74.80
15.59,15.59,65.73,70.77,75.43
12.20,12.20,57.06,79.17,75.06
13.54,13.54,47.97,85.66,80.49
15.94,15.94,43.67,85.39,81.51
20.49,20.49,38.55,84.09,80.38
25.40,25.40,36.44,84.30,80.49
24.78,24.78,35.54,83.18,78.60
24.16,24.16,35.58,84.19,80.30
22.47,22.47,34.55,84.41,78.05
23.95,23.95,35.23,83.45,78.50
25.61,25.61,36.13,84.51,77.65
26.46,26.46,36.10,84.39,77.21
26.95,26.95,36.95,83.84,77.60
25.98,25.98,34.88,83.21,75.97
26.26,26.26,34.10,83.84,78.18
37.18,37.18,34.55,83.72,75.40
43.29,43.29,35.61,83.51,77.11
57.93,57.93,37.42,83.90,75.43
61.62,61.62,39.87,83.43,76.03
56.60,56.60,40.65,82.95,74.08
63.44,63.44,40.61,83.11,73.26
72.93,72.93,34.61,83.07,75.47
78.68,78.68,31.80,83.10,72.77
78.29,78.29,34.74,82.87,73.83
80.91,80.91,39.64,82.78,72.52
77.30,77.30,41.39,82.29,74.10
80.53,80.53,40.86,81.92,73.56
80.98,80.98,39.09,82.07,73.10
83.38,83.38,37.90,82.56,73.48
81.23,81.23,38.73,82.49,71.69
83.01,83.01,40.18,82.04,72.68
83.56,83.56,40.18,81.79,73.68
82.19,82.19,40.17,81.70,72.49
78.01,78.01,39.86,81.56,75.09
82.95,82.95,39.08,81.44,73.85
79.34,79.34,38.09,81.33,75.68
78.65,78.65,38.63,81.30,72.55
80.46,80.46,38.34,81.48,75.71
81.44,81.44,36.62,80.93,73.35
80.28,80.28,33.53,80.98,77.51
79.49,79.49,34.69,81.05,80.22
80.68,80.68,34.73,80.31,81.32
77.04,77.04,36.59,80.41,79.87
76.91,76.91,34.97,80.38,77.37
74.57,74.57,30.43,79.80,77.13
74.19,74.19,28.00,79.34,78.54
71.17,71.17,25.22,79.33,77.85
70.19,70.19,25.05,79.58,78.41
67.39,67.39,26.11,79.39,79.45
65.89,65.89,24.94,78.73,80.12
63.01,63.01,22.83,78.64,78.84
57.04,57.04,20.88,78.96,79.13
60.79,60.79,16.63,78.82,78.15
60.05,60.05,13.29,78.49,78.75
72.70,72.70,18.65,78.19,77.86
69.10,69.10,21.57,78.23,79.47
69.63,69.63,24.74,77.60,77.25
72.37,72.37,32.96,77.60,79.58
70.02,70.02,40.99,77.62,75.90
69.52,69.52,47.50,76.58,78.43
74.16,74.16,52.47,76.77,77.50
75.92,75.92,53.55,75.90,78.49
76.12,76.12,49.99,74.94,76.57
80.05,80.05,46.04,74.49,77.18
81.46,81.46,38.36,74.21,76.37
80.90,80.90,31.52,73.03,78.05
77.44,77.44,27.55,71.95,77.78
78.15,78.15,26.25,72.75,77.26
77.32,77.32,26.28,72.44,78.25
77.48,77.48,27.80,71.96,77.18
77.36,77.36,27.75,70.78,77.95
76.94,76.94,27.17,69.61,78.28
76.42,76.42,29.60,68.52,78.52
76.01,76.01,28.96,71.68,78.41
74.61,74.61,29.09,70.79,79.23
76.64,76.64,29.80,70.98,78.66
76.57,76.57,30.26,71.61,82.24
75.78,75.78,29.78,71.14,82.05
77.03,77.03,27.60,69.82,82.29
76.86,76.86,25.07,70.53,80.40
75.31,75.31,26.94,71.19,83.78
77.84,77.84,26.48,71.13,79.45
76.94,76.94,27.76,70.07,82.81
80.04,80.04,25.79,70.69,80.70
78.22,78.22,24.82,69.31,80.76
76.00,76.00,23.51,69.06,81.01
75.63,75.63,23.14,68.65,81.74
77.75,77.75,24.44,69.13,79.86
77.15,77.15,25.74,68.07,81.68
77.07,77.07,25.82,67.77,79.60
76.88,76.88,27.63,66.84,81.95
75.53,75.53,29.15,66.84,78.63
72.69,72.69,32.02,65.93,81.92
74.02,74.02,32.83,64.97,77.31
74.54,74.54,30.88,66.45,79.84
72.15,72.15,31.18,65.67,77.65
71.11,71.11,28.74,65.13,79.31
69.18,69.18,22.62,64.40,76.72
70.75,70.75,18.20,65.22,79.36
70.75,70.75,16.23,68.12,80.43
65.41,65.41,17.54,69.56,77.78
63.34,63.34,16.84,71.99,82.28
59.90,59.90,16.59,72.19,77.72
55.77,55.77,16.79,73.02,79.74
57.20,57.20,18.44,72.88,77.86
54.65,54.65,18.67,73.87,81.89
52.43,52.43,21.17,73.42,78.06
52.25,52.25,23.18,72.78,78.37
50.51,50.51,20.76,72.32,79.49
50.51,50.51,23.04,73.09,81.26
52.98,52.98,23.27,72.32,78.72
57.19,57.19,31.14,72.60,82.73
64.06,64.06,49.58,71.88,83.78
64.76,64.76,56.24,70.57,84.63
67.32,67.32,60.34,70.22,86.40
69.71,69.71,58.53,68.82,84.19
67.67,67.67,57.76,68.50,84.53
66.53,66.53,55.13,69.55,82.79
66.60,66.60,50.59,68.85,84.90
69.24,69.24,43.12,66.73,82.17
70.33,70.33,34.77,68.43,83.09
65.44,65.44,28.87,69.49,82.48
72.23,72.23,26.53,64.98,83.45
69.54,69.54,28.49,70.39,83.96
63.51,63.51,25.09,67.58,82.77
66.64,66.64,17.02,72.93,85.88
65.67,65.67,13.15,65.81,83.30
57.69,57.69,17.12,70.96,85.73
59.73,59.73,26.74,66.52,83.86
60.12,60.12,38.84,69.74,85.94
62.72,62.72,45.74,63.61,81.95
65.19,65.19,49.05,71.57,85.30
65.54,65.54,48.62,67.71,80.76
65.01,65.01,48.68,74.94,81.87
62.43,62.43,47.99,69.22,81.36
61.91,61.91,47.98,67.36,85.34
62.43,62.43,43.55,63.76,81.52
64.70,64.70,38.15,53.81,83.64
75.43,75.43,33.81,54.98,78.71
75.28,75.28,33.37,54.12,78.35
72.36,72.36,37.12,54.26,79.41
72.44,72.44,40.45,51.34,77.05
72.20,72.20,37.22,49.94,77.61
70.55,70.55,37.67,51.49,75.85
63.56,63.56,41.52,48.14,77.93
60.56,60.56,54.14,49.76,76.65
60.25,60.25,61.21,43.94,73.09
56.31,56.31,71.28,44.45,72.96
56.06,56.06,82.35,57.17,77.05
56.40,56.40,95.15,69.89,71.49
57.08,57.08,89.61,70.06,77.96
55.66,55.66,83.74,63.95,80.78
53.36,53.36,82.79,68.80,81.10
49.78,49.78,81.50,72.27,79.94
47.88,47.88,78.03,68.77,78.27
41.04,41.04,77.81,71.35,79.21
36.20,36.20,81.12,70.05,76.85
32.27,32.27,76.07,62.89,77.62
31.37,31.37,72.65,55.18,77.80
29.97,29.97,72.90,46.86,77.40
29.05,29.05,67.98,37.01,80.24
27.42,27.42,64.24,36.37,77.92
26.21,26.21,66.31,29.71,77.45
22.68,22.68,62.78,38.37,77.77
26.28,26.28,53.58,42.24,76.31
25.56,25.56,66.65,40.31,75.17
22.54,22.54,71.33,55.00,74.15
36.16,36.16,82.03,66.82,73.86
48.91,48.91,90.53,78.90,72.94
56.24,56.24,89.86,80.89,73.40
69.78,69.78,81.15,82.96,74.49
73.16,73.16,79.57,86.40,74.48
74.92,74.92,76.20,80.86,72.30
73.79,73.79,78.62,86.40,73.02
74.29,74.29,83.17,88.60,73.44
78.25,78.25,73.86,87.38,71.49
72.82,72.82,69.11,83.12,74.73
73.77,73.77,64.71,89.22,72.97
65.99,65.99,66.85,82.81,71.32
61.53,61.53,64.65,81.99,72.11
65.17,65.17,56.48,86.75,71.46
67.92,67.92,51.38,86.97,71.00
65.11,65.11,48.86,81.08,73.87
62.06,62.06,55.62,85.43,71.12
46.93,46.93,66.32,87.05,69.00
54.39,54.39,74.35,80.99,69.05
59.64,59.64,88.24,81.75,70.78
59.91,59.91,90.23,82.68,72.31
55.35,55.35,87.45,79.03,75.22
59.34,59.34,82.52,81.29,77.04
65.28,65.28,78.46,86.12,77.00
70.39,70.39,75.07,81.90,76.29
69.05,69.05,71.83,81.52,76.33
76.23,76.23,67.89,87.32,78.33
75.83,75.83,63.62,83.67,76.09
72.94,72.94,63.78,80.59,76.65
72.37,72.37,79.24,80.48,75.43
72.19,72.19,88.07,79.59,72.20
70.53,70.53,94.80,81.16,71.31
60.64,60.64,87.98,81.29,72.29
54.42,54.42,87.06,83.69,73.78
54.73,54.73,85.40,84.38,74.80
51.62,51.62,81.09,84.93,74.82
48.91,48.91,78.78,82.96,72.99
52.13,52.13,75.75,83.40,73.29
54.87,54.87,75.21,84.82,76.13
53.29,53.29,72.27,83.98,72.61
53.46,53.46,70.24,82.64,72.59
49.32,49.32,64.75,81.10,72.26
49.10,49.10,54.87,84.04,73.56
45.97,45.97,47.07,81.70,74.51
44.94,44.94,62.90,80.58,73.23
52.05,52.05,60.07,82.50,76.45
51.83,51.83,60.25,82.51,76.53
56.83,56.83,71.34,79.00,76.89
65.46,65.46,79.60,78.84,75.61
63.67,63.67,87.25,80.29,74.25
60.27,60.27,83.89,79.97,73.88
64.16,64.16,78.81,80.44,76.16
65.24,65.24,71.74,80.68,75.70
70.02,70.02,70.14,79.21,78.83
75.80,75.80,66.95,79.81,79.33
72.72,72.72,69.68,82.17,77.76
73.89,73.89,72.89,80.19,79.81
71.74,71.74,67.03,78.99,80.84
75.13,75.13,60.55,81.23,80.20
79.26,79.26,55.19,81.07,76.05
79.09,79.09,51.08,78.41,76.02
79.83,79.83,51.20,80.00,76.87
79.76,79.76,47.33,80.89,75.88
78.98,78.98,49.17,78.20,75.78
77.50,77.50,53.23,78.93,76.57
76.55,76.55,56.25,79.00,74.78
74.60,74.60,67.88,78.98,76.30
73.69,73.69,75.13,80.49,77.47
73.17,73.17,73.62,78.75,74.33
72.83,72.83,67.49,78.71,72.02
72.54,72.54,66.27,78.13,71.95
72.05,72.05,73.21,75.74,72.50
76.02,76.02,77.17,58.88,71.05
76.77,76.77,89.54,67.60,70.50
70.03,70.03,91.43,67.92,68.44
66.93,66.93,90.98,63.42,68.90
69.95,69.95,81.97,66.63,69.84
70.92,70.92,85.08,68.77,70.50
75.11,75.11,83.39,70.22,71.81
76.36,76.36,78.77,77.71,73.33
75.50,75.50,80.56,77.57,77.90
74.05,74.05,76.71,76.35,77.82
75.29,75.29,75.46,76.59,77.36
75.01,75.01,74.53,74.05,77.61
74.53,74.53,73.99,75.22,77.64
74.46,74.46,67.48,74.07,78.23
69.59,69.59,66.34,73.35,76.55
63.44,63.44,64.20,75.28,78.66
56.85,56.85,64.63,76.69,76.88
53.41,53.41,63.87,75.05,76.75
48.11,48.11,67.31,76.34,77.14
51.40,51.40,73.06,76.29,72.94
56.11,56.11,88.16,70.79,73.45
59.42,59.42,84.96,70.61,77.46
62.13,62.13,82.03,73.45,76.83
64.26,64.26,80.64,76.45,75.59
70.46,70.46,78.63,74.23,75.04
77.43,77.43,76.28,74.60,75.83
76.93,76.93,70.07,74.86,73.50
77.32,77.32,66.59,73.47,78.25
78.26,78.26,63.52,74.14,71.27
79.33,79.33,64.54,73.57,77.02
80.78,80.78,62.33,72.23,71.13
75.83,75.83,62.33,71.70,76.87
78.32,78.32,63.45,73.61,74.58
75.78,75.78,58.40,70.28,78.50
72.28,72.28,65.15,69.54,72.80
68.35,68.35,55.79,68.03,79.01
65.72,65.72,56.14,67.68,79.36
62.28,62.28,59.32,66.93,77.78
60.49,60.49,65.14,60.12,79.23
59.45,59.45,70.07,64.18,79.51
61.13,61.13,68.51,61.54,73.10
63.84,63.84,64.53,60.47,79.32
58.68,58.68,63.95,71.61,76.48
61.73,61.73,59.86,72.09,78.05
58.22,58.22,57.63,74.79,79.51
62.42,62.42,51.03,75.13,81.12
57.77,57.77,44.62,75.16,76.29
60.28,60.28,52.96,75.15,76.39
57.41,57.41,59.97,74.67,75.58
57.47,57.47,72.81,74.78,75.06
56.66,56.66,79.35,75.16,73.60
50.20,50.20,73.31,74.29,71.72
47.86,47.86,69.00,74.06,73.44
42.09,42.09,65.43,74.02,74.07
45.65,45.65,61.95,73.62,74.49
40.82,40.82,56.68,75.61,77.63
42.49,42.49,47.82,73.87,77.31
43.39,43.39,44.39,77.12,79.49
39.80,39.80,47.11,89.80,80.30
37.89,37.89,40.76,89.95,78.37
36.45,36.45,34.92,90.03,79.11
35.17,35.17,29.37,89.99,77.76
37.15,37.15,30.01,90.06,78.98
36.02,36.02,28.75,89.68,78.25
32.61,32.61,27.28,89.25,75.50
31.88,31.88,25.00,89.22,77.52
30.97,30.97,22.23,89.08,76.88
27.95,27.95,22.17,88.81,76.23
25.34,25.34,22.73,88.61,76.93
25.21,25.21,23.88,88.30,75.50
22.05,22.05,22.08,87.72,75.36
18.39,18.39,18.63,87.87,74.60
19.74,19.74,16.39,87.79,73.96
18.05,18.05,13.44,87.65,74.05
30.73,30.73,13.64,87.50,74.34
41.20,41.20,15.30,87.37,73.69
54.03,54.03,15.74,87.42,72.82
66.87,66.87,21.72,87.39,72.93
74.32,74.32,32.27,87.26,71.28
75.62,75.62,38.26,87.08,74.45
78.65,78.65,36.88,86.95,72.06
79.49,79.49,37.28,86.75,73.43
80.28,80.28,36.57,86.37,73.67
81.21,81.21,33.57,86.46,73.26
79.49,79.49,34.23,86.36,74.54
82.60,82.60,34.96,86.10,72.17
76.71,76.71,39.16,85.88,74.79
75.21,75.21,42.69,85.61,72.05
77.61,77.61,42.79,85.39,75.32
81.13,81.13,41.72,84.62,72.55
80.33,80.33,41.74,84.70,73.57
80.26,80.26,42.95,84.90,72.50
80.13,80.13,44.36,84.92,74.04
78.50,78.50,42.72,84.85,74.33
77.64,77.64,39.05,85.09,77.34
77.03,77.03,35.11,84.39,79.38
75.21,75.21,30.73,84.61,81.30
75.46,75.46,26.36,84.14,79.70
75.94,75.94,24.24,84.55,77.89
68.90,68.90,25.44,84.09,79.81
62.79,62.79,22.06,84.00,78.37
69.57,69.57,19.29,83.87,78.65
71.68,71.68,17.82,83.47,80.81
69.08,69.08,17.93,83.31,79.81
59.55,59.55,34.17,83.13,79.35
55.39,55.39,50.37,82.01,79.68
51.17,51.17,54.97,82.49,79.12
49.48,49.48,53.06,82.71,77.60
46.62,46.62,48.66,82.62,79.02
46.16,46.16,40.98,82.26,78.44
45.94,45.94,33.10,82.45,79.43
47.66,47.66,23.41,81.88,77.91
53.27,53.27,13.32,82.09,79.24
59.36,59.36,7.97,81.82,77.10
68.00,68.00,13.35,81.47,77.37
72.68,72.68,24.32,81.79,78.00
78.14,78.14,32.47,80.06,78.01
78.48,78.48,28.98,80.75,74.53
76.92,76.92,30.73,79.40,74.41
77.39,77.39,33.58,79.78,77.30
78.13,78.13,35.97,79.17,77.39
78.69,78.69,35.40,79.04,76.84
78.89,78.89,36.18,79.59,77.94
79.44,79.44,34.35,79.03,77.41
79.56,79.56,32.81,78.27,77.13
78.24,78.24,30.26,78.70,78.38
80.03,80.03,29.48,77.59,77.75
80.08,80.08,31.20,78.02,78.52
77.55,77.55,31.47,77.69,78.18
77.92,77.92,32.25,78.01,79.13
77.87,77.87,34.76,76.52,78.51
78.71,78.71,37.66,78.75,82.58
79.40,79.40,37.14,77.60,81.74
77.62,77.62,36.32,78.35,82.58
79.17,79.17,34.09,76.35,81.19
76.65,76.65,34.56,78.36,82.08
80.43,80.43,34.06,77.14,80.52
78.15,78.15,35.09,77.51,81.82
78.00,78.00,37.97,76.29,79.62
79.12,79.12,36.92,76.99,82.06
77.85,77.85,35.04,76.60,79.71
77.34,77.34,34.14,76.51,82.59
76.39,76.39,33.20,76.42,78.98
79.95,79.95,31.91,76.33,82.48
79.06,79.06,31.28,75.42,78.62
74.03,74.03,33.92,76.04,80.99
77.34,77.34,34.58,75.39,79.18
75.04,75.04,33.70,75.18,81.26
77.31,77.31,31.88,74.61,77.33
77.02,77.02,31.69,74.67,80.27
73.04,73.04,30.93,74.84,77.25
74.16,74.16,29.93,73.83,79.43
76.65,76.65,30.66,74.73,76.04
72.84,72.84,29.70,74.66,78.98
70.13,70.13,28.65,74.94,80.11
64.78,64.78,17.51,74.29,77.79
58.25,58.25,12.60,75.18,80.30
59.63,59.63,15.16,75.82,78.05
65.02,65.02,18.75,75.12,78.68
63.65,63.65,28.60,75.96,77.01
57.85,57.85,41.72,74.69,79.46
58.32,58.32,43.65,73.74,77.51
60.32,60.32,42.99,73.72,80.13
59.11,59.11,46.96,75.15,78.42
52.06,52.06,59.62,74.12,80.28
46.46,46.46,68.32,72.74,76.92
48.24,48.24,75.71,74.95,76.36
58.88,58.88,92.43,74.41,73.65
66.72,66.72,89.38,71.47,77.57
66.00,66.00,84.04,71.84,78.89
67.69,67.69,80.55,73.72,76.66
74.27,74.27,78.78,74.83,78.78
69.67,69.67,72.38,74.73,78.91
75.57,75.57,68.94,74.15,79.83
83.80,83.80,62.80,74.20,80.13
83.73,83.73,58.81,73.47,80.77
80.88,80.88,54.91,76.74,80.82
77.50,77.50,49.47,73.92,79.80
77.96,77.96,45.24,75.63,79.10
76.87,76.87,41.00,73.58,80.24
72.28,72.28,38.11,77.56,80.39
71.11,71.11,36.69,74.44,80.91
70.66,70.66,38.73,76.92,78.78
73.03,73.03,43.15,75.19,78.63
75.30,75.30,48.06,77.06,80.37
70.21,70.21,59.40,76.46,77.68
76.92,76.92,69.56,77.18,79.28
71.08,71.08,66.24,76.01,75.65
58.42,58.42,60.07,79.25,74.59
62.74,62.74,53.46,81.20,75.45
66.88,66.88,49.66,80.33,73.62
69.03,69.03,44.20,78.38,74.28
75.75,75.75,42.11,78.71,72.80
79.52,79.52,43.22,71.28,72.96
79.57,79.57,57.32,68.31,76.41
71.27,71.27,66.11,64.62,74.08
74.39,74.39,78.03,65.52,73.74
81.21,81.21,80.49,63.15,70.68
80.93,80.93,79.51,59.25,73.62
76.20,76.20,75.45,59.57,75.13
67.75,67.75,69.92,58.55,75.70
75.46,75.46,70.07,54.45,69.56
72.58,72.58,71.85,63.09,69.41
67.60,67.60,90.50,65.92,71.93
51.32,51.32,93.10,73.46,71.16
53.20,53.20,85.39,72.26,72.48
55.50,55.50,85.80,70.91,77.33
51.37,51.37,81.68,70.32,79.01
49.07,49.07,84.65,69.54,74.48
51.74,51.74,73.75,70.36,75.94
44.02,44.02,76.17,75.53,77.11
45.04,45.04,78.35,70.78,74.62
45.56,45.56,72.83,57.45,73.93
50.32,50.32,73.68,64.73,73.30
51.98,51.98,72.70,50.18,72.56
54.70,54.70,67.20,51.87,76.16
48.92,48.92,68.34,49.40,74.34
45.44,45.44,61.54,47.27,74.71
45.03,45.03,56.06,44.54,74.66
39.92,39.92,63.28,51.26,73.95
38.56,38.56,65.94,55.79,71.80
48.91,48.91,70.74,64.55,69.00
59.18,59.18,93.86,77.85,70.49
60.72,60.72,93.36,82.38,72.21
70.47,70.47,82.12,84.17,72.35
75.98,75.98,83.04,84.20,72.82
76.48,76.48,81.82,87.89,75.01
79.58,79.58,78.20,83.77,73.71
79.87,79.87,74.64,83.42,71.25
80.39,80.39,74.21,86.89,74.30
80.00,80.00,76.08,83.13,73.36
79.34,79.34,71.48,74.32,72.31
79.90,79.90,60.21,85.04,75.07
76.18,76.18,57.18,86.04,72.12
76.65,76.65,54.25,80.47,70.80
64.01,64.01,56.86,83.60,72.23
60.62,60.62,56.78,86.45,69.24
58.44,58.44,52.71,80.32,68.47
53.84,53.84,57.99,82.55,73.84
47.52,47.52,66.76,86.31,70.28
49.88,49.88,76.85,79.13,79.49
50.13,50.13,83.08,80.67,76.47
53.70,53.70,82.86,85.88,78.44
56.00,56.00,81.33,82.49,76.96
59.10,59.10,79.48,80.01,76.82
62.99,62.99,77.13,87.12,74.01
72.04,72.04,72.68,83.05,73.94
71.70,71.70,69.35,79.23,76.89
71.44,71.44,68.32,84.23,74.84
66.15,66.15,68.01,84.32,75.66
65.37,65.37,72.47,80.28,76.40
66.40,66.40,86.59,82.93,71.95
65.10,65.10,93.64,82.72,70.86
65.78,65.78,91.23,82.91,74.35
67.10,67.10,86.17,84.32,69.58
64.44,64.44,82.53,83.12,67.89
58.40,58.40,80.31,83.11,73.38
48.93,48.93,84.72,81.51,72.14
44.57,44.57,78.69,83.47,72.16
56.90,56.90,79.58,82.40,74.87
59.00,59.00,71.26,80.92,72.56
64.15,64.15,64.63,83.96,71.82
68.44,68.44,67.27,82.66,69.45
68.51,68.51,64.90,80.73,70.76
71.34,71.34,63.61,82.21,69.75
72.86,72.86,57.75,83.46,68.74
70.99,70.99,52.49,81.16,71.52
70.62,70.62,57.88,81.87,72.53
69.57,69.57,65.88,81.70,73.91
73.23,73.23,73.74,79.70,73.94
79.49,79.49,82.37,78.99,75.11
79.96,79.96,82.13,79.26,76.20
79.98,79.98,75.64,77.97,74.88
82.52,82.52,71.73,78.08,74.43
81.32,81.32,69.96,81.33,77.64
82.27,82.27,64.83,78.97,77.81
77.27,77.27,64.87,78.01,79.17
84.04,84.04,67.11,79.59,81.55
79.11,79.11,74.17,81.21,82.00
83.39,83.39,68.25,76.77,83.14
80.92,80.92,62.60,78.80,83.91
85.29,85.29,59.70,79.15,79.72
76.01,76.01,55.61,77.89,80.52
71.88,71.88,56.66,78.58,82.57
73.37,73.37,50.11,78.46,79.99
78.94,78.94,51.82,77.14,77.58
82.78,82.78,57.64,78.89,80.92
85.03,85.03,65.57,77.94,77.67
84.51,84.51,82.26,76.85,75.39
85.52,85.52,76.73,76.37,77.94
86.10,86.10,74.78,78.66,79.05
85.77,85.77,70.33,77.89,75.37
79.78,79.78,65.94,77.77,76.81
79.12,79.12,63.66,76.56,76.71
80.60,80.60,68.51,75.23,73.86
79.76,79.76,85.71,73.07,74.81
67.98,67.98,90.28,71.95,71.40
71.53,71.53,88.35,71.84,72.28
72.44,72.44,90.24,69.29,73.99
75.83,75.83,79.25,66.64,76.97
79.03,79.03,85.82,69.72,75.96
80.66,80.66,78.67,74.28,74.14
79.68,79.68,78.46,72.01,76.67
80.35,80.35,78.25,71.62,76.44
77.80,77.80,74.84,69.74,74.57
79.16,79.16,74.10,71.81,76.64
79.05,79.05,73.81,74.73,77.20
77.47,77.47,67.10,73.11,72.80
79.13,79.13,66.42,73.68,76.01
74.62,74.62,65.26,74.66,75.40
75.23,75.23,65.75,76.77,78.71
64.67,64.67,65.82,74.79,73.28
58.54,58.54,68.97,72.16,77.35
58.86,58.86,80.44,76.35,72.46
59.26,59.26,91.63,74.50,75.33
62.48,62.48,89.40,74.68,74.86
62.80,62.80,83.33,71.10,78.95
67.43,67.43,80.12,72.87,78.47
70.99,70.99,78.27,72.61,80.34
72.05,72.05,75.62,71.86,77.06
73.82,73.82,69.30,71.88,77.79
72.94,72.94,65.62,72.00,76.45
75.39,75.39,63.85,71.75,76.73
74.07,74.07,62.83,72.45,73.23
74.51,74.51,57.83,70.50,75.71
75.23,75.23,60.13,69.04,74.62
77.40,77.40,56.09,69.28,73.12
76.71,76.71,52.35,71.22,75.65
76.75,76.75,54.38,69.35,77.52
76.16,76.16,52.55,62.77,76.35
75.90,75.90,48.74,66.27,74.41
77.14,77.14,53.59,65.45,77.26
76.18,76.18,65.19,54.05,76.22
79.26,79.26,69.41,63.05,74.50
79.79,79.79,64.24,64.88,73.38
76.96,76.96,58.11,70.69,76.71
71.77,71.77,52.49,73.52,74.56
77.51,77.51,57.90,74.97,74.16
77.45,77.45,67.14,80.02,74.27
74.48,74.48,75.65,81.92,78.24
67.63,67.63,69.82,80.43,71.71
75.43,75.43,63.57,79.36,72.56
74.97,74.97,67.36,80.16,71.99
68.37,68.37,74.82,79.91,68.03
59.79,59.79,81.95,80.65,71.86
49.64,49.64,78.02,80.97,65.71
47.80,47.80,74.86,80.34,70.17
45.78,45.78,76.04,79.01,70.41
45.10,45.10,73.62,76.38,71.41
40.31,40.31,76.78,72.92,70.66
45.95,45.95,90.76,72.90,68.76
43.24,43.24,93.54,77.18,70.85
43.11,43.11,85.80,78.92,71.52
40.24,40.24,83.45,77.91,73.55
39.43,39.43,85.31,77.11,75.29
37.17,37.17,81.18,78.43,74.71
36.04,36.04,79.25,81.35,75.96
35.05,35.05,78.09,83.81,75.37
32.56,32.56,79.46,82.58,74.22
31.53,31.53,74.05,83.41,74.07
28.64,28.64,72.72,81.13,75.63
28.13,28.13,70.05,80.10,75.60
28.01,28.01,67.00,82.29,74.80
26.15,26.15,59.77,83.05,74.54
22.96,22.96,62.69,82.27,73.14
23.20,23.20,58.61,80.74,74.45
26.09,26.09,57.23,81.59,72.03
26.26,26.26,63.64,81.23,73.12
38.55,38.55,79.49,77.98,73.44
50.72,50.72,93.06,78.11,69.16
59.30,59.30,92.08,79.40,68.70
70.79,70.79,89.13,78.26,69.81
81.15,81.15,84.60,79.77,70.83
75.92,75.92,80.57,80.05,72.21
80.12,80.12,78.83,78.04,70.62
79.13,79.13,74.74,74.65,72.54
80.38,80.38,79.39,78.14,71.47
81.29,81.29,74.13,81.35,71.91
83.25,83.25,69.26,81.82,73.33
82.84,82.84,73.14,80.97,73.03
79.47,79.47,70.08,81.69,72.31
82.34,82.34,64.05,81.02,72.21
78.66,78.66,63.52,80.48,73.20
78.80,78.80,61.39,79.74,73.29
78.27,78.27,60.40,80.28,71.29
77.17,77.17,60.12,80.50,71.67
73.65,73.65,69.82,79.64,71.47
67.27,67.27,84.71,80.10,73.30
65.35,65.35,90.27,74.24,75.26
56.40,56.40,86.46,75.98,77.01
55.54,55.54,82.42,78.28,77.33
53.89,53.89,78.92,79.47,77.66
51.12,51.12,73.72,78.55,75.82
49.16,49.16,70.65,78.74,79.08
46.16,46.16,67.07,78.90,78.47
43.10,43.10,62.79,77.86,77.93
44.09,44.09,63.40,77.62,77.94
38.08,38.08,69.55,74.18,76.04
41.65,41.65,84.00,69.89,76.07
42.76,42.76,94.60,69.28,72.39
41.12,41.12,84.51,66.48,76.54
40.24,40.24,87.71,68.52,77.64
40.70,40.70,83.12,66.58,77.10
36.69,36.69,83.08,65.92,77.18
43.85,43.85,78.49,69.09,76.05
53.08,53.08,77.10,72.95,75.89
67.85,67.85,78.00,72.11,76.25
69.58,69.58,72.42,70.51,74.96
75.53,75.53,70.46,74.60,73.49
77.87,77.87,66.16,73.62,73.28
79.19,79.19,61.60,69.19,76.22
79.55,79.55,61.64,70.44,73.86
78.33,78.33,58.06,71.56,75.11
77.82,77.82,54.80,70.62,75.57
78.15,78.15,54.87,72.07,75.14
76.04,76.04,63.71,71.02,76.33
78.57,78.57,71.01,71.40,74.37
77.07,77.07,86.12,73.11,72.99
76.47,76.47,80.39,71.98,71.28
77.89,77.89,71.95,69.37,75.89
76.22,76.22,66.10,65.77,77.51
77.65,77.65,61.16,65.76,77.36
79.23,79.23,56.83,68.22,77.49
76.93,76.93,57.29,66.11,78.16
77.86,77.86,66.88,69.98,79.18
79.00,79.00,74.58,68.18,81.23
79.39,79.39,69.47,69.28,82.03
73.84,73.84,61.67,68.61,81.28
77.68,77.68,55.94,70.68,81.95
74.82,74.82,49.46,70.57,81.11
79.32,79.32,43.24,68.90,80.83
78.96,78.96,39.25,68.25,82.02
74.27,74.27,41.24,69.36,79.61
78.68,78.68,51.99,66.14,81.25
68.68,68.68,65.85,67.98,78.77
59.61,59.61,75.99,63.79,79.54
60.77,60.77,83.37,64.73,78.34
57.63,57.63,74.91,66.57,78.61
55.51,55.51,70.02,65.47,78.59
52.27,52.27,65.38,63.92,79.71
49.11,49.11,68.62,61.63,77.70
46.26,46.26,72.41,61.07,77.77
53.65,53.65,89.98,64.26,76.80
51.88,51.88,90.49,66.26,75.98
51.22,51.22,92.45,66.63,73.84
48.32,48.32,85.17,65.66,75.58
48.81,48.81,84.69,70.10,74.61
47.73,47.73,83.30,73.77,76.61
48.92,48.92,79.08,76.06,77.39
48.47,48.47,80.90,78.92,74.84
49.74,49.74,79.83,77.68,78.72
44.32,44.32,72.85,73.05,77.66
40.61,40.61,75.57,69.41,77.40
40.54,40.54,74.16,70.78,76.23
40.40,40.40,69.28,73.47,78.67
40.51,40.51,67.40,71.99,75.26
42.05,42.05,64.40,71.72,79.34
42.93,42.93,57.81,74.03,77.37
42.58,42.58,62.46,73.24,78.20
44.69,44.69,68.79,71.59,77.49
51.78,51.78,79.31,65.00,78.98
60.97,60.97,89.93,67.64,77.84
63.61,63.61,86.62,64.49,78.76
65.51,65.51,82.57,67.06,82.25
63.31,63.31,81.22,70.42,82.20
65.06,65.06,76.39,71.65,81.45
68.79,68.79,73.92,73.50,80.26
72.10,72.10,70.01,73.16,81.75
71.95,71.95,67.03,73.50,81.12
67.65,67.65,64.28,73.75,80.91
69.57,69.57,58.64,76.15,82.17
71.85,71.85,54.75,70.11,82.53
72.28,72.28,50.08,78.11,83.34
74.54,74.54,46.05,75.64,81.02
75.11,75.11,40.78,81.38,82.88
73.88,73.88,36.15,75.87,83.91
70.94,70.94,37.12,78.68,83.86
68.97,68.97,44.02,76.60,81.18
65.85,65.85,52.36,79.69,83.69
62.79,62.79,68.90,75.55,81.49
61.78,61.78,69.52,78.94,82.30
65.47,65.47,66.50,77.83,78.86
72.22,72.22,58.51,79.72,78.53
72.90,72.90,52.17,76.49,82.30
76.32,76.32,45.82,75.71,84.33
77.37,77.37,42.31,74.67,80.24
77.32,77.32,36.10,70.17,82.11
71.62,71.62,36.25,70.98,80.61
77.34,77.34,48.64,71.74,75.93
80.18,80.18,64.40,73.69,74.30
78.63,78.63,71.42,71.17,75.01
76.48,76.48,81.16,69.54,76.74
73.14,73.14,80.50,70.83,75.37
72.65,72.65,75.76,72.13,77.96
69.10,69.10,71.11,68.54,74.76
60.21,60.21,69.64,66.40,75.54
54.47,54.47,76.70,64.55,72.32
56.21,56.21,94.05,60.02,73.28
48.00,48.00,89.90,55.44,74.41
43.17,43.17,87.95,56.68,76.87
42.51,42.51,85.26,60.46,79.77
47.96,47.96,80.57,66.21,81.13
44.82,44.82,86.51,65.58,78.61
37.34,37.34,78.56,63.22,77.98
35.71,35.71,77.81,65.62,78.78
49.96,49.96,80.70,59.17,79.14
52.42,52.42,74.91,58.20,79.21
47.09,47.09,75.85,57.77,78.63
38.32,38.32,75.63,56.94,79.19
42.21,42.21,70.35,50.80,80.39
37.78,37.78,66.75,55.08,77.66
41.87,41.87,63.59,51.65,79.36
42.06,42.06,62.40,53.13,77.98
37.59,37.59,61.41,51.80,75.47
31.62,31.62,69.02,53.78,74.65
29.62,29.62,79.81,61.31,71.36
30.42,30.42,92.93,71.05,71.19
41.14,41.14,90.29,81.06,70.13
49.67,49.67,87.63,82.66,72.21
59.30,59.30,75.71,82.38,72.29
66.70,66.70,79.06,85.37,73.88
79.32,79.32,81.28,83.03,73.12
81.08,81.08,77.68,84.77,73.41
78.39,78.39,81.13,88.12,72.20
79.32,79.32,74.37,90.08,72.91
81.92,81.92,63.39,82.60,73.99
80.10,80.10,66.34,83.14,73.46
79.21,79.21,67.43,86.75,72.54
77.94,77.94,63.77,83.42,72.17
75.56,75.56,52.27,82.79,73.21
67.68,67.68,47.33,88.10,71.14
63.70,63.70,53.40,81.89,71.87
51.56,51.56,63.62,82.01,69.63
54.45,54.45,71.62,88.32,68.94
63.31,63.31,82.74,80.38,72.54
65.27,65.27,90.74,74.27,73.72
72.58,72.58,87.33,82.01,75.52
66.28,66.28,83.53,83.53,77.30
65.88,65.88,80.71,78.87,78.97
75.06,75.06,76.71,84.04,78.01
68.08,68.08,74.29,85.53,78.14
75.42,75.42,69.80,81.85,76.63
77.40,77.40,67.14,83.83,77.43
77.66,77.66,65.51,85.28,76.19
77.08,77.08,70.54,78.38,77.20
78.11,78.11,80.62,78.55,76.36
76.66,76.66,90.72,80.87,75.49
72.16,72.16,92.68,81.59,73.66
70.10,70.10,81.21,81.69,75.49
59.74,59.74,87.27,86.05,76.13
66.36,66.36,82.17,84.73,73.38
68.49,68.49,79.99,83.82,75.47
68.04,68.04,75.90,83.00,75.47
68.25,68.25,76.05,84.82,72.87
69.93,69.93,74.26,83.12,77.29
64.97,64.97,70.87,82.94,74.55
64.09,64.09,69.18,84.04,71.39
60.98,60.98,60.40,82.17,72.50
57.55,57.55,51.11,81.24,75.73
55.71,55.71,51.61,82.51,75.55
50.07,50.07,58.84,81.28,76.35
48.50,48.50,59.08,82.75,76.87
50.25,50.25,71.14,81.94,78.83
52.19,52.19,72.64,79.75,78.66
56.83,56.83,86.12,77.10,77.88
66.60,66.60,86.43,82.42,75.37
73.26,73.26,79.64,80.51,76.28
76.97,76.97,73.58,79.27,75.67
76.40,76.40,68.68,80.67,76.12
79.24,79.24,65.79,81.95,78.49
76.05,76.05,65.93,79.37,81.35
77.08,77.08,69.88,80.76,82.53
76.30,76.30,72.51,80.33,80.54
78.20,78.20,66.12,80.71,81.71
75.01,75.01,60.93,80.65,80.40
77.45,77.45,57.21,79.19,79.53
75.44,75.44,51.11,79.66,75.86
76.61,76.61,49.36,80.05,78.59
76.87,76.87,49.11,80.53,79.10
78.14,78.14,48.07,78.99,74.69
74.29,74.29,51.12,78.26,77.63
77.82,77.82,61.86,80.43,76.14
78.52,78.52,69.66,79.32,75.95
77.23,77.23,79.36,78.48,77.45
75.67,75.67,72.08,78.68,74.17
75.33,75.33,66.93,80.20,72.90
77.79,77.79,65.69,77.40,74.73
77.72,77.72,74.51,71.46,73.48
77.69,77.69,80.11,63.51,72.83
73.66,73.66,93.49,73.11,73.18
64.86,64.86,94.50,70.78,70.82
63.93,63.93,81.44,70.50,73.67
65.95,65.95,84.76,67.12,72.48
64.24,64.24,81.51,64.35,74.87
68.74,68.74,83.47,71.25,75.69
69.64,69.64,76.93,75.70,74.52
68.18,68.18,82.74,78.13,79.16
66.95,66.95,76.49,79.83,79.77
66.61,66.61,74.54,77.10,79.79
53.70,53.70,73.87,74.56,78.36
46.68,46.68,71.67,75.89,78.89
47.54,47.54,66.31,75.98,80.02
46.64,46.64,65.35,75.51,77.50
45.62,45.62,64.62,74.16,76.39
44.84,44.84,64.31,76.61,78.03
41.32,41.32,63.91,76.76,76.40
42.21,42.21,68.68,75.49,75.73
42.51,42.51,81.70,71.02,72.01
43.51,43.51,92.16,63.70,74.12
43.12,43.12,90.71,72.97,74.66
40.72,40.72,86.69,73.43,77.86
40.30,40.30,80.98,73.72,77.98
42.85,42.85,76.96,73.42,79.70
40.74,40.74,74.03,72.77,77.40
38.90,38.90,68.74,73.54,78.98
32.93,32.93,64.09,72.58,80.91
30.78,30.78,59.26,71.91,77.10
28.66,28.66,59.44,72.14,75.36
28.87,28.87,62.24,73.03,77.32
30.15,30.15,55.91,70.27,76.74
28.54,28.54,57.49,70.71,77.65
34.07,34.07,53.65,71.36,78.87
32.60,32.60,49.05,69.59,78.39
29.74,29.74,51.33,67.31,78.20
29.75,29.75,43.55,68.51,79.25
35.31,35.31,50.07,65.09,78.20
50.42,50.42,64.39,61.71,73.22
55.63,55.63,71.29,65.55,78.29
63.12,63.12,65.52,59.89,73.41
73.62,73.62,61.74,71.98,76.29
79.36,79.36,58.71,76.01,75.93
81.56,81.56,63.69,75.28,76.19
80.43,80.43,68.24,74.11,76.26
80.66,80.66,66.03,76.01,78.89
81.71,81.71,62.35,76.67,75.63
78.53,78.53,62.78,76.33,74.14
84.68,84.68,70.11,76.64,75.67
82.01,82.01,76.58,75.58,69.65
80.24,80.24,79.14,74.65,70.98
79.99,79.99,75.80,74.50,71.00
78.03,78.03,70.97,75.24,73.48
76.42,76.42,66.91,74.97,72.65
75.63,75.63,69.43,72.63,74.28
75.05,75.05,78.17,71.99,73.19
74.34,74.34,93.65,77.80,72.84
74.55,74.55,92.63,81.13,74.00
80.35,80.35,83.94,83.24,75.41
80.58,80.58,80.65,84.01,76.03
81.04,81.04,80.58,84.21,74.21
81.94,81.94,79.27,83.94,76.43
82.36,82.36,75.90,86.04,77.42
80.83,80.83,78.14,87.33,75.25
81.20,81.20,74.21,87.85,75.30
81.08,81.08,74.27,87.14,75.53
80.47,80.47,72.04,86.61,75.13
78.73,78.73,70.67,86.85,75.29
81.08,81.08,64.39,87.13,75.71
79.96,79.96,63.07,86.95,74.86
71.29,71.29,59.44,86.72,73.45
63.90,63.90,51.74,86.68,73.46
58.63,58.63,57.92,86.76,72.39
58.54,58.54,72.81,85.11,71.84
61.62,61.62,85.37,80.65,74.87
62.97,62.97,91.80,80.53,73.86
62.34,62.34,87.01,79.29,73.15
67.28,67.28,80.68,78.34,71.69
77.11,77.11,84.07,82.02,72.41
82.19,82.19,81.77,84.07,71.98
87.18,87.18,80.43,83.60,72.47
84.67,84.67,76.31,83.23,71.73
77.08,77.08,77.72,83.58,72.67
82.52,82.52,73.43,83.86,70.56
75.50,75.50,69.58,84.67,72.34
82.30,82.30,69.41,84.82,75.79
84.43,84.43,67.64,84.99,72.80
84.45,84.45,63.22,84.57,73.46
81.94,81.94,58.73,84.33,73.96
76.56,76.56,56.44,83.90,74.18
74.54,74.54,49.89,84.12,73.00
78.44,78.44,59.87,84.00,72.34
82.05,82.05,68.91,83.43,70.97
78.37,78.37,84.59,81.75,72.67
65.14,65.14,87.00,80.28,77.29
64.36,64.36,83.82,79.57,77.13
56.85,56.85,81.28,81.49,78.88
53.12,53.12,79.20,82.46,76.32
50.37,50.37,77.50,83.00,77.86
48.84,48.84,75.13,82.45,78.40
44.87,44.87,68.50,82.51,78.71
47.90,47.90,64.80,82.30,79.33
44.72,44.72,65.32,81.92,77.90
48.18,48.18,72.62,80.19,78.55
50.16,50.16,86.76,79.50,76.92
45.76,45.76,91.03,79.78,74.63
47.43,47.43,88.93,79.77,77.88
50.73,50.73,82.24,79.43,77.86
50.03,50.03,85.02,78.42,78.01
45.29,45.29,79.01,76.33,77.04
45.06,45.06,79.95,76.30,77.45
47.27,47.27,82.01,75.77,74.72
45.16,45.16,76.17,74.99,75.66
47.12,47.12,70.44,77.48,76.03
46.23,46.23,67.49,78.51,75.83
45.98,45.98,69.01,78.96,76.77
43.67,43.67,65.76,77.69,77.45
47.75,47.75,63.33,77.40,76.79
48.17,48.17,57.88,78.17,75.47
54.63,54.63,54.21,78.65,75.52
48.36,48.36,57.50,79.29,78.52
57.74,57.74,65.77,77.92,74.57
52.70,52.70,75.36,77.83,77.49
46.20,46.20,81.29,77.40,76.97
45.56,45.56,78.59,77.06,74.09
47.07,47.07,73.47,78.89,77.35
47.31,47.31,67.17,78.27,77.78
48.27,48.27,63.28,76.47,76.08
47.43,47.43,57.78,78.16,77.75
45.55,45.55,58.55,77.29,78.88
44.38,44.38,68.59,76.53,80.76
39.12,39.12,71.22,77.02,81.11
42.26,42.26,65.86,76.39,84.53
41.52,41.52,57.52,76.16,81.67
43.13,43.13,52.67,76.59,81.14
39.49,39.49,45.40,77.11,80.76
35.90,35.90,39.54,76.12,81.85
39.09,39.09,35.31,76.88,82.69
36.07,36.07,40.27,76.78,82.12
42.42,42.42,51.70,76.25,80.82
31.71,31.71,62.51,76.04,80.06
36.10,36.10,74.29,76.66,81.84
27.73,27.73,76.40,75.48,79.17
28.20,28.20,68.22,75.47,79.71
32.57,32.57,63.33,74.81,78.24
21.78,21.78,65.50,73.96,80.51
17.80,17.80,70.07,68.59,76.62
9.12,9.12,85.90,68.42,76.52
3.63,3.63,94.55,68.79,71.24
2.41,2.41,88.21,69.36,72.64
11.78,11.78,83.68,65.91,75.80
15.13,15.13,86.17,61.47,75.56
13.85,13.85,81.58,59.48,74.31
9.11,9.11,79.06,63.96,76.37
4.61,4.61,79.45,68.95,78.18
12.51,12.51,80.99,74.80,76.90
19.42,19.42,76.05,76.72,77.11
16.04,16.04,75.46,74.99,77.48
11.51,11.51,72.98,74.21,76.42
14.07,14.07,67.95,72.84,77.17
16.44,16.44,65.70,72.45,79.24
19.31,19.31,64.90,73.76,76.64
20.97,20.97,55.22,74.00,78.77
22.28,22.28,54.37,74.42,77.05
17.23,17.23,64.02,74.41,77.48
8.26,8.26,70.15,74.57,77.02
4.51,4.51,80.72,74.07,77.80
1.89,1.89,91.21,71.76,74.98
0.45,0.45,87.36,67.85,78.83
0.45,0.45,83.43,72.28,82.13
0.45,0.45,80.18,74.69,80.06
0.45,0.45,76.69,75.30,80.75
0.46,0.46,72.08,75.45,81.01
1.82,1.82,68.72,74.79,82.25
3.73,3.73,61.96,75.12,81.17
7.74,7.74,59.01,75.74,81.28
7.98,7.98,52.24,76.22,81.59
6.64,6.64,48.79,72.33,80.99
5.41,5.41,41.76,76.61,82.20
5.60,5.60,37.90,69.45,81.18
5.48,5.48,34.24,78.30,81.90
4.57,4.57,32.10,76.74,82.27
4.10,4.10,34.88,78.03,80.99
2.69,2.69,41.42,72.73,81.00
0.91,0.91,50.06,74.28,81.59
0.89,0.89,65.03,78.47,80.32
0.93,0.93,70.62,78.98,78.50
1.10,1.10,66.65,77.39,76.89
3.73,3.73,59.38,78.96,76.15
10.46,10.46,52.48,81.88,75.07
14.35,14.35,48.34,80.41,75.39
13.51,13.51,41.13,78.25,73.50
20.15,20.15,41.24,74.61,74.59
20.88,20.88,48.00,70.53,75.19
21.91,21.91,65.00,60.28,76.83
17.09,17.09,70.77,56.01,75.10
7.27,7.27,82.79,48.30,72.07
4.77,4.77,83.22,46.26,71.46
3.18,3.18,78.61,41.54,73.74
3.21,3.21,75.39,44.05,75.98
8.78,8.78,70.04,43.78,74.21
7.48,7.48,72.16,47.72,72.92
2.20,2.20,74.62,55.31,67.53
0.66,0.66,93.76,66.19,70.37
0.46,0.46,90.15,72.08,71.29
1.28,1.28,88.47,68.82,74.87
5.49,5.49,82.24,69.68,77.37
11.22,11.22,80.41,72.95,78.72
16.73,16.73,80.98,64.97,77.32
18.69,18.69,74.46,70.30,75.44
19.83,19.83,78.32,75.08,77.03
20.72,20.72,77.49,70.28,75.15
15.56,15.56,74.94,55.46,74.31
14.37,14.37,72.98,60.82,74.05
17.63,17.63,72.16,47.64,75.53
20.75,20.75,62.06,46.38,75.72
21.38,21.38,67.75,47.72,75.58
22.08,22.08,62.11,38.54,74.42
20.81,20.81,59.17,42.08,74.72
17.23,17.23,65.80,50.13,75.84
12.78,12.78,67.07,60.35,70.77
13.75,13.75,78.81,66.65,69.72
1.85,1.85,95.20,77.12,68.40
4.25,4.25,89.56,83.36,74.35
8.58,8.58,82.88,86.27,73.57
12.35,12.35,84.96,83.13,72.74
12.48,12.48,81.56,84.62,74.83
12.41,12.41,77.20,88.22,75.52
11.27,11.27,73.63,82.98,72.82
14.52,14.52,78.19,83.36,73.93
14.69,14.69,79.19,85.70,76.22
18.18,18.18,73.83,77.27,72.22
20.78,20.78,53.13,82.18,75.18
23.19,23.19,55.50,87.25,74.68
24.69,24.69,54.66,83.29,71.84
28.33,28.33,61.08,80.74,74.09
28.84,28.84,56.66,88.09,73.02
26.00,26.00,54.90,83.25,71.12
19.62,19.62,58.76,80.39,70.82
10.52,10.52,68.22,86.38,69.46
7.37,7.37,84.81,81.64,72.26
1.66,1.66,91.72,72.52,75.84
0.45,0.45,88.28,80.81,76.52
0.45,0.45,82.31,84.46,76.98
0.45,0.45,79.04,81.02,75.58
0.50,0.50,76.49,82.03,73.32
0.90,0.90,72.30,85.09,73.22
4.93,4.93,67.69,80.53,75.48
9.92,9.92,63.56,82.38,75.11
10.09,10.09,68.14,84.47,72.12
7.38,7.38,75.76,79.69,73.29
7.62,7.62,87.85,81.38,70.98
10.82,10.82,93.56,81.85,69.69
15.22,15.22,86.78,80.71,73.94
19.76,19.76,85.03,81.28,70.87
20.20,20.20,84.60,82.31,69.21
17.07,17.07,82.53,84.39,69.46
12.00,12.00,81.25,80.29,70.82
7.96,7.96,79.58,81.35,72.14
6.03,6.03,78.43,83.03,72.34
5.16,5.16,69.15,81.70,72.65
14.94,14.94,65.73,81.23,70.30
18.39,18.39,65.84,82.56,70.52
24.00,24.00,63.82,81.27,68.62
22.28,22.28,65.19,81.65,68.29
21.73,21.73,61.24,83.49,72.11
18.47,18.47,56.38,81.50,69.09
17.04,17.04,59.14,81.31,70.56
17.26,17.26,71.17,82.53,75.53
13.89,13.89,80.99,81.17,75.19
6.07,6.07,81.36,78.62,73.49
2.19,2.19,83.67,79.31,73.51
1.00,1.00,77.82,80.25,75.47
1.18,1.18,72.54,77.68,73.84
1.50,1.50,67.16,78.54,75.43
0.76,0.76,64.04,79.25,79.41
0.45,0.45,65.49,78.89,79.41
0.64,0.64,69.46,79.98,80.56
0.97,0.97,71.60,79.86,82.19
3.43,3.43,65.97,78.07,84.07
8.95,8.95,59.72,78.16,81.24
13.87,13.87,55.50,79.81,80.73
21.35,21.35,48.61,77.75,79.91
35.07,35.07,49.06,78.04,79.65
34.91,34.91,47.09,79.09,79.40
31.32,31.32,52.59,78.19,78.74
21.92,21.92,60.94,76.91,78.76
7.97,7.97,77.61,78.05,74.94
10.23,10.23,74.83,79.07,77.23
13.65,13.65,74.34,77.01,79.07
13.66,13.66,73.62,77.00,78.15
18.17,18.17,66.67,77.89,76.88
21.60,21.60,65.90,77.55,76.35
20.44,20.44,66.58,74.91,75.69
23.60,23.60,78.78,74.10,71.90
36.35,36.35,93.30,73.49,71.78
40.34,40.34,92.16,71.73,71.60
45.85,45.85,92.03,67.88,71.47
50.53,50.53,84.77,67.54,72.50
56.65,56.65,81.79,69.14,74.87
56.96,56.96,82.85,72.97,72.72
59.25,59.25,76.31,73.71,76.02
57.32,57.32,80.17,73.78,79.85
59.81,59.81,76.63,69.97,79.20
65.79,65.79,73.65,67.63,81.00
61.55,61.55,74.37,72.84,80.99
60.63,60.63,73.64,71.23,81.71
63.03,63.03,67.97,72.83,79.01
63.38,63.38,66.29,75.20,82.88
64.78,64.78,65.57,73.72,77.44
66.97,66.97,65.88,73.01,80.34
69.77,69.77,67.19,76.10,75.85
70.75,70.75,72.93,73.91,78.26
60.31,60.31,84.17,73.08,73.11
62.73,62.73,84.17,75.25,77.04
70.56,70.56,83.19,73.48,79.36
69.93,69.93,82.42,70.50,76.14
63.27,63.27,79.15,74.42,79.91
65.24,65.24,75.96,72.28,76.64
63.13,63.13,72.73,71.24,77.50
68.01,68.01,68.24,72.34,75.39
69.35,69.35,67.40,74.11,77.08
69.31,69.31,65.30,70.17,76.01
67.65,67.65,68.30,69.97,77.66
68.31,68.31,62.29,70.78,75.61
65.48,65.48,59.51,68.31,78.96
64.42,64.42,65.16,69.17,77.41
67.52,67.52,58.34,70.92,79.68
70.95,70.95,56.27,68.81,77.63
67.59,67.59,60.51,61.99,78.23
63.08,63.08,51.04,66.83,77.01
62.54,62.54,55.26,65.52,81.13
56.57,56.57,69.33,60.21,78.25
53.95,53.95,69.24,62.80,78.31
53.65,53.65,61.98,62.09,77.64
53.92,53.92,54.01,72.62,78.18
46.84,46.84,45.94,76.13,78.29
45.87,45.87,38.34,77.31,78.36
46.80,46.80,35.98,78.44,78.05
47.12,47.12,36.35,79.49,79.19
47.11,47.11,45.90,78.96,76.72
41.73,41.73,58.96,79.27,75.94
37.26,37.26,70.70,78.79,73.80
38.01,38.01,78.45,76.32,72.81
35.52,35.52,81.92,78.40,74.47
33.09,33.09,75.56,78.51,70.54
27.90,27.90,71.72,78.44,75.12
23.05,23.05,70.63,78.47,73.28
19.30,19.30,66.43,78.15,73.47
24.67,24.67,63.73,78.58,73.19
19.21,19.21,60.76,75.00,75.18
17.81,17.81,54.77,74.26,79.25
11.49,11.49,46.47,73.20,78.57
16.14,16.14,40.78,74.18,77.80
17.89,17.89,36.36,71.76,76.84
19.51,19.51,34.31,74.95,75.48
17.23,17.23,31.43,72.46,76.54
21.86,21.86,36.18,72.60,75.54
32.95,32.95,34.77,71.48,75.10
46.82,46.82,39.71,71.06,76.20
56.09,56.09,45.47,69.73,75.89
59.49,59.49,44.05,69.05,75.68
62.81,62.81,40.75,70.21,75.00
63.73,63.73,36.59,68.23,75.64
66.59,66.59,33.36,70.01,75.03
68.40,68.40,31.42,67.02,73.62
69.72,69.72,30.70,70.52,75.37
69.20,69.20,29.38,63.88,74.33
70.67,70.67,31.77,69.18,73.65
69.58,69.58,31.24,63.21,73.32
71.26,71.26,34.56,67.34,74.09
71.15,71.15,36.45,63.18,72.17
70.18,70.18,39.07,68.60,73.10
76.72,76.72,42.98,66.07,73.28
82.06,82.06,36.10,68.67,72.77
78.13,78.13,31.28,66.09,74.85
81.17,81.17,30.21,65.53,70.40
82.32,82.32,28.76,64.47,73.30
81.83,81.83,27.04,63.07,72.03
79.42,79.42,27.15,66.52,73.52
78.79,78.79,25.63,61.95,71.73
81.71,81.71,25.74,67.86,74.98
83.05,83.05,25.18,62.18,71.95
80.36,80.36,27.37,66.86,74.97
79.53,79.53,32.20,62.11,73.04
76.87,76.87,34.24,65.35,74.71
74.81,74.81,35.53,62.74,73.89
75.60,75.60,34.73,69.01,77.40
80.06,80.06,33.24,54.49,79.75
75.31,75.31,32.75,66.29,81.08
75.33,75.33,31.60,55.23,81.46
71.94,71.94,28.81,67.85,79.93
72.19,72.19,27.74,57.95,77.98
69.03,69.03,26.95,66.72,80.23
67.10,67.10,27.41,64.18,78.65
63.78,63.78,26.34,65.16,80.25
63.32,63.32,26.46,67.29,80.80
57.56,57.56,26.83,66.43,80.87
50.02,50.02,26.58,65.01,78.48
48.44,48.44,27.21,63.97,78.88
49.68,49.68,27.59,67.15,77.68
49.51,49.51,26.61,62.50,79.76
49.04,49.04,22.89,64.36,77.77
48.14,48.14,21.59,62.63,79.72
51.34,51.34,22.21,62.68,79.32
46.82,46.82,22.49,61.80,79.87
46.03,46.03,22.55,63.48,79.47
51.26,51.26,23.17,56.99,76.77
61.18,61.18,20.94,62.26,76.98
70.49,70.49,20.72,65.47,76.45
79.64,79.64,26.42,63.98,77.36
79.56,79.56,32.61,66.52,76.30
82.72,82.72,33.37,66.39,76.86
78.81,78.81,32.44,67.75,76.67
78.59,78.59,31.88,66.82,77.96
79.51,79.51,30.25,69.34,77.28
77.47,77.47,29.84,66.03,78.16
79.80,79.80,27.02,67.62,77.58
77.49,77.49,27.42,64.55,76.77
77.47,77.47,27.07,65.46,77.58
77.32,77.32,26.95,63.80,77.96
75.92,75.92,27.94,66.20,77.61
79.24,79.24,31.92,64.35,78.29
79.67,79.67,34.09,62.67,78.60
75.78,75.78,34.23,64.48,80.74
75.15,75.15,33.12,64.68,81.09
78.07,78.07,32.30,66.43,83.35
74.78,74.78,33.57,59.47,80.82
77.79,77.79,30.41,66.53,83.24
79.11,79.11,28.32,58.52,81.18
77.57,77.57,29.35,66.14,82.58
77.46,77.46,27.36,55.68,80.76
78.18,78.18,28.88,65.30,82.22
80.06,80.06,29.12,58.19,80.96
79.45,79.45,29.76,64.49,81.74
78.88,78.88,30.34,62.21,79.69
78.10,78.10,29.26,62.52,80.20
77.78,77.78,31.22,62.68,80.53
77.37,77.37,34.01,58.63,79.84
75.51,75.51,34.14,63.08,80.04
74.89,74.89,34.48,59.46,79.39
74.21,74.21,32.43,62.78,81.38
72.02,72.02,29.15,57.47,79.00
72.33,72.33,27.09,62.33,79.59
71.21,71.21,27.72,57.08,77.67
73.10,73.10,28.33,60.55,78.81
72.95,72.95,28.89,60.43,77.30
68.42,68.42,25.10,68.58,78.56
67.98,67.98,25.93,73.23,79.16
69.15,69.15,26.50,72.74,79.21
65.68,65.68,27.09,74.59,79.12
61.58,61.58,27.52,74.06,78.27
59.73,59.73,25.45,74.06,77.66
58.33,58.33,23.31,74.97,79.24
54.84,54.84,20.58,74.93,79.54
53.28,53.28,24.15,75.11,78.13
50.46,50.46,27.46,73.62,80.33
47.61,47.61,26.94,75.01,79.10
46.15,46.15,21.93,74.17,80.34
46.15,46.15,30.59,74.29,79.26
48.57,48.57,35.95,75.71,79.43
45.13,45.13,39.22,76.00,83.88
48.22,48.22,39.63,77.21,84.55
48.99,48.99,36.65,76.67,84.78
49.05,49.05,36.21,76.74,84.44
51.42,51.42,32.99,76.26,82.87
62.75,62.75,33.33,77.13,83.27
68.84,68.84,30.18,74.13,84.13
72.75,72.75,25.27,76.75,82.15
73.36,73.36,30.16,75.71,81.43
71.64,71.64,29.24,78.66,82.24
72.16,72.16,32.76,70.96,80.61
73.05,73.05,38.49,79.84,81.31
74.61,74.61,30.58,70.31,82.55
75.38,75.38,28.07,78.98,82.31
72.59,72.59,31.30,74.45,82.51
70.70,70.70,30.55,72.30,81.56
69.84,69.84,35.38,68.46,79.64
70.31,70.31,41.91,77.14,81.73
72.16,72.16,42.57,75.08,78.64
77.76,77.76,39.46,72.09,75.54
81.50,81.50,38.79,77.34,76.16
78.81,78.81,34.72,77.57,74.93
78.79,78.79,31.97,75.68,75.03
79.12,79.12,30.14,76.88,73.99
80.25,80.25,27.16,75.84,76.55
81.17,81.17,27.53,72.07,77.22
81.86,81.86,29.49,63.93,77.24
82.40,82.40,30.73,58.59,76.54
81.44,81.44,29.63,53.79,79.14
78.01,78.01,27.13,50.32,76.79
77.56,77.56,26.74,46.33,75.76
72.32,72.32,25.17,45.84,77.28
80.58,80.58,23.08,45.29,75.07
80.33,80.33,33.86,47.85,76.23
75.50,75.50,47.06,51.88,75.79
82.45,82.45,60.06,65.63,72.37
75.30,75.30,71.94,78.48,74.97
78.27,78.27,73.63,76.42,74.47
76.72,76.72,68.12,80.34,79.01
71.89,71.89,65.71,83.95,78.89
77.04,77.04,58.70,73.60,79.56
72.91,72.91,56.67,71.90,79.34
74.15,74.15,55.33,68.89,77.33
73.15,73.15,51.03,59.70,78.17
71.43,71.43,46.08,57.37,77.60
72.10,72.10,55.73,57.21,76.54
69.59,69.59,48.69,50.07,77.31
71.58,71.58,47.04,47.78,77.05
66.68,66.68,48.97,52.11,76.14
64.60,64.60,43.48,46.68,77.76
63.37,63.37,33.02,38.64,75.04
61.74,61.74,28.92,37.60,75.24
63.59,63.59,28.72,48.04,77.85
65.22,65.22,24.02,62.16,72.72
67.67,67.67,22.79,74.01,72.88
67.11,67.11,29.06,80.21,72.43
73.48,73.48,37.66,87.60,71.92
75.99,75.99,39.02,77.35,72.19
76.19,76.19,37.02,75.06,70.74
80.75,80.75,36.91,85.39,73.44
81.57,81.57,38.82,78.09,74.28
76.99,76.99,39.93,72.60,74.82
76.97,76.97,41.20,84.64,74.14
76.11,76.11,36.73,79.25,74.59
67.18,67.18,34.58,73.99,73.34
65.45,65.45,33.64,83.16,76.71
66.46,66.46,35.51,82.47,74.49
68.87,68.87,35.59,74.46,72.92
68.96,68.96,32.97,80.07,75.38
70.92,70.92,33.36,84.09,73.83
69.44,69.44,45.80,78.18,71.42
65.88,65.88,56.27,79.58,73.00
62.63,62.63,67.05,84.54,75.34
50.17,50.17,75.97,79.23,71.52
52.08,52.08,93.01,79.40,72.44
52.04,52.04,87.27,80.64,72.18
53.79,53.79,83.96,78.51,73.63
53.36,53.36,80.93,75.25,77.91
62.30,62.30,76.48,81.38,74.95
69.23,69.23,72.68,81.11,73.42
69.77,69.77,69.53,76.16,76.33
67.07,67.07,65.25,80.18,77.47
70.56,70.56,62.25,82.12,73.22
67.79,67.79,68.07,77.12,74.00
65.58,65.58,78.42,76.85,73.03
69.14,69.14,93.47,78.82,69.04
63.46,63.46,92.56,71.56,69.54
52.34,52.34,78.48,67.34,72.48
47.02,47.02,89.86,71.03,71.71
47.79,47.79,80.74,74.34,72.63
53.04,53.04,79.13,76.67,70.64
47.67,47.67,83.25,79.84,71.97
54.38,54.38,78.38,79.14,72.48
55.73,55.73,72.32,77.49,73.50
61.57,61.57,68.91,80.41,69.40
58.24,58.24,70.66,82.44,70.35
58.69,58.69,66.99,77.30,70.64
54.86,54.86,61.03,80.42,70.88
50.62,50.62,57.89,80.69,71.72
51.16,51.16,58.77,78.86,69.71
55.76,55.76,63.80,78.40,70.65
50.49,50.49,68.47,81.98,73.82
46.11,46.11,72.88,81.32,72.67
51.65,51.65,88.40,79.65,72.98
60.79,60.79,84.71,81.47,72.92
67.25,67.25,76.92,81.17,73.60
75.83,75.83,72.24,82.53,74.37
81.37,81.37,66.57,82.68,74.79
77.45,77.45,66.19,81.64,78.57
84.77,84.77,66.48,80.34,77.92
79.38,79.38,70.52,82.00,80.54
85.02,85.02,69.45,82.07,82.25
83.39,83.39,63.41,80.04,84.49
73.31,73.31,57.66,81.62,81.37
65.15,65.15,52.19,83.52,80.26
54.70,54.70,46.65,81.49,81.08
57.86,57.86,47.51,80.40,78.52
58.74,58.74,47.67,81.88,79.06
59.92,59.92,46.39,82.86,79.84
61.60,61.60,52.64,80.83,80.26
60.32,60.32,61.56,81.41,77.88
55.81,55.81,71.38,81.20,78.86
52.22,52.22,75.51,82.17,81.01
49.33,49.33,71.66,81.36,75.92
48.35,48.35,66.32,80.97,75.84
50.65,50.65,64.44,79.79,76.72
45.62,45.62,69.17,80.38,75.80
54.53,54.53,80.50,79.72,74.36
56.01,56.01,91.87,76.82,73.80
60.34,60.34,90.55,76.26,73.13
67.19,67.19,86.87,80.06,72.15
71.10,71.10,82.97,80.49,73.94
66.27,66.27,86.09,79.34,73.29
70.17,70.17,77.75,79.14,73.25
71.10,71.10,80.17,79.50,75.13
62.74,62.74,79.57,76.68,79.69
61.24,61.24,75.67,76.00,78.08
57.89,57.89,76.08,78.03,81.33
56.76,56.76,72.99,79.71,80.07
53.28,53.28,68.56,78.81,82.65
56.92,56.92,65.69,80.05,80.34
58.84,58.84,62.99,78.37,82.83
62.30,62.30,63.89,77.82,76.50
64.07,64.07,65.11,79.63,80.35
62.71,62.71,64.89,78.37,76.99
57.03,57.03,67.44,76.63,78.82
60.72,60.72,80.87,79.46,74.60
67.29,67.29,86.26,79.26,79.00
69.77,69.77,81.60,75.92,78.71
69.97,69.97,80.80,76.93,77.00
79.02,79.02,79.56,77.07,78.92
78.18,78.18,75.34,70.33,77.73
79.50,79.50,69.83,62.24,79.38
77.56,77.56,65.34,58.13,77.36
80.49,80.49,63.87,58.50,78.98
79.58,79.58,59.56,44.01,77.51
74.74,74.74,63.78,42.35,78.11
74.62,74.62,65.34,23.88,76.23
72.62,72.62,61.79,25.92,79.10
66.06,66.06,62.46,19.16,75.65
63.42,63.42,57.75,17.50,79.12
56.82,56.82,56.11,16.57,78.64
59.51,59.51,59.81,15.10,78.93
61.84,61.84,54.05,18.22,76.93
61.74,61.74,58.78,24.88,79.74
65.69,65.69,67.24,45.56,78.42
65.13,65.13,67.80,57.08,79.20
60.88,60.88,63.67,62.28,77.82
66.02,66.02,59.40,77.12,80.43
69.99,69.99,51.93,81.91,79.25
71.03,71.03,45.14,81.89,77.98
77.26,77.26,39.39,84.51,79.47
79.42,79.42,41.34,84.97,79.31
79.05,79.05,53.79,85.93,78.01
78.25,78.25,63.28,85.36,75.92
76.15,76.15,74.08,85.49,72.96
67.69,67.69,80.66,84.90,72.27
62.57,62.57,83.05,85.72,71.47
65.29,65.29,76.47,86.10,69.37
62.51,62.51,71.75,85.47,72.57
64.17,64.17,70.16,85.87,69.57
58.60,58.60,72.97,85.67,72.18
54.23,54.23,80.25,82.69,69.11
48.08,48.08,94.16,78.72,66.67
46.88,46.88,91.00,81.81,69.01
45.88,45.88,87.57,83.87,70.46
43.29,43.29,82.20,80.53,71.71
40.71,40.71,82.38,81.99,72.22
39.57,39.57,80.33,81.06,73.54
43.74,43.74,77.59,75.77,73.75
39.81,39.81,81.18,71.04,72.88
39.38,39.38,75.77,67.87,73.91
38.38,38.38,74.06,57.28,73.40
34.28,34.28,72.72,49.82,73.03
35.11,35.11,72.46,48.59,72.20
33.34,33.34,65.59,44.56,73.90
28.92,28.92,66.22,40.97,74.49
26.50,26.50,56.26,33.52,71.29
27.47,27.47,57.97,37.96,73.38
30.92,30.92,63.40,45.56,71.72
33.12,33.12,65.07,57.28,71.16
49.18,49.18,82.68,72.27,69.80
48.39,48.39,93.77,82.56,66.78
61.88,61.88,87.32,86.68,65.81
72.89,72.89,79.84,81.66,65.36
74.92,74.92,81.79,87.90,67.24
75.58,75.58,80.76,89.89,67.25
77.43,77.43,79.00,85.79,67.78
79.60,79.60,77.49,88.18,66.69
76.83,76.83,79.20,87.56,65.94
78.65,78.65,73.73,85.46,66.04
77.83,77.83,70.34,85.13,67.80
80.66,80.66,72.07,86.28,68.42
76.65,76.65,69.42,86.63,68.02
78.31,78.31,57.25,83.46,69.62
75.45,75.45,59.00,86.78,69.18
78.98,78.98,55.16,86.00,68.47
76.26,76.26,52.80,83.11,68.47
71.82,71.82,62.17,86.04,67.50
65.71,65.71,71.06,84.73,62.09
62.84,62.84,87.11,82.12,64.65
54.35,54.35,87.82,78.71,69.10
52.00,52.00,86.25,81.64,71.25
47.58,47.58,83.67,85.54,72.98
55.13,55.13,80.03,82.34,70.45
46.64,46.64,76.29,85.24,72.41
51.78,51.78,74.84,84.41,73.56
53.36,53.36,69.18,82.69,73.70
44.86,44.86,63.30,84.44,73.40
42.58,42.58,65.52,82.97,72.88
45.14,45.14,79.77,77.76,75.72
50.78,50.78,91.50,77.95,70.88
52.72,52.72,93.14,77.82,72.74
55.75,55.75,83.95,79.00,73.28
59.16,59.16,89.02,77.13,72.03
60.20,60.20,77.57,78.15,73.12
59.73,59.73,83.74,79.10,72.87
57.79,57.79,80.06,81.98,72.11
59.80,59.80,80.97,83.83,74.15
65.38,65.38,76.33,83.83,71.73
68.03,68.03,68.02,83.87,73.02
77.30,77.30,72.67,79.78,72.70
79.89,79.89,62.15,82.76,72.53
83.58,83.58,49.67,82.74,73.11
81.63,81.63,59.21,80.66,72.00
83.53,83.53,66.81,82.59,74.16
83.65,83.65,60.67,81.35,72.24
88.43,88.43,61.48,81.23,73.41
80.94,80.94,63.90,81.47,73.68
82.06,82.06,77.62,81.36,74.55
87.84,87.84,74.02,82.41,74.03
82.32,82.32,70.93,80.49,73.76
80.58,80.58,65.61,82.08,70.45
83.87,83.87,61.09,81.45,72.22
84.55,84.55,58.02,80.41,70.57
80.36,80.36,53.88,81.91,72.39
77.88,77.88,57.63,80.62,71.05
79.71,79.71,73.27,81.90,76.69
80.75,80.75,70.75,80.18,74.93
80.71,80.71,64.59,80.68,75.00
80.86,80.86,57.93,81.45,76.47
80.70,80.70,49.24,79.59,75.65
81.12,81.12,42.29,81.49,75.00
78.72,78.72,38.10,79.85,74.37
81.64,81.64,37.95,79.88,76.79
82.87,82.87,39.53,79.76,74.37
81.88,81.88,39.98,79.51,73.66
87.47,87.47,41.20,80.03,74.46
79.61,79.61,41.02,77.85,71.35
80.16,80.16,40.00,78.89,73.75
85.99,85.99,41.27,79.32,74.05
85.96,85.96,52.97,76.86,75.60
75.40,75.40,68.97,76.65,73.80
83.61,83.61,76.67,65.10,73.69
76.78,76.78,90.55,58.04,68.90
74.26,74.26,90.19,71.28,71.25
73.45,73.45,88.60,70.35,70.84
72.47,72.47,88.31,64.58,71.06
76.53,76.53,74.76,66.34,72.48
75.93,75.93,85.85,76.67,70.19
77.25,77.25,78.15,78.10,71.51
73.95,73.95,80.45,80.46,71.35
75.31,75.31,79.73,78.41,70.65
75.67,75.67,75.86,77.95,70.37
76.03,76.03,75.66,78.21,71.62
80.01,80.01,73.77,76.51,70.83
74.21,74.21,66.35,78.46,72.98
75.71,75.71,63.09,77.11,69.16
76.13,76.13,65.41,76.98,70.29
73.29,73.29,61.04,77.92,71.20
76.83,76.83,59.86,76.58,71.55
69.18,69.18,62.38,77.24,69.45
67.47,67.47,67.51,75.37,67.42
69.22,69.22,85.55,73.24,70.27
62.90,62.90,91.82,66.93,68.29
62.72,62.72,85.81,60.63,73.09
62.57,62.57,82.74,53.38,71.81
63.56,63.56,80.46,48.34,73.77
63.79,63.79,76.03,45.55,73.81
59.99,59.99,71.49,44.75,73.60
57.51,57.51,68.32,39.10,72.45
55.36,55.36,61.74,37.86,74.29
50.27,50.27,56.44,37.94,75.50
47.59,47.59,54.86,38.71,74.74
46.00,46.00,53.29,37.45,76.94
44.33,44.33,53.24,44.77,77.80
46.45,46.45,55.66,39.76,77.13
52.84,52.84,55.24,32.59,76.61
57.82,57.82,50.90,40.71,78.44
60.72,60.72,56.24,44.24,78.52
59.28,59.28,56.07,41.06,77.52
58.05,58.05,61.11,42.63,74.90
62.24,62.24,70.38,42.47,78.31
59.69,59.69,69.16,48.13,77.01
56.87,56.87,66.23,46.69,74.70
55.37,55.37,62.77,41.67,78.37
57.95,57.95,58.96,30.47,76.64
60.59,60.59,63.18,15.54,79.68
53.34,53.34,69.56,19.88,74.38
47.25,47.25,70.90,28.26,74.16
40.50,40.50,67.46,22.78,76.37
40.34,40.34,64.79,14.96,75.80
36.13,36.13,67.12,11.67,75.21
29.20,29.20,78.53,10.60,74.23
20.88,20.88,85.07,4.00,76.11
17.39,17.39,81.20,0.40,74.09
24.04,24.04,72.32,21.15,75.71
25.29,25.29,67.83,35.35,75.04
21.78,21.78,66.02,42.96,72.88
21.01,21.01,77.58,56.23,76.28
20.30,20.30,93.80,69.94,72.21
26.53,26.53,92.41,68.22,69.17
31.16,31.16,88.95,65.37,67.41
33.38,33.38,85.25,59.14,68.69
33.03,33.03,83.44,62.66,65.91
31.26,31.26,82.63,53.62,65.13
30.27,30.27,77.03,61.82,67.83
30.80,30.80,83.56,57.71,68.23
32.15,32.15,77.37,52.18,66.71
33.75,33.75,73.90,40.10,68.07
30.00,30.00,73.93,31.69,68.38
27.17,27.17,68.51,23.75,68.27
24.59,24.59,67.20,12.54,70.57
23.49,23.49,65.04,13.04,70.23
25.59,25.59,61.76,20.90,72.34
24.95,24.95,62.00,35.89,72.11
24.93,24.93,62.84,48.94,71.03
33.54,33.54,65.54,59.67,68.09
53.12,53.12,85.62,72.22,65.10
59.43,59.43,91.46,81.30,63.87
64.57,64.57,84.16,83.98,65.94
74.64,74.64,86.84,83.69,67.15
73.84,73.84,81.97,85.44,65.83
73.62,73.62,83.86,83.08,65.73
75.45,75.45,77.10,85.09,65.69
77.39,77.39,78.66,84.41,62.80
74.96,74.96,77.92,86.92,66.10
68.68,68.68,74.95,87.50,64.50
62.33,62.33,71.27,85.06,66.40
54.84,54.84,73.72,86.80,66.72
50.75,50.75,70.32,86.92,65.61
49.45,49.45,63.16,85.73,68.49
42.15,42.15,57.04,86.27,66.32
39.58,39.58,49.75,85.22,67.49
40.11,40.11,50.47,86.91,66.98
41.20,41.20,60.00,86.50,63.41
54.53,54.53,68.50,83.62,62.79
65.30,65.30,86.40,83.51,68.13
64.05,64.05,85.54,84.09,72.43
61.86,61.86,81.83,83.48,71.75
62.46,62.46,80.52,85.08,75.91
67.65,67.65,80.01,83.92,74.59
70.01,70.01,75.48,85.70,73.69
70.04,70.04,71.90,85.01,74.13
72.48,72.48,68.67,83.55,71.57
71.04,71.04,65.20,84.17,70.90
69.53,69.53,68.31,84.18,71.53
69.67,69.67,70.49,83.15,71.72
74.42,74.42,91.56,83.11,68.75
71.02,71.02,91.65,83.03,69.64
73.13,73.13,80.19,80.75,69.37
76.08,76.08,88.56,79.48,68.53
75.75,75.75,77.73,80.42,67.32
74.98,74.98,84.99,82.25,66.16
75.28,75.28,80.55,82.64,63.43
74.69,74.69,80.25,81.57,63.61
74.58,74.58,77.40,81.79,66.71
73.79,73.79,68.93,80.74,67.25
74.10,74.10,73.42,82.89,65.10
73.41,73.41,69.82,82.07,64.42
68.61,68.61,63.05,81.00,68.29
66.61,66.61,65.36,81.85,71.55
63.67,63.67,60.65,82.72,72.19
67.04,67.04,60.59,81.75,73.73
64.91,64.91,56.02,80.64,74.17
65.78,65.78,66.22,81.09,73.75
62.58,62.58,76.04,82.07,69.61
64.92,64.92,81.87,80.85,66.67
69.86,69.86,82.64,80.46,67.84
74.61,74.61,75.83,80.53,70.00
74.54,74.54,72.72,81.55,73.42
76.19,76.19,67.30,80.75,72.87
76.89,76.89,62.75,80.36,74.72
77.69,77.69,64.08,80.35,77.23
78.38,78.38,71.17,81.11,76.40
76.86,76.86,74.03,79.66,77.48
76.43,76.43,66.87,79.72,75.68
77.06,77.06,61.83,79.20,77.59
77.70,77.70,56.61,80.93,75.01
77.37,77.37,51.22,79.76,76.92
77.01,77.01,50.31,78.89,73.31
76.51,76.51,49.15,79.23,73.42
76.44,76.44,49.73,80.01,72.75
75.95,75.95,55.86,78.75,70.05
74.83,74.83,65.43,77.95,69.99
73.31,73.31,77.58,78.52,71.29
75.42,75.42,80.23,79.31,67.13
76.52,76.52,76.44,77.53,70.55
76.85,76.85,68.57,77.71,70.22
77.18,77.18,64.27,76.92,72.85
77.00,77.00,71.70,74.28,71.44
74.24,74.24,77.54,69.76,66.55
69.81,69.81,94.06,72.39,63.83
62.49,62.49,94.27,71.34,67.13
65.80,65.80,88.95,64.43,70.22
69.78,69.78,79.64,64.19,68.72
76.82,76.82,83.68,66.38,69.37
82.12,82.12,79.99,65.04,67.49
82.17,82.17,77.75,56.34,69.40
76.70,76.70,80.13,65.07,70.97
74.66,74.66,77.92,73.29,68.19
76.80,76.80,76.82,74.90,71.71
76.19,76.19,75.36,75.07,69.28
67.76,67.76,72.03,72.71,71.23
64.90,64.90,67.70,73.25,72.09
61.09,61.09,69.20,74.00,71.80
62.10,62.10,67.39,75.02,72.12
59.42,59.42,67.05,73.32,71.93
55.62,55.62,68.43,72.04,71.11
52.53,52.53,71.45,71.63,71.18
58.37,58.37,88.78,69.43,75.12
56.44,56.44,90.62,70.69,70.06
59.39,59.39,88.24,71.59,71.92
63.39,63.39,85.00,70.29,76.14
66.12,66.12,81.19,72.38,77.66
74.26,74.26,75.23,71.62,74.84
72.75,72.75,70.51,71.65,75.54
68.11,68.11,67.00,72.15,74.29
71.25,71.25,66.59,72.73,72.51
71.87,71.87,61.74,70.03,74.12
72.17,72.17,57.48,70.23,75.88
71.56,71.56,54.70,71.75,73.87
69.49,69.49,54.86,72.57,73.81
62.67,62.67,61.68,70.92,73.53
57.04,57.04,58.03,70.94,71.12
53.30,53.30,51.50,70.81,72.83
49.05,49.05,48.50,71.96,72.01
44.66,44.66,51.47,71.02,68.71
44.68,44.68,61.11,67.22,70.51
48.93,48.93,73.71,60.17,72.51
49.81,49.81,68.89,57.33,70.60
55.22,55.22,63.30,57.01,70.60
60.98,60.98,58.57,53.29,69.20
74.99,74.99,54.75,56.35,72.19
77.44,77.44,50.95,54.33,72.79
79.09,79.09,48.22,50.13,73.02
77.97,77.97,46.59,44.06,73.33
77.46,77.46,51.53,41.41,76.28
76.29,76.29,62.35,43.96,75.97
73.27,73.27,68.83,41.08,72.05
81.56,81.56,74.87,41.03,71.35
76.42,76.42,76.44,33.05,68.51
76.96,76.96,73.13,34.86,67.86
74.14,74.14,74.52,47.08,69.38
73.69,73.69,73.10,56.79,67.87
66.45,66.45,69.68,67.17,71.20
69.46,69.46,67.20,78.04,69.70
67.04,67.04,64.02,89.60,74.36
61.63,61.63,58.59,87.83,76.58
62.46,62.46,52.63,79.48,76.84
57.87,57.87,52.51,63.31,76.80
55.86,55.86,51.33,65.41,77.16
48.05,48.05,50.02,58.47,76.43
38.75,38.75,44.69,53.70,75.73
40.25,40.25,39.79,49.16,73.67
38.86,38.86,42.60,55.38,75.63
38.77,38.77,36.95,43.53,74.86
41.00,41.00,46.24,48.16,73.52
38.75,38.75,41.47,36.96,75.76
45.74,45.74,32.81,33.91,74.68
40.57,40.57,43.01,29.72,74.63
40.74,40.74,41.17,37.11,74.84
44.61,44.61,42.38,34.09,73.75
40.82,40.82,38.36,43.52,73.18
37.81,37.81,40.03,50.70,74.02
40.94,40.94,49.48,61.24,73.46
46.21,46.21,50.71,62.96,72.99
60.51,60.51,41.76,88.13,72.72
68.43,68.43,38.67,89.14,73.85
70.74,70.74,29.54,83.19,71.32
73.59,73.59,28.38,85.54,70.70
77.99,77.99,26.46,85.85,69.71
79.31,79.31,22.84,84.64,70.99
77.44,77.44,25.80,84.77,70.08
78.88,78.88,30.22,85.95,70.41
72.33,72.33,28.53,86.40,70.50
72.26,72.26,27.52,83.07,69.67
70.87,70.87,27.46,86.08,70.44
71.75,71.75,25.80,86.05,70.61
71.31,71.31,24.79,83.22,70.96
71.26,71.26,34.08,86.29,71.01
68.63,68.63,45.05,85.18,72.50
65.12,65.12,48.70,85.07,69.71
59.96,59.96,70.64,84.20,70.03
60.10,60.10,69.59,84.75,75.65
63.35,63.35,60.96,85.80,76.88
67.20,67.20,54.41,82.78,75.74
77.91,77.91,47.89,85.25,78.29
79.61,79.61,43.57,84.24,76.28
76.58,76.58,40.10,82.99,77.30
78.53,78.53,38.17,84.94,76.77
75.52,75.52,36.01,83.33,75.23
77.44,77.44,34.49,84.13,76.01
78.12,78.12,32.01,82.98,75.36
76.68,76.68,30.48,82.98,75.80
77.02,77.02,31.75,83.98,75.79
74.20,74.20,28.81,81.92,74.51
74.59,74.59,25.79,83.68,75.08
72.63,72.63,28.06,82.48,76.65
76.20,76.20,33.13,81.83,75.13
76.06,76.06,31.90,83.13,75.02
76.48,76.48,33.01,81.71,73.65
76.54,76.54,32.65,82.80,74.43
72.47,72.47,30.31,81.11,73.06
64.36,64.36,24.13,81.68,73.15
61.49,61.49,22.92,82.38,74.94
60.89,60.89,27.76,80.14,74.72
60.02,60.02,27.58,82.80,73.35
56.15,56.15,26.43,81.06,75.85
62.96,62.96,25.39,81.22,75.23
56.75,56.75,25.67,81.18,74.15
52.61,52.61,34.10,80.64,74.97
53.49,53.49,46.96,81.92,74.61
60.16,60.16,62.16,79.62,71.51
66.24,66.24,61.97,81.12,72.96
71.35,71.35,55.19,80.35,75.07
77.05,77.05,49.29,78.99,71.04
76.68,76.68,40.71,80.88,72.46
76.64,76.64,41.67,79.63,72.97
79.09,79.09,49.20,80.66,73.15
78.95,78.95,57.21,79.41,72.49
78.95,78.95,62.60,79.04,75.29
78.70,78.70,58.18,79.76,75.09
77.42,77.42,50.57,78.78,73.90
76.49,76.49,42.96,79.73,75.56
77.62,77.62,38.79,78.05,75.11
77.52,77.52,32.73,78.12,75.79
74.35,74.35,31.79,79.23,74.25
78.71,78.71,32.98,77.48,74.89
75.68,75.68,29.63,78.82,74.93
78.34,78.34,29.37,77.64,77.05
78.46,78.46,30.85,77.48,75.99
77.03,77.03,31.17,78.64,73.75
77.94,77.94,31.57,77.07,75.78
78.43,78.43,33.77,78.79,73.99
77.88,77.88,36.54,77.11,73.81
79.17,79.17,39.67,77.20,74.62
79.79,79.79,40.81,77.81,74.87
78.77,78.77,44.59,76.47,74.15
77.65,77.65,50.23,77.63,75.11
76.77,76.77,48.81,75.32,74.54
73.74,73.74,41.62,76.33,73.76
66.41,66.41,33.97,76.78,74.18
69.38,69.38,30.83,74.67,75.50
72.00,72.00,34.68,76.83,74.58
70.17,70.17,37.35,74.38,75.03
68.28,68.28,37.19,74.74,76.01
66.73,66.73,36.73,75.60,75.41
69.52,69.52,37.81,73.37,74.57
68.43,68.43,35.64,75.74,73.28
67.64,67.64,33.95,74.56,73.78
68.46,68.46,31.01,73.02,73.61
67.08,67.08,27.11,74.61,73.98
66.89,66.89,29.10,73.87,73.00
62.96,62.96,35.15,74.54,72.74
61.38,61.38,47.59,73.30,73.88
58.79,58.79,60.19,73.65,73.16
56.42,56.42,75.49,74.29,75.43
56.52,56.52,68.66,72.41,75.91
64.08,64.08,59.65,74.36,76.69
67.66,67.66,53.15,72.09,78.76
70.98,70.98,47.12,73.12,76.87
74.40,74.40,42.05,72.57,76.87
74.17,74.17,36.82,69.63,76.05
74.71,74.71,31.81,73.25,77.02
73.24,73.24,29.47,71.60,75.46
71.86,71.86,28.71,70.54,76.36
68.47,68.47,28.40,70.75,75.82
67.46,67.46,27.23,70.96,76.53
68.31,68.31,26.69,72.18,79.21
69.37,69.37,25.15,69.07,77.73
68.79,68.79,23.20,67.77,77.59
68.34,68.34,19.79,58.54,79.62
68.25,68.25,17.97,53.61,79.39
69.29,69.29,16.16,48.26,77.64
71.17,71.17,19.84,50.45,76.97
72.16,72.16,21.66,43.06,76.36
72.77,72.77,20.45,42.86,78.44
72.78,72.78,22.58,47.29,74.55
70.61,70.61,24.37,40.59,77.70
70.06,70.06,22.81,39.48,75.97
79.51,79.51,23.89,29.37,77.01
74.36,74.36,21.97,25.98,76.88
79.14,79.14,24.77,30.83,71.46
83.47,83.47,26.94,23.19,74.30
84.05,84.05,26.32,23.57,77.42
84.79,84.79,32.42,26.35,72.32
84.43,84.43,40.82,21.50,76.68
83.82,83.82,42.48,16.22,74.78
84.33,84.33,36.36,14.98,72.60
83.36,83.36,30.15,26.95,77.12
81.27,81.27,32.11,44.47,72.31
76.94,76.94,39.01,54.66,73.96
74.27,74.27,47.39,65.33,71.45
74.17,74.17,57.82,65.46,74.05
74.85,74.85,51.34,88.45,72.95
70.07,70.07,40.49,89.85,73.86
69.83,69.83,35.40,88.83,73.24
66.41,66.41,30.29,86.44,71.18
74.01,74.01,23.83,88.09,72.90
80.91,80.91,20.61,88.30,71.29
80.77,80.77,20.64,86.20,68.28
80.81,80.81,21.02,87.11,69.41
73.57,73.57,22.11,86.02,67.69
80.92,80.92,22.65,87.68,70.38
77.88,77.88,21.68,86.86,67.98
74.90,74.90,18.68,85.41,68.41
74.20,74.20,20.53,86.74,69.14
73.39,73.39,18.70,87.37,67.86
61.69,61.69,14.24,85.67,69.27
55.98,55.98,11.92,86.04,68.93
55.28,55.28,19.04,85.82,71.21
45.51,45.51,16.91,86.91,71.22
45.27,45.27,21.53,85.80,69.21
47.19,47.19,23.51,84.68,70.76
50.51,50.51,15.57,85.63,69.43
57.36,57.36,15.21,86.37,67.65
68.04,68.04,16.74,84.40,67.90
74.42,74.42,18.38,84.87,65.30
74.53,74.53,23.57,84.53,66.01
74.58,74.58,27.35,85.49,66.83
74.71,74.71,26.50,84.66,64.68
75.38,75.38,22.64,83.64,65.93
76.46,76.46,23.42,84.35,66.36
75.76,75.76,24.56,85.11,64.33
76.14,76.14,25.43,83.47,64.17
74.78,74.78,25.13,82.48,64.94
72.75,72.75,25.46,82.29,66.54
72.18,72.18,23.76,80.68,63.75
69.16,69.16,23.10,77.77,64.87
65.55,65.55,22.90,79.08,69.35
68.87,68.87,23.44,76.68,71.36
73.12,73.12,23.67,77.19,71.29
72.14,72.14,22.49,76.07,71.55
76.18,76.18,20.19,75.48,72.80
75.04,75.04,22.23,77.04,74.09
71.00,71.00,26.46,76.28,72.98
72.04,72.04,28.71,77.14,71.80
67.41,67.41,24.30,77.21,69.21
61.30,61.30,29.45,75.80,69.01
54.98,54.98,32.81,77.01,70.32
54.35,54.35,26.13,72.82,69.34
52.43,52.43,31.51,72.03,69.18
54.82,54.82,30.67,69.03,68.48
56.08,56.08,28.82,71.19,66.70
55.55,55.55,30.69,69.79,67.16
55.60,55.60,23.02,71.86,67.81
52.40,52.40,27.71,70.63,65.96
48.78,48.78,25.31,70.33,65.99
46.30,46.30,23.35,68.13,66.28
45.79,45.79,24.38,67.63,63.44
45.26,45.26,22.73,69.16,64.76
49.88,49.88,23.67,68.37,67.34
41.86,41.86,23.36,70.78,67.73
35.92,35.92,24.14,66.97,70.30
23.02,23.02,22.23,64.98,72.01
29.28,29.28,19.95,64.50,73.81
49.38,49.38,12.58,63.00,74.84
56.08,56.08,21.18,65.07,76.28
58.49,58.49,19.58,65.58,76.88
59.20,59.20,24.98,62.56,73.06
55.20,55.20,29.02,62.60,76.10
47.45,47.45,29.05,61.78,73.61
41.85,41.85,27.55,61.57,71.89
41.37,41.37,18.40,62.33,73.04
36.55,36.55,26.90,62.52,73.20
42.17,42.17,28.60,62.39,73.29
43.71,43.71,30.68,60.88,64.38
43.83,43.83,38.65,58.29,64.73
50.32,50.32,39.55,60.02,65.94
51.28,51.28,38.18,59.27,65.32
54.34,54.34,40.08,59.62,65.12
52.83,52.83,42.06,57.68,62.24
50.25,50.25,37.12,54.32,55.74
49.27,49.27,41.89,55.95,57.99
50.17,50.17,44.78,53.29,58.83
50.55,50.55,39.18,54.52,54.39
58.61,58.61,47.82,50.90,54.68
70.38,70.38,58.76,51.65,65.30
83.53,83.53,68.13,43.23,78.96
82.79,82.79,74.97,47.95,82.17
81.33,81.33,69.27,38.53,76.40
78.69,78.69,64.65,27.60,71.73
79.87,79.87,56.95,14.72,66.73
75.45,75.45,57.38,17.57,70.36
66.53,66.53,56.63,17.48,65.12
66.60,66.60,49.37,21.56,70.86
78.73,78.73,57.78,18.56,74.16
78.58,78.58,56.68,22.67,75.16
80.14,80.14,55.64,23.21,75.24
81.49,81.49,50.49,28.05,76.70
76.38,76.38,49.03,30.31,75.72
77.24,77.24,48.45,30.60,72.38
78.36,78.36,47.43,32.63,73.75
76.10,76.10,48.06,28.70,71.96
76.70,76.70,43.77,23.12,67.53
76.49,76.49,50.86,20.83,72.53
73.07,73.07,50.14,23.07,70.40
80.90,80.90,53.31,24.63,64.96
83.40,83.40,50.84,16.83,68.10
80.13,80.13,50.84,26.47,67.64
81.80,81.80,51.41,27.09,67.80
85.21,85.21,49.25,21.42,67.68
77.54,77.54,46.81,23.91,61.37
67.51,67.51,49.43,20.68,63.08
75.62,75.62,57.66,16.05,62.12
81.05,81.05,64.32,12.61,69.40
81.23,81.23,63.52,2.52,71.32
72.30,72.30,56.58,-0.00,70.60
73.82,73.82,57.12,1.84,74.67
80.85,80.85,55.43,7.08,73.67
77.39,77.39,53.55,7.79,66.59
75.49,75.49,49.28,9.56,67.25
69.54,69.54,40.07,11.67,66.14
59.33,59.33,43.00,19.84,55.50
63.02,63.02,40.29,18.79,53.45
76.60,76.60,38.98,17.96,54.29
71.88,71.88,42.49,22.27,61.71
67.04,67.04,41.18,20.91,64.53
64.22,64.22,42.29,15.50,64.30
67.87,67.87,42.15,12.87,69.51
59.97,59.97,51.42,8.87,68.98
68.13,68.13,64.12,19.38,69.13
81.38,81.38,79.20,22.33,82.64
80.05,80.05,77.83,17.72,79.18
77.76,77.76,70.49,6.38,71.14
75.27,75.27,64.55,4.64,75.35
79.65,79.65,64.63,4.91,78.66
76.25,76.25,62.56,11.35,75.84
79.61,79.61,57.75,17.05,74.20
78.14,78.14,56.30,17.95,72.01
81.37,81.37,48.28,16.93,71.40
75.81,75.81,51.43,12.21,73.23
67.66,67.66,55.19,6.57,70.88
65.55,65.55,51.65,12.82,75.17
63.53,63.53,48.70,17.04,76.99
68.57,68.57,49.40,24.77,79.48
70.01,70.01,57.66,22.73,73.91
68.45,68.45,66.48,43.03,77.56
68.68,68.68,66.87,58.44,74.25
70.66,70.66,78.96,71.65,72.99
67.79,67.79,92.31,79.67,72.89
73.05,73.05,85.08,82.63,79.86
78.77,78.77,87.74,83.31,81.91
77.56,77.56,82.53,85.55,80.70
75.76,75.76,83.70,85.02,79.55
75.17,75.17,79.99,86.84,79.46
75.41,75.41,77.86,87.77,79.20
75.41,75.41,74.63,86.73,80.01
76.09,76.09,77.71,86.41,78.98
75.17,75.17,72.59,85.98,78.82
75.34,75.34,71.88,85.81,78.26
67.35,67.35,64.87,84.35,76.72
70.80,70.80,66.46,83.27,76.24
75.05,75.05,64.99,84.38,76.49
75.49,75.49,61.85,86.03,75.77
70.30,70.30,54.59,86.28,75.34
66.68,66.68,63.82,85.04,75.43
65.42,65.42,74.08,86.15,74.53
69.16,69.16,90.35,82.15,74.11
64.40,64.40,89.47,76.98,73.25
64.56,64.56,86.38,76.49,75.97
66.34,66.34,87.54,83.66,74.80
70.20,70.20,85.13,83.54,74.90
67.51,67.51,85.46,84.21,77.11
66.14,66.14,76.11,84.49,78.59
68.32,68.32,77.30,85.22,78.63
68.96,68.96,80.66,85.36,79.42
69.26,69.26,75.13,84.44,78.56
67.75,67.75,73.31,85.10,76.49
69.58,69.58,71.58,85.66,77.70
71.29,71.29,67.64,85.49,78.04
70.97,70.97,68.44,86.18,79.42
72.79,72.79,63.48,86.78,80.13
69.73,69.73,55.93,86.61,80.31
68.88,68.88,60.25,86.43,79.17
65.33,65.33,67.49,86.29,79.30
64.49,64.49,79.05,85.18,78.23
63.34,63.34,88.33,82.03,79.59
63.67,63.67,87.14,81.49,79.89
65.07,65.07,83.06,82.86,84.29
65.31,65.31,77.55,83.35,84.44
67.21,67.21,73.78,82.22,85.31
65.69,65.69,68.18,82.86,82.35
64.33,64.33,65.63,82.03,83.92
62.47,62.47,62.78,82.97,82.95
54.01,54.01,61.71,82.14,81.19
49.51,49.51,68.80,81.38,80.00
47.75,47.75,80.99,78.40,82.39
49.57,49.57,93.09,76.32,79.11
44.49,44.49,89.46,76.98,80.77
42.44,42.44,86.14,81.18,77.22
42.17,42.17,87.64,82.42,79.34
38.75,38.75,83.17,82.45,77.53
42.97,42.97,79.01,83.14,79.28
43.09,43.09,77.67,83.62,79.84
46.09,46.09,74.07,84.20,79.41
43.69,43.69,74.05,82.86,79.45
44.55,44.55,73.03,81.00,78.32
46.46,46.46,71.63,80.27,78.94
47.76,47.76,68.31,81.32,81.99
45.94,45.94,62.48,82.23,83.00
47.07,47.07,59.32,82.60,83.32
49.99,49.99,61.94,81.59,83.75
51.69,51.69,61.78,82.41,82.41
49.69,49.69,61.61,82.59,82.09
47.10,47.10,69.24,82.81,80.48
41.51,41.51,75.77,81.93,79.48
34.50,34.50,79.57,81.87,76.68
36.40,36.40,75.41,82.45,78.33
44.04,44.04,74.67,82.77,80.12
37.28,37.28,70.01,83.13,82.99
40.80,40.80,68.02,82.25,82.14
38.95,38.95,66.25,81.96,83.66
41.38,41.38,68.15,82.63,82.08
47.21,47.21,75.10,81.75,85.31
44.46,44.46,69.88,79.77,85.18
44.90,44.90,66.12,80.72,83.54
39.70,39.70,62.41,80.51,84.12
41.22,41.22,53.40,81.01,85.01
46.71,46.71,46.20,81.04,85.11
51.20,51.20,42.27,80.58,86.06
49.31,49.31,45.19,80.92,85.08
51.22,51.22,53.41,81.40,84.03
49.70,49.70,63.92,81.34,78.07
52.98,52.98,77.14,81.43,80.13
62.22,62.22,80.33,80.05,75.92
78.81,78.81,79.09,79.05,78.58
81.08,81.08,74.15,79.30,77.61
77.50,77.50,73.15,79.65,79.11
77.04,77.04,72.35,78.72,79.82
71.82,71.82,73.88,72.24,79.88
65.22,65.22,86.01,68.18,78.41
60.38,60.38,91.62,72.24,77.44
63.71,63.71,91.64,71.28,76.95
71.26,71.26,90.06,67.70,79.85
75.63,75.63,86.38,65.54,76.96
75.48,75.48,82.34,70.83,79.23
80.15,80.15,85.30,76.76,75.43
77.27,77.27,84.45,81.60,76.34
75.36,75.36,80.07,83.08,77.95
71.27,71.27,73.49,80.90,75.56
73.13,73.13,76.20,77.46,77.03
69.15,69.15,75.32,77.18,78.40
67.52,67.52,73.91,78.07,79.05
73.76,73.76,69.48,76.83,78.81
78.93,78.93,67.44,75.43,78.06
79.78,79.78,56.90,75.34,79.83
75.09,75.09,55.72,76.59,78.77
67.23,67.23,66.31,76.39,77.52
64.17,64.17,73.91,75.69,78.07
70.14,70.14,82.73,74.21,83.42
68.19,68.19,83.18,73.40,85.07
65.19,65.19,81.61,75.52,86.67
67.19,67.19,78.86,77.11,86.10
68.70,68.70,74.59,79.61,87.14
66.79,66.79,71.74,80.32,86.27
67.15,67.15,68.83,80.38,85.35
67.06,67.06,62.72,80.31,85.31
68.58,68.58,58.49,81.14,83.62
67.51,67.51,54.80,80.62,85.31
66.46,66.46,50.71,78.82,85.85
70.55,70.55,50.30,78.81,86.28
76.43,76.43,44.06,78.72,84.40
79.76,79.76,43.88,77.26,85.98
76.79,76.79,42.40,77.75,83.72
70.63,70.63,40.50,77.87,85.96
65.90,65.90,41.18,76.90,84.70
69.77,69.77,48.04,77.34,85.47
72.66,72.66,57.98,75.75,82.54
73.53,73.53,61.78,76.89,80.64
72.50,72.50,59.05,78.16,84.40
73.23,73.23,56.40,81.25,83.86
72.30,72.30,54.05,80.81,87.14
69.60,69.60,50.75,78.52,85.11
74.53,74.53,52.09,74.95,84.59
72.49,72.49,56.89,75.63,85.59
63.94,63.94,52.02,72.21,83.64
63.25,63.25,49.13,68.96,77.06
58.92,58.92,63.61,65.64,79.20
57.91,57.91,72.90,65.86,78.53
60.61,60.61,80.38,60.36,79.36
63.96,63.96,80.92,56.69,74.88
69.81,69.81,79.34,50.65,79.81
73.99,73.99,77.39,51.61,77.87
73.73,73.73,72.10,49.11,74.19
73.05,73.05,76.62,53.44,76.80
65.80,65.80,84.64,61.20,78.42
66.37,66.37,93.68,65.39,73.20
67.29,67.29,92.50,61.47,75.48
71.68,71.68,87.88,59.99,85.56
72.40,72.40,83.81,65.33,75.78
73.34,73.34,81.71,67.05,85.14
73.33,73.33,85.72,64.78,82.80
72.94,72.94,82.32,63.98,81.97
72.51,72.51,75.21,64.20,85.01
71.69,71.69,75.58,69.85,78.27
70.32,70.32,72.77,68.62,80.34
69.62,69.62,73.80,67.93,81.61
66.09,66.09,72.92,58.76,79.83
67.99,67.99,66.76,65.07,79.71
69.30,69.30,63.99,66.41,84.00
68.83,68.83,67.53,64.73,83.71
69.21,69.21,61.11,64.92,80.35
63.50,63.50,60.45,60.52,78.18
58.11,58.11,71.74,53.16,77.94
60.05,60.05,82.91,59.39,75.07
60.37,60.37,93.97,70.82,76.67
61.53,61.53,91.68,73.59,76.26
69.77,69.77,83.42,84.48,77.91
66.72,66.72,84.02,86.03,80.63
66.38,66.38,84.75,84.86,79.97
63.57,63.57,78.93,88.12,80.71
68.41,68.41,77.61,88.74,78.96
65.34,65.34,79.52,88.86,78.30
70.33,70.33,75.08,88.36,74.36
72.80,72.80,67.98,86.48,82.32
69.22,69.22,73.47,88.19,81.22
69.91,69.91,69.03,88.66,73.38
73.80,73.80,67.17,86.52,81.67
75.82,75.82,64.45,87.45,82.04
71.77,71.77,61.76,87.30,78.33
73.15,73.15,60.45,87.77,81.63
71.31,71.31,69.68,87.45,79.25
71.26,71.26,75.51,86.24,78.07
70.85,70.85,85.14,82.53,78.83
67.41,67.41,89.79,79.27,77.96
65.78,65.78,85.50,82.54,80.61
64.75,64.75,79.61,85.18,83.07
63.03,63.03,76.00,86.03,82.65
61.70,61.70,73.28,85.96,81.14
58.41,58.41,68.96,85.37,79.92
49.24,49.24,62.69,84.70,81.26
45.98,45.98,59.17,85.83,79.00
43.26,43.26,65.92,84.49,79.99
39.73,39.73,73.88,79.22,81.24
42.47,42.47,88.19,73.57,79.23
41.17,41.17,94.28,72.23,76.44
40.89,40.89,90.19,78.32,76.66
40.73,40.73,86.48,81.39,78.89
41.06,41.06,84.27,82.41,76.54
45.78,45.78,81.44,82.91,75.62
41.59,41.59,83.97,83.37,78.25
45.48,45.48,77.73,81.33,75.79
45.99,45.99,79.32,82.71,74.46
45.53,45.53,71.05,84.13,75.52
45.37,45.37,69.34,82.94,76.25
41.48,41.48,73.93,82.05,74.24
39.74,39.74,67.26,81.77,74.68
40.02,40.02,62.87,84.39,74.90
37.59,37.59,64.93,83.41,75.72
42.14,42.14,61.15,81.44,76.19
41.53,41.53,58.36,80.55,76.10
40.97,40.97,65.93,79.02,77.34
46.96,46.96,74.25,76.73,80.59
51.63,51.63,85.27,77.15,79.32
56.19,56.19,82.18,77.96,80.63
60.23,60.23,76.92,80.14,80.35
59.18,59.18,69.69,78.12,82.49
56.74,56.74,63.32,78.88,81.20
55.26,55.26,61.98,78.57,83.03
51.04,51.04,65.16,80.45,81.19
48.48,48.48,73.31,78.17,81.65
44.39,44.39,68.04,76.57,83.00
41.95,41.95,62.23,77.52,81.51
42.14,42.14,58.59,77.73,78.78
38.39,38.39,55.39,76.68,78.68
36.12,36.12,53.24,77.66,80.32
39.15,39.15,54.49,75.80,77.79
38.79,38.79,51.21,78.19,77.42
44.68,44.68,48.77,76.82,76.67
51.10,51.10,56.71,75.02,74.52
59.97,59.97,67.44,75.83,72.74
68.74,68.74,77.43,76.36,77.67
74.13,74.13,82.47,74.85,80.00
75.10,75.10,77.68,74.73,77.79
75.62,75.62,71.74,75.18,76.14
74.64,74.64,72.36,73.17,75.13
70.68,70.68,74.68,66.54,76.85
63.66,63.66,90.24,69.36,73.24
58.16,58.16,93.32,67.07,72.93
63.96,63.96,89.99,58.94,75.18
70.38,70.38,81.85,65.50,77.04
75.15,75.15,88.91,63.03,73.55
78.38,78.38,83.34,60.32,78.27
75.69,75.69,77.21,63.15,76.15
79.01,79.01,80.23,69.48,79.60
77.37,77.37,82.66,73.17,79.07
74.59,74.59,77.22,76.03,79.70
68.65,68.65,77.25,77.32,82.33
64.37,64.37,74.78,73.83,79.65
68.55,68.55,68.22,74.24,79.69
78.25,78.25,67.84,76.46,78.34
75.61,75.61,66.93,73.74,79.42
76.39,76.39,65.80,71.60,76.51
78.76,78.76,64.69,73.42,75.54
81.25,81.25,67.68,72.56,77.71
73.63,73.63,72.96,70.65,73.52
68.65,68.65,86.34,72.61,79.24
67.69,67.69,82.73,74.26,83.40
69.72,69.72,79.99,75.09,81.45
67.55,67.55,76.96,74.30,82.12
64.91,64.91,73.19,71.97,83.57
67.79,67.79,72.68,72.26,83.32
73.16,73.16,70.35,74.66,83.03
73.80,73.80,67.03,73.88,83.04
67.25,67.25,59.73,71.12,82.45
72.85,72.85,62.06,71.64,83.57
70.45,70.45,59.99,73.69,82.48
67.49,67.49,55.33,72.23,81.09
67.38,67.38,50.30,69.80,82.64
74.67,74.67,49.13,69.20,81.39
78.73,78.73,47.75,71.41,82.50
69.65,69.65,50.55,72.25,81.56
66.67,66.67,49.59,72.80,80.34
69.34,69.34,48.71,71.41,85.54
66.74,66.74,56.53,71.81,84.27
64.50,64.50,72.22,72.06,79.97
66.57,66.57,67.66,70.48,78.97
72.60,72.60,63.17,76.38,78.43
74.21,74.21,60.07,76.19,82.99
75.68,75.68,55.49,76.72,83.45
76.95,76.95,54.27,79.28,83.35
75.63,75.63,53.61,77.54,85.46
75.56,75.56,54.56,78.55,82.93
74.72,74.72,56.02,78.98,84.02
73.44,73.44,66.99,79.98,83.77
71.13,71.13,76.16,80.52,81.80
64.11,64.11,83.15,80.25,78.61
65.76,65.76,78.08,78.27,80.22
67.86,67.86,69.34,75.97,79.55
66.44,66.44,68.45,76.72,76.93
65.07,65.07,69.05,75.62,81.79
63.20,63.20,77.54,73.84,83.36
62.08,62.08,90.08,70.28,81.05
59.01,59.01,92.71,74.61,77.59
61.53,61.53,88.75,81.67,78.08
64.98,64.98,88.40,85.44,77.26
74.16,74.16,82.23,86.07,78.81
66.78,66.78,82.63,88.10,78.11
62.87,62.87,77.86,87.34,80.01
62.90,62.90,76.24,84.29,81.11
59.48,59.48,76.11,83.85,80.07
59.78,59.78,72.14,86.13,78.48
59.02,59.02,72.12,88.75,75.95
57.92,57.92,69.71,88.87,77.94
53.28,53.28,69.18,88.71,75.30
53.52,53.52,61.81,88.79,78.58
59.19,59.19,61.05,88.66,78.97
59.05,59.05,62.38,88.64,81.43
59.12,59.12,53.32,88.75,79.49
58.77,58.77,67.80,87.79,80.57
53.68,53.68,79.56,82.59,78.00
50.55,50.55,91.50,84.27,72.76
46.29,46.29,89.33,80.76,70.52
47.45,47.45,86.43,78.86,71.57
47.27,47.27,84.55,83.02,74.94
46.79,46.79,84.80,84.53,75.54
46.61,46.61,79.40,84.12,77.82
49.92,49.92,72.00,84.96,74.63
50.70,50.70,76.84,84.87,73.93
53.07,53.07,77.48,86.44,75.79
56.26,56.26,74.72,87.15,73.14
54.48,54.48,68.82,87.54,74.10
54.82,54.82,65.67,87.23,74.64
51.88,51.88,64.97,87.03,74.59
53.17,53.17,65.71,87.14,75.74
55.06,55.06,61.68,87.60,75.60
58.70,58.70,50.49,87.24,72.07
58.28,58.28,55.05,86.60,74.17
64.31,64.31,64.68,86.80,72.05
66.89,66.89,75.20,86.25,73.36
68.89,68.89,85.28,84.04,79.83
64.91,64.91,81.07,83.87,77.62
61.96,61.96,82.64,83.98,82.40
69.33,69.33,80.35,84.32,81.89
66.89,66.89,76.73,83.58,82.84
74.02,74.02,71.39,83.84,82.95
72.62,72.62,67.21,84.17,82.58
60.89,60.89,63.23,84.22,80.94
50.64,50.64,62.71,84.22,79.68
43.82,43.82,70.55,82.05,81.33
40.79,40.79,83.89,76.89,80.18
37.17,37.17,94.11,78.48,76.58
33.43,33.43,89.51,79.03,77.05
33.28,33.28,86.35,78.13,78.23
35.27,35.27,83.06,82.23,79.95
37.15,37.15,81.89,82.53,80.76
40.54,40.54,73.26,82.52,79.61
42.31,42.31,68.75,83.57,79.94
53.69,53.69,82.68,83.82,79.26
61.77,61.77,75.51,82.80,79.89
63.84,63.84,73.07,80.74,80.83
64.35,64.35,68.41,80.82,81.22
62.14,62.14,63.28,80.53,83.16
60.07,60.07,62.94,82.56,81.81
61.46,61.46,57.08,83.90,79.29
58.44,58.44,61.31,84.15,82.93
54.51,54.51,64.36,84.38,80.49
55.46,55.46,63.26,83.77,81.27
50.12,50.12,68.08,83.42,82.23
54.40,54.40,77.06,82.54,81.80
49.70,49.70,72.61,83.17,80.10
48.55,48.55,68.72,83.79,79.05
48.21,48.21,63.63,83.35,76.29
49.61,49.61,58.84,83.80,77.35
54.07,54.07,56.70,82.74,78.09
54.26,54.26,55.39,83.30,77.79
64.47,64.47,64.33,82.92,78.89
72.54,72.54,73.86,82.37,80.67
69.24,69.24,68.29,82.05,80.97
72.42,72.42,61.86,81.34,82.26
76.69,76.69,53.91,81.86,80.16
74.58,74.58,48.12,76.58,84.23
74.00,74.00,45.05,80.02,79.87
69.92,69.92,41.00,80.42,83.03
65.35,65.35,41.76,80.65,78.94
61.16,61.16,43.93,80.37,81.92
58.98,58.98,52.19,79.68,81.07
63.23,63.23,64.69,79.82,80.91
70.54,70.54,72.43,77.00,80.52
80.46,80.46,79.11,75.10,82.72
73.05,73.05,81.86,77.73,81.61
77.60,77.60,72.96,78.25,75.19
76.92,76.92,69.24,77.25,74.31
69.73,69.73,76.69,78.22,80.18
65.63,65.63,92.99,77.67,77.78
62.44,62.44,89.60,73.15,75.82
63.59,63.59,91.82,77.07,75.50
67.50,67.50,86.93,76.03,76.59
71.98,71.98,85.41,72.72,81.07
70.91,70.91,80.55,75.43,79.37
71.99,71.99,86.00,76.11,80.53
73.67,73.67,81.10,72.73,83.07
74.45,74.45,79.60,71.59,80.83
75.36,75.36,76.02,76.45,80.94
72.10,72.10,76.98,77.59,79.62
68.22,68.22,72.20,76.32,75.44
70.52,70.52,67.33,76.70,79.34
77.52,77.52,66.59,76.43,76.67
76.21,76.21,60.08,74.96,77.83
74.80,74.80,55.73,74.59,74.42
76.55,76.55,62.97,74.74,77.74
73.75,73.75,69.67,74.12,76.32
65.85,65.85,73.89,75.15,77.31
64.63,64.63,90.80,74.10,83.13
64.47,64.47,88.37,71.01,79.57
67.05,67.05,83.01,73.05,82.36
66.28,66.28,80.35,75.14,82.28
68.06,68.06,79.94,71.57,83.52
68.27,68.27,72.44,73.53,81.53
69.46,69.46,66.51,73.27,82.95
70.24,70.24,60.80,72.64,81.48
69.52,69.52,57.94,72.81,80.74
67.77,67.77,54.54,73.57,83.69
67.11,67.11,52.47,67.39,82.67
67.58,67.58,49.64,60.10,82.00
65.05,65.05,45.91,71.44,84.27
66.19,66.19,50.47,72.70,83.43
66.89,66.89,45.40,71.13,84.54
63.27,63.27,48.44,72.65,85.92
59.38,59.38,51.65,75.32,83.41
61.94,61.94,57.85,72.94,86.29
65.85,65.85,65.15,72.11,86.22
72.77,72.77,72.10,77.81,84.56
71.88,71.88,70.32,74.23,82.61
73.71,73.71,64.54,77.27,80.67
75.70,75.70,62.69,75.62,81.36
75.85,75.85,63.11,77.07,82.10
74.29,74.29,64.73,74.95,77.28
81.80,81.80,68.46,70.11,83.60
79.12,79.12,65.85,68.21,79.45
80.07,80.07,65.31,56.23,79.92
85.10,85.10,70.50,57.62,82.21
83.75,83.75,75.11,44.88,78.38
77.81,77.81,77.83,42.76,75.72
68.60,68.60,81.17,41.18,73.32
63.74,63.74,80.01,37.95,73.45
63.01,63.01,72.94,43.67,76.98
65.03,65.03,68.74,46.67,73.56
65.89,65.89,77.47,57.74,72.05
66.97,66.97,85.31,70.57,74.82
63.91,63.91,93.70,77.66,74.06
66.29,66.29,86.39,81.33,75.63
71.03,71.03,86.79,77.92,81.16
82.44,82.44,75.12,81.42,80.21
82.60,82.60,87.29,79.87,79.05
83.42,83.42,84.43,80.84,84.92
82.94,82.94,79.27,76.75,80.50
83.73,83.73,78.38,72.50,82.24
83.43,83.43,74.74,59.13,82.48
82.70,82.70,74.99,57.53,82.32
82.95,82.95,74.82,54.16,82.70
82.99,82.99,72.65,51.41,81.57
76.38,76.38,69.44,42.25,81.73
70.10,70.10,66.83,42.14,80.85
75.15,75.15,59.34,42.11,81.06
75.19,75.19,66.76,47.08,78.08
71.03,71.03,64.14,45.35,78.83
67.27,67.27,72.84,57.52,75.12
64.05,64.05,93.40,71.82,76.05
62.78,62.78,90.78,76.42,75.58
60.58,60.58,87.13,82.11,72.85
63.30,63.30,83.42,84.53,74.89
63.79,63.79,83.77,82.89,74.73
63.81,63.81,84.48,84.47,74.84
64.94,64.94,81.99,84.48,75.19
66.80,66.80,80.11,84.47,76.51
65.03,65.03,70.48,86.59,74.63
67.90,67.90,65.46,83.41,78.72
65.03,65.03,69.22,77.03,77.41
66.39,66.39,68.01,86.47,76.58
70.72,70.72,65.87,84.32,78.85
70.26,70.26,57.99,75.43,76.02
67.51,67.51,52.62,81.94,77.85
68.61,68.61,56.29,84.61,80.09
69.92,69.92,55.27,79.39,75.85
67.76,67.76,71.50,79.65,76.71
63.88,63.88,80.13,84.45,79.63
64.28,64.28,84.91,75.14,77.24
61.15,61.15,82.10,79.03,77.80
63.39,63.39,80.05,83.56,80.05
68.07,68.07,77.53,80.38,81.24
66.49,66.49,78.66,79.83,83.54
66.78,66.78,72.64,83.71,80.08
65.05,65.05,68.72,83.38,80.25
58.74,58.74,69.96,79.43,81.04
53.68,53.68,66.21,80.97,81.40
49.03,49.03,76.05,77.70,77.33
46.34,46.34,80.43,70.89,79.95
47.09,47.09,94.07,74.56,76.70
43.80,43.80,91.07,77.90,76.93
43.53,43.53,82.57,79.09,78.00
44.65,44.65,84.67,82.22,78.97
41.63,41.63,80.44,82.30,75.66
44.15,44.15,80.01,80.55,76.79
41.37,41.37,78.13,79.47,80.94
43.40,43.40,80.14,81.41,78.50
42.66,42.66,75.50,80.39,76.25
44.04,44.04,73.37,78.59,79.04
44.86,44.86,72.00,77.84,76.03
44.67,44.67,57.57,79.34,75.66
45.45,45.45,56.59,77.49,76.59
46.37,46.37,62.22,76.71,77.30
41.58,41.58,59.93,77.97,75.62
38.83,38.83,54.49,76.56,75.89
39.05,39.05,60.52,72.11,77.52
33.12,33.12,70.00,75.79,78.27
37.37,37.37,79.00,73.51,80.16
38.74,38.74,80.33,72.12,79.04
34.72,34.72,77.98,69.60,77.76
30.42,30.42,71.97,64.30,77.66
31.93,31.93,69.33,66.78,81.49
32.92,32.92,67.41,70.10,79.98
32.69,32.69,67.99,68.92,81.50
32.74,32.74,66.15,70.61,83.63
32.59,32.59,74.56,73.83,83.71
33.05,33.05,69.33,71.66,85.17
31.38,31.38,61.42,71.74,85.55
28.63,28.63,55.93,74.42,84.33
29.20,29.20,51.66,72.02,81.92
29.28,29.28,52.11,70.22,84.62
31.26,31.26,46.69,72.41,81.32
39.39,39.39,54.28,72.39,81.10
33.80,33.80,43.71,71.58,82.18
24.55,24.55,59.85,72.29,80.25
16.35,16.35,66.33,72.80,79.09
9.42,9.42,83.14,70.48,79.86
8.60,8.60,78.21,69.57,78.67
14.32,14.32,73.10,73.24,76.86
20.03,20.03,67.09,68.75,78.35
18.93,18.93,67.02,65.91,76.95
14.39,14.39,73.93,58.90,74.93
20.30,20.30,83.65,58.01,74.47
21.33,21.33,94.13,61.81,76.87
22.23,22.23,93.72,59.01,71.68
26.58,26.58,89.56,63.00,76.25
28.05,28.05,83.36,57.07,75.84
29.82,29.82,86.52,58.61,76.82
33.06,33.06,85.86,67.78,77.67
31.92,31.92,81.53,69.85,80.00
30.95,30.95,76.07,68.12,78.86
30.37,30.37,78.00,69.53,79.52
32.64,32.64,75.86,64.37,81.88
34.27,34.27,76.29,65.42,82.41
37.04,37.04,69.57,61.72,80.14
35.12,35.12,66.34,51.62,81.83
36.62,36.62,68.06,65.62,78.61
39.39,39.39,65.21,65.00,80.54
37.92,37.92,64.79,62.83,76.81
32.95,32.95,68.31,64.63,79.98
34.84,34.84,74.55,69.67,77.70
38.57,38.57,90.41,65.23,80.48
44.98,44.98,89.16,62.78,81.36
44.86,44.86,83.89,60.70,81.97
40.39,40.39,80.15,66.65,81.35
35.49,35.49,74.70,65.29,82.91
32.91,32.91,69.36,64.16,83.39
36.23,36.23,65.45,67.60,83.71
38.87,38.87,64.93,64.23,82.45
33.02,33.02,61.08,63.29,80.47
35.47,35.47,53.64,64.39,81.71
35.55,35.55,51.92,59.71,81.02
29.95,29.95,51.87,67.07,81.47
38.69,38.69,52.13,63.06,79.81
37.86,37.86,50.70,64.90,80.49
45.74,45.74,50.53,61.91,80.42
43.25,43.25,35.66,63.62,81.96
46.28,46.28,42.72,58.10,80.42
53.36,53.36,49.89,61.70,79.82
70.37,70.37,63.15,63.62,79.43
79.10,79.10,68.36,58.14,87.58
78.26,78.26,64.40,60.66,78.19
76.30,76.30,58.33,70.04,78.83
75.65,75.65,53.38,77.69,80.75
77.63,77.63,47.68,80.29,83.44
78.66,78.66,44.37,81.92,82.29
79.03,79.03,44.65,81.46,83.13
77.00,77.00,48.16,80.94,80.05
77.45,77.45,55.55,80.74,81.29
73.74,73.74,64.65,81.02,79.72
62.52,62.52,67.46,82.03,77.06
62.64,62.64,78.25,83.99,78.86
64.38,64.38,72.40,83.10,78.41
66.78,66.78,66.45,82.68,78.97
70.22,70.22,72.73,82.52,80.51
72.08,72.08,73.08,79.82,81.16
73.42,73.42,75.26,78.53,81.08
74.33,74.33,85.44,78.16,75.39
70.12,70.12,93.83,73.94,71.23
73.49,73.49,87.93,76.96,74.24
80.60,80.60,85.69,77.56,74.02
76.49,76.49,88.19,80.16,72.26
77.38,77.38,83.11,81.80,76.10
77.14,77.14,78.23,81.18,78.37
75.94,75.94,82.37,75.87,76.57
77.13,77.13,83.21,72.73,76.68
75.98,75.98,75.89,70.97,80.24
76.83,76.83,74.74,65.99,76.70
74.51,74.51,73.47,61.95,78.61
67.04,67.04,64.84,61.26,73.96
73.57,73.57,68.95,60.92,79.77
75.81,75.81,68.35,57.25,76.56
77.32,77.32,63.05,54.87,78.30
73.48,73.48,60.87,48.56,72.40
70.87,70.87,64.85,55.74,76.84
70.58,70.58,79.40,69.92,74.74
72.59,72.59,92.24,77.69,72.17
70.53,70.53,86.81,82.01,73.46
70.65,70.65,91.76,81.31,72.29
69.78,69.78,86.78,85.09,72.56
72.97,72.97,78.03,82.05,71.66
71.16,71.16,81.14,81.26,74.44
70.61,70.61,82.05,78.47,77.13
69.08,69.08,79.39,84.49,77.56
73.26,73.26,77.19,85.79,75.68
71.67,71.67,74.72,80.84,74.03
72.07,72.07,72.70,86.44,74.46
74.11,74.11,73.15,85.50,75.91
73.69,73.69,68.30,82.92,75.75
73.02,73.02,67.47,82.80,78.21
74.02,74.02,65.50,84.37,77.20
73.52,73.52,65.16,84.51,77.45
74.96,74.96,68.14,80.50,74.37
71.06,71.06,72.38,82.95,73.33
67.31,67.31,82.86,81.98,74.14
67.89,67.89,87.45,76.15,74.91
69.24,69.24,84.38,82.48,77.95
71.41,71.41,82.27,81.91,80.21
72.46,72.46,78.79,80.66,80.05
74.68,74.68,73.73,81.64,78.33
70.40,70.40,68.31,82.27,79.46
73.59,73.59,66.91,83.64,80.77
68.49,68.49,64.06,80.19,79.79
59.90,59.90,66.37,82.61,79.82
58.11,58.11,75.03,81.52,77.62
55.30,55.30,78.56,82.56,77.40
52.56,52.56,92.42,83.42,74.46
51.48,51.48,83.34,81.66,76.73
48.48,48.48,88.37,80.62,77.48
46.87,46.87,84.51,79.40,77.18
44.22,44.22,83.67,82.23,75.77
45.25,45.25,82.41,82.60,75.67
48.30,48.30,79.98,76.56,75.42
54.68,54.68,78.60,81.48,75.94
60.35,60.35,74.30,82.21,77.23
57.16,57.16,72.04,80.02,76.26
50.90,50.90,69.40,81.78,74.99
50.65,50.65,54.88,81.37,75.05
48.80,48.80,58.86,83.02,74.52
51.02,51.02,64.65,79.61,76.42
49.84,49.84,60.11,81.96,77.69
48.39,48.39,63.20,82.42,74.78
43.82,43.82,63.07,80.37,74.43
42.83,42.83,67.61,82.63,74.50
37.88,37.88,78.69,81.12,74.44
32.47,32.47,76.79,81.75,74.06
27.57,27.57,72.52,81.78,76.64
29.99,29.99,67.94,81.07,77.64
30.71,30.71,63.99,82.55,77.57
29.75,29.75,61.97,80.19,77.65
34.06,34.06,58.95,82.08,78.91
36.66,36.66,68.26,81.01,77.88
39.07,39.07,74.77,80.95,80.59
38.35,38.35,68.96,82.30,77.08
38.57,38.57,61.42,81.27,77.50
38.16,38.16,55.43,82.04,76.93
33.87,33.87,50.25,81.08,75.16
30.15,30.15,48.10,79.93,74.65
29.87,29.87,47.64,81.76,75.06
31.16,31.16,47.24,80.19,75.23
39.57,39.57,48.33,82.48,74.44
47.92,47.92,58.69,80.02,74.63
57.84,57.84,73.33,79.73,74.33
69.75,69.75,81.67,80.82,73.28
84.99,84.99,76.28,77.82,74.80
83.56,83.56,69.95,80.07,71.20
82.59,82.59,65.80,78.74,74.49
80.96,80.96,67.99,77.47,73.73
75.82,75.82,73.77,75.69,73.91
66.70,66.70,90.32,76.39,75.14
64.46,64.46,92.77,76.97,74.52
68.41,68.41,88.58,77.93,73.56
74.46,74.46,89.76,73.95,75.91
76.73,76.73,84.59,71.30,76.49
80.28,80.28,85.73,69.34,76.97
82.80,82.80,80.76,74.50,77.20
79.35,79.35,81.10,78.38,75.12
74.09,74.09,83.31,76.06,76.67
71.83,71.83,77.88,79.32,75.49
70.47,70.47,77.64,77.68,75.05
68.94,68.94,73.02,76.74,75.09
68.20,68.20,75.33,75.60,75.75
76.81,76.81,69.87,78.07,75.42
79.55,79.55,65.44,78.55,70.87
80.30,80.30,56.58,75.19,74.39
72.97,72.97,57.31,77.97,72.34
65.16,65.16,65.48,76.69,71.81
65.68,65.68,73.93,76.46,73.08
65.98,65.98,84.87,76.47,77.21
62.87,62.87,82.58,74.52,78.10
64.58,64.58,80.04,74.55,79.09
67.37,67.37,78.74,74.87,77.60
65.05,65.05,77.03,74.44,79.23
63.18,63.18,72.31,74.92,78.27
69.01,69.01,67.57,75.47,76.47
70.16,70.16,64.43,75.87,76.05
68.48,68.48,62.17,73.44,77.58
67.46,67.46,55.83,74.64,77.92
67.74,67.74,55.47,75.33,78.09
69.17,69.17,57.64,72.24,76.58
77.82,77.82,56.24,75.76,77.86
79.33,79.33,50.90,73.16,76.00
76.57,76.57,60.65,74.23,78.13
66.27,66.27,52.69,72.43,76.61
59.08,59.08,51.34,72.21,76.61
63.57,63.57,54.55,72.77,78.76
73.45,73.45,62.48,68.74,78.28
72.47,72.47,66.69,71.50,80.94
72.09,72.09,63.73,67.64,79.15
73.46,73.46,68.82,59.61,80.02
75.05,75.05,73.38,63.98,80.69
72.63,72.63,70.34,66.03,78.09
71.62,71.62,75.02,55.62,78.90
68.59,68.59,74.16,56.14,76.59
62.06,62.06,73.11,56.05,77.43
60.99,60.99,63.76,55.51,79.18
55.12,55.12,65.32,54.72,76.51
55.88,55.88,74.43,58.52,77.67
60.29,60.29,76.79,57.21,78.43
64.58,64.58,77.51,50.85,75.68
72.63,72.63,78.27,56.78,77.59
75.86,75.86,74.74,53.65,75.54
75.21,75.21,73.82,54.08,73.68
74.72,74.72,77.89,66.79,75.37
67.55,67.55,87.32,74.83,73.85
70.03,70.03,89.57,79.08,73.90
75.30,75.30,85.05,80.25,76.39
73.13,73.13,88.64,80.34,74.12
74.29,74.29,80.55,80.94,78.56
72.81,72.81,82.54,82.12,76.59
75.03,75.03,76.15,80.45,76.10
73.65,73.65,83.88,81.38,80.43
73.94,73.94,83.89,77.62,76.60
73.14,73.14,78.96,70.76,81.43
71.51,71.51,71.13,60.16,81.85
69.98,69.98,77.88,56.08,75.62
70.05,70.05,72.79,62.13,75.48
71.50,71.50,66.39,63.87,78.93
72.22,72.22,67.83,61.06,82.15
73.06,73.06,64.19,56.81,78.19
69.71,69.71,63.48,57.83,73.52
63.08,63.08,60.70,54.45,73.96
60.30,60.30,67.19,68.20,76.78
62.53,62.53,84.75,76.13,77.56
67.05,67.05,87.74,83.77,72.87
70.59,70.59,84.89,83.21,77.39
70.28,70.28,83.11,84.42,75.64
70.10,70.10,80.77,85.33,70.71
68.98,68.98,80.88,81.11,73.40
68.35,68.35,74.46,85.72,73.33
68.98,68.98,79.36,84.02,71.12
71.93,71.93,81.69,87.24,72.89
74.87,74.87,73.17,86.76,76.60
75.89,75.89,69.87,83.93,71.75
73.80,73.80,74.68,86.55,74.08
74.56,74.56,66.84,86.97,71.32
76.00,76.00,64.08,84.13,75.16
75.83,75.83,65.83,85.97,76.35
75.87,75.87,61.90,83.99,76.83
74.82,74.82,60.75,86.09,74.39
73.50,73.50,68.98,85.94,71.74
72.08,72.08,81.30,84.50,74.25
68.62,68.62,88.59,83.62,79.01
66.25,66.25,90.24,81.96,81.69
69.84,69.84,86.84,81.33,79.67
71.22,71.22,82.86,82.59,83.31
71.84,71.84,76.10,82.83,81.93
69.22,69.22,71.61,84.09,83.43
62.05,62.05,67.70,84.11,80.62
55.41,55.41,61.81,82.49,81.97
52.51,52.51,60.63,83.34,81.97
50.75,50.75,64.14,82.30,81.55
45.80,45.80,77.67,76.07,80.42
45.13,45.13,90.37,75.70,78.29
41.21,41.21,88.82,69.24,74.18
39.58,39.58,86.98,70.78,76.39
38.66,38.66,89.72,68.87,75.84
41.40,41.40,82.26,68.50,75.92
40.82,40.82,75.58,75.28,76.66
41.12,41.12,80.94,79.01,78.34
43.66,43.66,81.75,78.01,78.63
43.28,43.28,79.02,79.20,77.60
42.80,42.80,69.82,80.94,77.98
41.43,41.43,71.52,81.62,77.25
39.53,39.53,74.00,80.30,77.86
38.78,38.78,68.25,80.75,79.32
38.05,38.05,61.94,83.34,78.12
36.84,36.84,63.98,81.90,77.89
35.42,35.42,64.68,80.33,78.99
35.37,35.37,62.52,81.33,75.21
34.52,34.52,68.38,82.56,75.96
39.92,39.92,81.22,81.03,76.00
42.62,42.62,84.17,79.73,74.46
39.90,39.90,80.74,80.06,75.28
43.83,43.83,76.67,81.80,74.83
45.37,45.37,70.01,80.97,75.22
47.25,47.25,65.52,78.97,77.65
48.17,48.17,61.67,80.30,75.95
52.90,52.90,67.94,81.64,77.44
50.22,50.22,71.26,80.44,77.90
47.98,47.98,65.68,80.67,80.43
47.00,47.00,60.62,79.93,79.50
42.98,42.98,60.56,81.18,79.84
38.49,38.49,50.63,80.51,76.85
33.66,33.66,58.21,79.66,77.75
34.33,34.33,58.82,80.57,76.63
38.15,38.15,51.55,81.06,78.29
47.93,47.93,51.62,80.13,76.21
56.58,56.58,61.23,79.54,72.00
63.81,63.81,71.07,80.22,73.20
73.84,73.84,77.99,78.23,73.63
75.82,75.82,76.99,76.81,80.28
78.09,78.09,76.31,79.21,75.04
77.49,77.49,70.93,78.18,70.05
76.52,76.52,72.25,78.13,73.98
72.75,72.75,77.10,78.67,72.55
63.50,63.50,92.70,80.44,71.40
63.37,63.37,92.22,80.25,71.75
69.11,69.11,88.56,81.23,72.80
74.63,74.63,88.93,76.86,76.08
76.72,76.72,85.06,74.73,68.06
76.91,76.91,82.26,72.46,71.45
76.67,76.67,78.79,65.95,74.11
80.69,80.69,82.49,69.77,74.15
77.08,77.08,80.04,62.86,72.55
74.96,74.96,76.29,56.96,76.88
69.34,69.34,74.88,47.34,76.88
64.38,64.38,74.54,45.29,78.54
70.81,70.81,69.15,53.66,75.63
78.27,78.27,68.38,57.95,73.01
75.89,75.89,67.00,56.26,75.38
79.35,79.35,63.78,52.87,74.00
80.25,80.25,63.78,49.22,75.55
78.00,78.00,67.66,54.21,72.99
70.46,70.46,74.77,65.57,73.80
73.48,73.48,84.55,84.32,80.53
71.30,71.30,81.25,87.82,80.16
75.33,75.33,80.14,85.71,77.03
68.35,68.35,77.95,86.22,82.40
68.86,68.86,73.25,83.69,86.03
66.74,66.74,69.08,86.65,82.86
69.26,69.26,65.02,86.50,81.63
70.75,70.75,62.41,84.76,82.26
68.36,68.36,60.03,87.10,80.03
73.58,73.58,56.70,87.33,78.94
70.55,70.55,58.05,86.19,81.04
69.19,69.19,52.23,86.71,77.76
66.00,66.00,49.20,86.43,76.54
75.68,75.68,49.26,86.87,78.40
76.02,76.02,43.47,86.40,77.30
64.97,64.97,40.44,84.46,78.35
62.93,62.93,46.02,85.40,77.82
62.76,62.76,48.20,85.87,78.66
61.01,61.01,61.67,85.08,76.91
67.68,67.68,71.40,85.21,77.90
70.52,70.52,67.14,84.32,76.10
71.19,71.19,61.92,86.15,77.45
72.56,72.56,56.09,85.82,78.59
74.35,74.35,51.75,85.12,79.86
75.18,75.18,50.12,85.13,79.62
75.22,75.22,48.46,85.84,77.62
79.15,79.15,50.10,86.07,76.34
77.33,77.33,56.91,84.59,77.64
78.73,78.73,72.71,83.59,78.75
75.99,75.99,76.12,84.12,73.97
69.11,69.11,80.03,78.09,72.06
73.68,73.68,73.92,75.67,73.72
77.04,77.04,67.41,67.60,75.91
74.98,74.98,65.88,59.57,75.35
71.19,71.19,69.18,60.73,77.16
69.03,69.03,71.98,61.75,74.46
66.64,66.64,86.44,74.51,74.33
64.56,64.56,89.85,83.49,75.18
67.37,67.37,86.18,85.08,73.38
72.60,72.60,87.93,86.99,77.63
76.77,76.77,81.47,87.41,77.41
73.69,73.69,83.99,88.34,74.61
78.28,78.28,84.27,86.48,76.01
77.88,77.88,75.05,88.69,75.31
76.54,76.54,79.72,88.32,73.76
75.32,75.32,75.00,84.78,74.50
72.12,72.12,70.81,84.89,76.27
71.72,71.72,71.64,77.24,75.35
72.07,72.07,64.21,67.04,75.38
68.46,68.46,63.34,68.39,79.84
73.57,73.57,68.55,67.58,75.52
76.78,76.78,60.08,65.10,79.11
77.70,77.70,67.81,56.99,76.18
76.35,76.35,67.36,52.06,75.71
69.82,69.82,75.44,65.68,73.55
64.28,64.28,93.02,75.37,71.48
64.42,64.42,92.08,81.37,71.73
61.48,61.48,83.84,85.22,75.19
67.97,67.97,86.89,84.82,76.91
64.49,64.49,82.17,82.91,78.72
64.42,64.42,83.57,79.85,77.24
66.72,66.72,79.22,80.93,78.16
64.55,64.55,81.04,83.06,78.23
65.92,65.92,71.70,83.11,79.22
64.40,64.40,77.05,83.78,75.64
63.79,63.79,74.26,85.28,78.09
65.88,65.88,74.47,82.93,76.94
64.78,64.78,62.76,79.84,77.15
65.48,65.48,68.24,84.49,74.54
66.29,66.29,69.25,84.01,76.50
65.70,65.70,58.81,81.23,74.14
65.81,65.81,64.71,83.47,74.48
67.53,67.53,68.74,83.55,72.85
68.98,68.98,81.83,82.77,70.67
68.42,68.42,87.59,81.26,74.34
72.65,72.65,86.06,82.36,77.44
72.64,72.64,80.80,83.11,75.99
80.82,80.82,74.04,80.19,82.75
81.55,81.55,70.02,82.91,84.25
79.36,79.36,65.93,82.65,83.43
76.94,76.94,63.67,81.69,82.01
70.92,70.92,60.44,82.27,78.11
66.89,66.89,63.16,80.86,77.36
63.48,63.48,73.52,79.98,75.68
58.95,58.95,83.31,80.00,74.42
52.34,52.34,93.62,81.67,76.14
48.71,48.71,90.62,76.77,74.56
47.98,47.98,83.02,74.09,76.78
44.89,44.89,82.60,80.18,75.52
45.22,45.22,83.17,81.67,76.17
44.50,44.50,79.58,80.78,75.76
49.46,49.46,79.02,77.74,75.00
63.31,63.31,81.03,79.92,78.62
68.00,68.00,73.65,82.49,76.53
71.72,71.72,74.03,79.57,77.17
72.00,72.00,69.95,80.77,74.85
72.19,72.19,70.55,80.35,77.75
72.59,72.59,66.28,80.52,75.25
73.40,73.40,65.52,81.85,75.28
70.16,70.16,61.00,80.81,73.72
68.65,68.65,62.80,81.29,72.46
66.96,66.96,66.27,78.80,75.44
64.72,64.72,79.88,80.83,75.17
61.86,61.86,81.48,81.34,73.66
62.24,62.24,74.86,80.27,73.76
61.27,61.27,70.82,82.14,73.24
67.71,67.71,66.41,80.28,74.19
74.08,74.08,63.63,81.41,74.01
78.03,78.03,60.85,79.98,73.38
80.32,80.32,61.08,79.73,73.92
81.80,81.80,69.05,80.41,73.02
79.81,79.81,72.46,79.09,73.75
76.48,76.48,66.93,80.32,74.17
81.70,81.70,59.41,80.03,72.97
83.28,83.28,53.47,79.30,72.69
82.82,82.82,54.68,80.09,70.96
80.92,80.92,57.83,77.91,76.79
78.11,78.11,53.85,79.67,77.47
77.28,77.28,57.21,78.35,77.40
79.55,79.55,57.05,78.67,77.07
74.94,74.94,69.39,78.16,74.30
72.28,72.28,73.60,77.08,75.16
77.88,77.88,77.42,78.91,73.25
79.82,79.82,77.94,79.28,80.81
74.97,74.97,75.31,80.01,77.00
79.30,79.30,73.44,77.96,75.05
77.35,77.35,69.58,71.59,73.65
72.14,72.14,77.32,68.40,73.68
64.98,64.98,93.81,69.06,72.08
65.49,65.49,91.05,62.44,75.40
68.93,68.93,91.90,62.51,73.02
72.56,72.56,90.02,62.71,73.54
75.81,75.81,79.27,59.48,76.56
74.83,74.83,86.05,58.47,76.57
75.47,75.47,80.49,69.23,77.77
76.06,76.06,79.07,70.36,79.22
77.71,77.71,82.74,70.53,80.47
77.36,77.36,77.28,65.96,82.69
73.13,73.13,76.87,62.70,80.02
70.56,70.56,73.26,52.17,79.37
76.31,76.31,73.80,49.67,81.05
80.27,80.27,71.06,59.09,79.64
78.98,78.98,67.02,58.91,76.92
74.95,74.95,61.97,61.37,76.29
78.30,78.30,70.47,68.61,77.82
72.38,72.38,77.40,85.72,74.92
70.73,70.73,85.25,88.59,73.43
73.15,73.15,85.72,83.91,73.75
69.73,69.73,82.81,85.82,72.98
70.16,70.16,80.77,85.84,74.56
73.67,73.67,78.54,86.77,73.55
70.45,70.45,78.20,86.66,78.53
66.17,66.17,70.57,86.77,75.40
72.10,72.10,66.31,87.44,75.22
74.59,74.59,62.75,86.41,76.41
70.42,70.42,59.26,86.72,79.75
65.00,65.00,55.81,85.86,78.51
61.20,61.20,50.49,86.36,76.35
57.58,57.58,54.29,85.42,77.25
61.39,61.39,50.01,86.23,78.11
60.70,60.70,50.37,85.13,78.15
58.21,58.21,58.48,85.03,79.50
57.96,57.96,50.63,85.59,78.95
57.04,57.04,54.99,85.33,76.62
54.98,54.98,61.33,86.01,77.10
65.41,65.41,67.56,84.60,77.79
71.28,71.28,71.28,86.47,78.18
73.88,73.88,67.77,86.67,79.37
74.60,74.60,67.11,85.29,79.86
76.55,76.55,60.56,83.90,76.81
73.95,73.95,59.51,84.71,78.22
77.88,77.88,66.94,85.34,81.14
80.11,80.11,69.06,83.96,83.19
75.53,75.53,65.45,83.65,76.48
81.72,81.72,65.62,83.87,76.61
85.30,85.30,65.64,82.64,78.77
80.92,80.92,75.29,81.26,78.01
73.43,73.43,81.16,80.04,75.10
66.72,66.72,83.85,74.33,77.10
65.22,65.22,75.97,66.59,74.55
71.48,71.48,69.30,56.86,74.60
70.98,70.98,70.23,54.83,78.27
69.60,69.60,74.10,56.96,75.01
73.75,73.75,88.58,77.82,74.99
73.12,73.12,90.81,81.19,70.45
71.43,71.43,87.74,81.60,74.98
74.79,74.79,88.54,82.05,76.57
83.45,83.45,76.71,82.89,76.02
83.12,83.12,87.82,84.81,76.52
82.45,82.45,82.48,82.20,75.77
81.77,81.77,78.62,78.44,80.32
82.95,82.95,79.77,77.70,81.58
82.55,82.55,76.54,71.76,79.00
82.43,82.43,74.94,63.86,79.78
83.42,83.42,71.99,60.32,77.22
81.82,81.82,72.40,63.72,79.48
73.93,73.93,67.32,66.70,75.90
71.11,71.11,66.98,65.22,78.81
74.36,74.36,61.05,61.66,73.23
75.33,75.33,61.66,54.93,75.98
72.66,72.66,65.13,50.72,70.00
71.24,71.24,78.09,67.83,71.56
67.94,67.94,92.52,81.30,71.13
67.96,67.96,88.36,85.56,70.48
63.69,63.69,85.22,86.85,72.10
63.83,63.83,87.52,88.47,72.56
65.14,65.14,76.58,89.22,72.36
66.05,66.05,82.74,86.11,74.00
65.33,65.33,83.32,86.54,72.45
69.92,69.92,77.35,85.60,74.59
68.31,68.31,78.83,83.24,76.49
70.48,70.48,71.66,86.89,76.42
67.02,67.02,70.99,86.81,74.36
70.24,70.24,72.72,86.82,73.94
71.85,71.85,67.23,87.30,72.56
72.76,72.76,69.85,86.50,75.17
71.05,71.05,62.86,87.94,75.44
72.46,72.46,58.45,87.30,75.13
72.65,72.65,63.70,84.95,72.63
70.15,70.15,76.81,86.60,73.64
69.17,69.17,83.64,85.17,80.53
65.74,65.74,81.97,84.11,83.94
66.98,66.98,80.84,84.50,82.74
68.21,68.21,80.56,83.10,80.03
72.06,72.06,78.30,85.35,82.99
71.34,71.34,75.69,85.21,81.48
71.59,71.59,72.27,83.62,81.66
67.81,67.81,67.38,85.69,82.04
67.25,67.25,62.31,85.24,79.27
57.39,57.39,61.27,85.92,80.59
58.61,58.61,67.13,84.86,79.72
59.96,59.96,75.30,83.90,75.63
57.31,57.31,89.43,85.90,76.96
53.54,53.54,88.38,85.50,74.36
53.16,53.16,85.33,83.83,75.95
55.57,55.57,89.36,85.51,75.53
52.83,52.83,82.00,86.83,74.86
53.01,53.01,79.96,85.25,74.55
49.68,49.68,78.34,84.97,76.11
48.70,48.70,80.18,84.33,73.59
51.05,51.05,79.01,85.28,74.75
49.83,49.83,67.66,83.48,72.90
48.23,48.23,73.28,82.96,74.38
45.47,45.47,72.86,84.21,74.73
46.59,46.59,68.38,84.46,77.26
45.76,45.76,60.63,84.46,76.22
43.74,43.74,58.12,83.63,77.92
42.38,42.38,63.21,83.71,76.73
41.62,41.62,63.91,84.41,76.85
37.79,37.79,71.80,83.70,77.71
35.82,35.82,82.96,82.12,73.74
33.15,33.15,82.60,83.18,73.33
28.53,28.53,78.33,84.04,73.75
32.24,32.24,73.39,83.35,73.32
34.32,34.32,69.19,82.52,74.26
35.49,35.49,63.89,83.08,75.05
38.47,38.47,61.37,84.28,74.62
37.21,37.21,66.32,83.32,75.84
37.41,37.41,72.22,82.60,75.57
37.81,37.81,66.31,82.27,77.76
36.22,36.22,61.16,83.85,79.14
33.62,33.62,54.98,82.08,80.38
32.72,32.72,49.94,81.87,79.31
33.06,33.06,49.89,81.44,79.30
35.12,35.12,49.92,82.46,77.99
31.80,31.80,44.36,82.13,76.32
30.79,30.79,48.40,81.49,75.90
28.76,28.76,57.50,81.65,74.84
27.72,27.72,68.21,82.44,71.37
26.01,26.01,78.53,80.91,73.95
24.69,24.69,74.69,80.28,75.23
24.27,24.27,66.75,80.57,73.16
23.01,23.01,67.33,81.90,73.13
19.24,19.24,71.56,78.30,73.10
17.80,17.80,79.68,76.07,72.11
17.26,17.26,93.61,79.67,71.04
14.69,14.69,93.75,79.55,72.41
19.92,19.92,84.55,81.18,72.63
24.19,24.19,87.76,78.50,73.63
25.03,25.03,82.58,76.27,71.78
25.19,25.19,85.61,78.05,74.54
29.60,29.60,81.64,79.54,75.16
25.59,25.59,82.25,77.71,72.80
26.47,26.47,76.02,75.96,70.66
24.18,24.18,76.75,74.17,75.79
25.46,25.46,74.43,73.45,75.92
30.08,30.08,76.09,74.07,76.48
32.02,32.02,68.00,74.87,75.68
30.93,30.93,68.97,75.84,76.67
37.52,37.52,65.93,77.42,76.34
31.05,31.05,64.49,75.48,75.67
26.18,26.18,67.19,75.15,75.29
22.36,22.36,71.74,74.64,71.65
24.71,24.71,85.24,73.75,72.95
20.98,20.98,89.36,69.93,78.30
9.89,9.89,85.98,71.72,79.37
1.67,1.67,82.37,72.16,83.08
1.36,1.36,78.36,73.34,82.24
4.20,4.20,75.76,73.67,82.25
7.98,7.98,72.88,72.53,84.90
11.54,11.54,68.01,72.31,83.30
14.44,14.44,65.72,73.74,80.39
20.29,20.29,64.49,71.84,81.65
23.35,23.35,67.59,70.70,81.04
22.24,22.24,65.17,70.52,79.91
24.95,24.95,63.36,73.88,80.20
26.19,26.19,62.19,72.36,77.47
30.74,30.74,60.11,70.31,79.55
35.44,35.44,58.88,70.66,78.72
38.58,38.58,57.68,70.63,77.42
33.25,33.25,58.17,69.04,77.83
24.94,24.94,60.53,68.69,79.11
27.18,27.18,66.76,69.19,75.90
21.56,21.56,71.31,69.81,76.62
27.15,27.15,67.25,67.86,75.49
26.73,26.73,62.40,69.37,74.82
38.48,38.48,58.27,69.98,74.88
38.29,38.29,56.69,72.52,75.27
41.09,41.09,55.82,71.78,78.57
38.63,38.63,52.49,69.21,77.74
44.57,44.57,53.45,69.58,76.81
33.20,33.20,54.85,71.24,77.57
29.14,29.14,66.29,66.74,76.13
19.83,19.83,75.11,66.74,75.64
9.61,9.61,72.86,66.62,73.47
12.45,12.45,72.22,69.19,75.47
10.74,10.74,67.17,65.25,73.75
25.91,25.91,61.49,63.25,74.61
24.07,24.07,59.02,59.89,75.53
29.09,29.09,59.07,58.27,76.36
27.48,27.48,47.09,45.40,73.50
31.87,31.87,38.34,47.20,75.93
28.42,28.42,34.44,49.06,76.68
29.51,29.51,32.83,48.38,74.38
31.68,31.68,32.37,42.72,79.74
33.07,33.07,30.41,47.55,80.89
34.95,34.95,27.87,48.41,79.64
32.64,32.64,29.30,52.10,78.40
34.34,34.34,27.87,52.41,78.48
35.57,35.57,25.45,50.96,79.33
34.37,34.37,23.75,48.43,78.07
34.23,34.23,23.66,46.47,77.83
32.23,32.23,24.56,42.53,76.38
32.60,32.60,25.01,41.59,78.93
36.30,36.30,25.98,38.65,75.39
37.21,37.21,23.56,42.60,77.54
39.47,39.47,22.29,47.10,76.14
40.53,40.53,25.09,43.77,76.27
42.00,42.00,23.85,45.07,75.81
40.44,40.44,22.04,46.47,73.85
41.89,41.89,22.48,41.91,76.71
38.31,38.31,21.90,40.74,74.62
42.59,42.59,19.25,45.92,74.05
37.32,37.32,23.70,43.41,76.57
38.05,38.05,27.48,48.72,73.68
37.28,37.28,26.97,47.45,74.43
33.28,33.28,25.73,45.65,74.71
38.64,38.64,22.72,45.54,75.35
36.27,36.27,19.47,49.80,73.22
33.49,33.49,18.30,50.74,74.43
34.66,34.66,24.08,50.43,75.37
35.97,35.97,23.25,53.28,73.43
38.46,38.46,13.92,56.79,74.69
38.06,38.06,15.01,56.20,72.97
34.50,34.50,21.92,54.15,74.63
35.32,35.32,21.84,50.49,75.56
33.60,33.60,29.30,53.78,74.96
25.30,25.30,37.26,55.39,75.41
21.89,21.89,26.95,47.53,78.95
21.11,21.11,29.47,49.98,77.63
31.32,31.32,18.21,53.27,78.71
28.65,28.65,14.60,50.85,78.85
27.49,27.49,17.33,55.15,79.96
28.67,28.67,16.08,57.23,80.41
28.59,28.59,14.48,55.90,78.79
30.63,30.63,17.82,58.60,78.22
30.41,30.41,18.52,57.39,78.13
32.34,32.34,15.64,54.98,78.46
40.28,40.28,23.41,56.39,76.29
39.81,39.81,24.99,56.64,76.34
46.22,46.22,24.18,55.51,73.94
40.84,40.84,23.46,56.01,78.34
42.85,42.85,19.59,53.82,74.00
29.35,29.35,16.66,57.61,75.22
30.53,30.53,17.41,57.36,76.34
46.70,46.70,23.83,57.18,74.13
37.59,37.59,19.90,57.65,74.64
46.52,46.52,18.15,56.55,74.62
47.39,47.39,16.11,55.43,72.98
45.21,45.21,22.62,54.88,74.83
47.46,47.46,21.63,51.53,75.13
39.28,39.28,22.45,51.43,71.63
41.79,41.79,24.58,56.88,70.68
37.56,37.56,23.10,53.92,70.20
34.08,34.08,18.69,51.77,72.17
41.21,41.21,28.08,53.15,74.72
36.67,36.67,24.00,45.76,77.57
48.57,48.57,21.32,43.00,75.45
40.51,40.51,18.23,43.55,75.73
48.85,48.85,21.17,48.44,74.67
38.77,38.77,17.23,48.05,74.08
43.15,43.15,19.73,40.62,74.12
41.28,41.28,17.24,49.96,79.48
36.73,36.73,18.93,49.60,78.74
36.64,36.64,22.61,42.66,79.41
38.23,38.23,21.78,36.38,83.82
29.75,29.75,14.26,40.63,83.91
38.07,38.07,9.98,39.15,83.27
29.68,29.68,13.04,42.37,85.16
31.61,31.61,9.18,45.32,82.02
27.63,27.63,10.69,43.76,81.60
32.35,32.35,13.21,43.27,82.24
33.37,33.37,17.13,43.31,81.09
36.13,36.13,23.84,40.34,79.14
39.02,39.02,26.97,43.81,81.50
39.95,39.95,29.73,44.50,79.20
37.85,37.85,27.66,38.52,77.20
40.33,40.33,25.96,36.87,80.43
38.73,38.73,24.13,32.70,79.29
41.86,41.86,23.70,35.78,76.78
41.93,41.93,24.52,39.78,78.62
42.79,42.79,24.78,41.13,78.72
40.51,40.51,23.93,41.84,77.42
38.73,38.73,26.51,39.96,78.04
38.79,38.79,25.65,39.41,78.53
34.66,34.66,22.41,42.55,78.32
43.72,43.72,19.72,39.83,77.61
42.16,42.16,19.61,31.57,79.20
43.86,43.86,27.46,28.93,77.90
43.06,43.06,30.83,27.65,77.57
41.84,41.84,34.03,30.12,81.85
40.27,40.27,31.82,29.86,79.69
42.28,42.28,27.81,30.95,80.86
49.14,49.14,22.90,19.50,82.08
54.30,54.30,16.95,26.32,83.27
59.27,59.27,14.49,24.41,78.03
64.31,64.31,11.90,17.46,82.06
67.39,67.39,11.84,22.47,77.60
69.66,69.66,17.16,29.82,82.31
65.99,65.99,18.26,29.11,76.03
61.48,61.48,8.81,32.07,65.94
56.65,56.65,13.07,29.67,50.32
72.75,72.75,22.65,34.11,55.15
81.55,81.55,25.84,34.71,53.25
82.20,82.20,30.61,31.13,48.69
81.97,81.97,27.48,29.84,40.60
81.84,81.84,26.09,31.98,41.75
81.21,81.21,24.53,34.06,42.86
76.55,76.55,19.68,30.44,42.50
75.60,75.60,18.66,30.25,36.74
72.60,72.60,22.26,35.61,40.07
75.65,75.65,28.15,43.18,46.33
84.24,84.24,30.97,42.44,46.46
85.15,85.15,24.55,29.83,42.85
83.19,83.19,21.90,23.40,39.15
81.60,81.60,19.13,21.34,37.68
80.76,80.76,19.53,23.76,41.98
79.27,79.27,23.44,24.17,42.75
77.69,77.69,22.04,30.06,41.72
75.36,75.36,21.21,32.12,33.95
74.98,74.98,24.13,31.29,36.25
83.01,83.01,21.49,29.65,32.07
78.95,78.95,20.18,29.31,34.86
83.76,83.76,20.99,25.16,30.17
84.23,84.23,22.56,19.29,24.57
84.16,84.16,27.08,23.60,27.74
82.37,82.37,21.84,21.35,32.92
81.91,81.91,12.43,17.28,32.18
81.98,81.98,16.35,23.16,26.18
78.92,78.92,24.25,31.57,31.41
81.10,81.10,19.01,32.86,37.38
83.66,83.66,23.54,31.84,39.95
86.05,86.05,18.39,23.87,32.58
84.79,84.79,16.69,10.56,32.21
87.77,87.77,11.06,9.28,21.73
88.27,88.27,9.02,6.60,20.29
88.05,88.05,11.29,7.76,20.16
87.55,87.55,8.88,11.52,23.15
78.94,78.94,12.78,12.82,17.45
78.95,78.95,20.45,15.20,21.03
77.08,77.08,20.18,12.06,17.58
75.62,75.62,20.62,14.03,19.48
76.53,76.53,20.44,13.81,16.41
78.96,78.96,22.92,15.31,16.50
80.98,80.98,22.59,15.58,20.94
82.17,82.17,24.10,13.04,19.70
82.81,82.81,26.26,16.92,23.28
82.42,82.42,24.48,16.68,24.55
83.01,83.01,25.96,19.60,19.14
80.12,80.12,27.57,19.64,19.51
85.85,85.85,28.21,21.88,24.56
83.70,83.70,27.46,19.35,23.00
83.37,83.37,29.69,17.32,21.09
84.40,84.40,27.45,14.23,16.17
84.61,84.61,22.94,10.53,13.57
84.10,84.10,21.86,12.35,15.70
83.11,83.11,23.18,12.22,18.40
81.59,81.59,26.33,18.40,21.79
80.22,80.22,24.94,15.43,28.07
81.51,81.51,24.17,15.38,28.31
84.19,84.19,17.29,21.05,22.33
86.13,86.13,15.70,20.53,19.23
81.11,81.11,15.48,11.92,16.38
79.11,79.11,19.30,15.99,14.77
80.18,80.18,22.87,22.26,23.94
81.68,81.68,19.85,14.99,21.67
80.13,80.13,23.01,25.68,25.21
78.37,78.37,25.19,31.49,35.70
81.23,81.23,21.33,22.79,28.66
86.99,86.99,16.92,18.80,26.53
87.56,87.56,21.74,19.30,19.23
86.62,86.62,16.89,19.69,24.03
86.32,86.32,18.18,20.16,28.05
86.57,86.57,18.16,21.73,29.19
85.70,85.70,20.30,23.84,25.59
85.86,85.86,20.34,21.02,20.49
86.40,86.40,19.67,21.60,19.53
85.49,85.49,19.72,17.01,19.58
82.60,82.60,19.17,15.74,24.98
76.33,76.33,15.88,15.32,26.97
78.15,78.15,18.08,17.88,28.14
81.06,81.06,22.46,26.17,23.96
69.04,69.04,28.82,28.18,24.04
65.03,65.03,30.77,23.01,24.60
64.09,64.09,30.18,21.49,19.71
69.31,69.31,26.39,16.21,15.70
74.70,74.70,24.87,15.40,14.95
80.40,80.40,25.19,21.43,20.29
85.65,85.65,25.81,26.58,22.15
84.99,84.99,23.91,31.15,22.42
82.92,82.92,21.75,27.02,20.78
84.20,84.20,23.73,26.01,20.60
84.61,84.61,28.29,19.26,21.81
83.92,83.92,24.73,25.00,19.51
83.74,83.74,24.58,19.57,19.46
83.44,83.44,28.55,24.61,18.38
82.04,82.04,29.71,16.82,13.68
81.73,81.73,32.68,22.15,15.35
77.81,77.81,30.63,25.43,15.02
76.11,76.11,28.15,24.38,15.29
70.41,70.41,28.73,17.18,16.92
70.25,70.25,30.50,17.06,14.02
71.89,71.89,31.61,20.84,14.09
72.37,72.37,26.24,17.30,16.52
73.73,73.73,30.82,24.37,23.61
83.24,83.24,33.97,20.34,22.78
81.76,81.76,33.60,20.50,18.38
81.38,81.38,31.49,21.56,21.33
81.18,81.18,36.04,25.52,23.00
81.30,81.30,38.08,24.11,21.56
81.73,81.73,38.61,24.92,22.59
81.39,81.39,36.58,26.29,21.90
81.35,81.35,45.27,26.87,27.72
81.92,81.92,38.10,20.64,27.32
82.46,82.46,50.81,29.84,31.22
82.62,82.62,42.41,22.46,25.64
82.74,82.74,42.49,20.76,20.75
82.09,82.09,42.21,25.01,24.77
80.82,80.82,36.34,21.48,20.91
79.70,79.70,39.47,22.15,20.58
75.15,75.15,41.21,26.79,24.89
73.28,73.28,33.98,22.29,23.89
74.25,74.25,38.00,22.08,24.15
76.39,76.39,35.61,26.81,31.45
82.24,82.24,35.37,28.65,31.74
84.97,84.97,36.34,28.44,29.51
83.29,83.29,37.11,27.86,32.32
82.25,82.25,37.04,28.05,31.99
81.70,81.70,35.22,24.41,34.38
80.73,80.73,35.38,25.33,32.63
80.60,80.60,42.07,30.61,31.23
80.54,80.54,44.05,26.55,32.06
81.02,81.02,54.82,36.34,34.44
81.83,81.83,44.85,29.54,31.62
82.79,82.79,42.16,27.01,24.26
76.25,76.25,33.96,26.09,24.77
68.22,68.22,30.18,25.84,18.04
68.87,68.87,34.32,24.50,17.54
69.02,69.02,39.48,22.08,19.60
68.63,68.63,36.44,23.27,23.12
67.79,67.79,36.65,21.52,24.10
67.06,67.06,39.20,24.02,22.74
65.54,65.54,43.17,33.28,27.73
74.42,74.42,46.39,35.80,34.96
80.07,80.07,45.09,34.97,37.25
82.68,82.68,40.08,33.11,31.51
84.18,84.18,39.32,19.62,31.55
84.47,84.47,49.11,27.04,31.04
84.76,84.76,45.95,26.50,33.59
85.22,85.22,46.11,27.18,30.10
84.85,84.85,44.46,25.98,28.91
84.53,84.53,41.51,26.71,30.20
84.74,84.74,51.63,33.90,29.19
84.95,84.95,51.07,29.08,29.29
84.48,84.48,46.55,30.99,31.73
80.71,80.71,45.81,30.59,34.91
74.07,74.07,43.97,29.04,33.22
72.21,72.21,35.69,21.97,28.98
76.01,76.01,37.97,25.28,27.71
76.78,76.78,40.02,25.51,29.16
75.66,75.66,37.89,31.98,31.89
78.80,78.80,40.73,29.87,33.96
79.83,79.83,41.84,17.90,35.33
80.32,80.32,45.20,21.98,39.50
78.42,78.42,51.06,15.24,47.68
77.78,77.78,52.20,16.77,56.03
75.39,75.39,49.49,20.43,57.33
81.88,81.88,46.76,24.78,61.85
83.66,83.66,44.00,22.89,64.53
84.68,84.68,41.20,26.46,60.09
83.95,83.95,38.17,26.72,61.48
83.91,83.91,31.48,26.19,59.86
84.53,84.53,33.62,36.69,55.77
83.46,83.46,40.48,32.85,56.99
84.81,84.81,41.97,24.10,55.15
84.75,84.75,43.61,33.32,56.08
84.57,84.57,33.95,29.28,57.25
84.54,84.54,36.06,39.82,58.79
84.15,84.15,41.62,36.81,60.57
85.29,85.29,45.20,24.91,60.75
83.68,83.68,56.20,27.54,61.21
82.96,82.96,66.35,29.88,65.90
83.44,83.44,77.61,42.68,60.90
83.09,83.09,80.34,57.13,63.83
78.45,78.45,91.08,69.43,69.52
77.67,77.67,89.02,77.00,69.34
76.60,76.60,89.04,79.91,68.45
72.62,72.62,89.63,71.02,69.79
73.27,73.27,89.79,76.62,71.71
73.58,73.58,88.12,80.34,69.98
78.10,78.10,93.03,72.96,70.74
76.50,76.50,86.61,79.93,70.09
76.49,76.49,82.17,80.29,70.05
76.19,76.19,89.55,82.28,71.92
75.65,75.65,88.58,84.49,73.02
78.60,78.60,76.15,82.38,67.90
77.87,77.87,83.20,78.15,69.92
75.72,75.72,92.69,73.32,67.86
70.59,70.59,88.90,83.57,69.06
65.84,65.84,85.12,82.47,67.48
65.55,65.55,88.86,81.38,70.09
65.12,65.12,89.86,79.60,68.79
65.61,65.61,81.90,79.36,69.08
72.08,72.08,75.36,81.59,65.16
80.17,80.17,67.23,80.30,64.25
81.39,81.39,65.31,80.97,65.72
77.14,77.14,71.52,80.53,68.47
78.89,78.89,74.66,78.54,68.71
76.40,76.40,78.92,82.14,66.27
78.39,78.39,61.93,81.44,72.48
79.30,79.30,62.91,78.27,65.63
79.64,79.64,63.92,81.20,67.91
80.99,80.99,63.39,80.45,64.95
81.61,81.61,59.75,81.19,65.82
82.42,82.42,64.14,79.67,65.30
82.45,82.45,64.13,80.21,73.13
82.16,82.16,64.80,80.56,67.37
78.22,78.22,63.18,78.85,70.79
74.97,74.97,61.32,81.41,66.05
72.94,72.94,69.32,80.03,69.78
76.81,76.81,83.72,78.33,72.75
77.53,77.53,81.03,78.55,75.21
72.66,72.66,73.27,79.64,78.28
68.38,68.38,76.00,81.88,77.61
70.38,70.38,78.48,77.94,78.94
68.55,68.55,61.78,80.05,79.05
62.70,62.70,50.19,79.10,78.31
62.60,62.60,52.17,78.48,79.20
62.12,62.12,44.52,79.64,77.21
61.06,61.06,45.71,77.89,77.69
61.06,61.06,47.69,78.84,76.71
62.96,62.96,48.59,78.18,77.39
61.37,61.37,49.71,78.64,77.79
60.31,60.31,44.86,78.90,77.80
53.94,53.94,42.56,77.62,77.02
55.55,55.55,34.55,78.66,77.51
53.56,53.56,40.68,77.85,76.42
52.71,52.71,35.54,77.62,77.53
56.78,56.78,34.67,77.95,78.54
67.07,67.07,31.18,76.74,77.51
74.49,74.49,29.07,77.42,78.57
78.52,78.52,24.71,76.61,78.60
81.14,81.14,22.40,76.46,76.73
81.44,81.44,17.80,77.88,74.83
79.65,79.65,19.40,75.64,74.45
80.44,80.44,21.61,76.93,73.93
79.67,79.67,39.34,71.84,74.28
80.02,80.02,52.41,75.31,76.17
76.60,76.60,60.32,74.89,74.12
79.43,79.43,80.45,69.66,74.15
80.51,80.51,80.24,74.33,75.48
79.44,79.44,66.81,73.29,74.46
73.58,73.58,55.91,74.00,77.30
66.08,66.08,53.44,70.97,77.25
64.36,64.36,60.63,72.58,76.85
65.45,65.45,68.01,70.88,75.94
70.44,70.44,85.82,62.79,75.91
74.39,74.39,88.45,63.16,75.83
71.69,71.69,82.75,65.89,76.95
73.56,73.56,79.25,60.86,77.28
75.64,75.64,73.36,63.31,77.19
79.62,79.62,76.38,66.23,76.52
82.15,82.15,78.62,71.46,79.13
83.73,83.73,71.43,72.84,76.32
83.57,83.57,74.49,71.73,79.09
79.47,79.47,72.63,72.74,77.58
74.33,74.33,70.75,71.24,78.44
75.78,75.78,63.61,70.86,77.39
73.27,73.27,75.32,65.24,77.66
71.36,71.36,72.88,64.46,76.23
72.41,72.41,79.53,64.52,75.32
70.44,70.44,92.43,62.73,78.87
71.41,71.41,89.87,59.50,80.92
73.21,73.21,80.96,55.62,78.19
70.84,70.84,89.48,59.40,78.47
69.97,69.97,80.08,55.97,77.62
71.67,71.67,88.54,56.70,80.40
68.12,68.12,95.22,58.57,76.68
74.41,74.41,89.06,64.59,75.89
78.52,78.52,80.58,65.55,75.63
78.99,78.99,79.82,61.21,75.85
78.75,78.75,89.99,62.66,75.57
78.94,78.94,86.44,66.77,75.23
79.84,79.84,84.27,67.71,75.60
82.06,82.06,86.17,69.60,74.43
81.72,81.72,79.00,71.65,75.44
75.13,75.13,61.03,70.40,75.05
72.52,72.52,64.60,69.02,75.84
77.45,77.45,57.42,70.85,76.02
78.19,78.19,55.82,71.87,76.85
79.70,79.70,60.10,69.90,74.82
78.43,78.43,68.15,68.28,73.74
80.16,80.16,78.60,68.81,73.80
77.20,77.20,89.03,69.86,69.88
75.88,75.88,88.57,67.15,74.98
76.16,76.16,83.13,70.92,78.61
78.03,78.03,83.57,70.68,80.15
75.25,75.25,76.15,70.14,80.95
70.28,70.28,75.40,69.08,78.42
69.45,69.45,73.15,69.94,80.80
66.56,66.56,64.60,68.87,80.32
65.29,65.29,63.10,67.71,78.29
68.54,68.54,64.40,69.99,81.57
67.88,67.88,60.07,70.66,79.96
74.86,74.86,56.26,70.20,80.16
83.80,83.80,59.13,68.06,79.10
81.44,81.44,58.12,68.19,83.94
75.14,75.14,52.06,65.86,82.07
77.26,77.26,48.31,61.92,84.41
77.39,77.39,41.05,64.27,82.07
74.94,74.94,36.71,58.90,80.86
75.13,75.13,37.16,60.47,82.35
75.39,75.39,44.62,65.40,83.03
74.89,74.89,50.02,62.47,79.66
75.24,75.24,45.13,62.52,81.95
74.97,74.97,42.90,62.60,83.18
80.37,80.37,44.63,62.08,79.51
79.25,79.25,43.03,67.63,82.07
79.84,79.84,40.22,62.36,79.48
82.15,82.15,34.96,64.64,78.40
79.49,79.49,41.45,68.12,77.75
79.22,79.22,42.22,61.10,74.41
82.71,82.71,36.32,58.58,75.72
80.58,80.58,36.87,57.10,77.39
80.73,80.73,38.86,56.17,78.86
80.15,80.15,38.48,56.24,75.24
79.68,79.68,32.83,59.84,73.25
81.18,81.18,36.58,63.69,72.63
82.15,82.15,46.43,63.61,68.93
81.85,81.85,64.18,69.88,64.83
75.92,75.92,74.57,73.42,69.78
72.92,72.92,86.98,82.52,70.74
75.36,75.36,87.99,74.95,77.81
66.82,66.82,92.31,79.99,77.30
60.67,60.67,91.12,78.25,80.03
62.24,62.24,85.27,83.13,74.42
60.77,60.77,87.51,83.04,71.69
60.88,60.88,90.52,79.82,72.32
59.83,59.83,85.76,84.19,71.16
56.91,56.91,87.70,82.81,70.51
55.21,55.21,88.16,73.61,69.09
56.34,56.34,85.00,80.40,70.98
54.83,54.83,85.68,83.00,72.25
53.30,53.30,86.51,83.47,68.29
52.56,52.56,91.81,84.48,68.69
51.41,51.41,85.70,82.54,67.28
49.03,49.03,79.75,82.79,68.19
50.09,50.09,90.11,86.45,71.87
51.83,51.83,89.87,85.94,69.13
52.30,52.30,75.60,85.54,71.65
49.68,49.68,67.23,82.89,71.05
46.21,46.21,55.85,83.21,71.63
47.77,47.77,63.54,82.74,70.46
46.35,46.35,61.76,81.02,69.05
48.85,48.85,67.35,82.10,70.20
56.32,56.32,63.14,82.14,68.98
59.97,59.97,58.54,80.51,70.39
62.34,62.34,42.82,81.26,74.23
64.39,64.39,47.47,81.00,70.95
64.55,64.55,40.74,82.12,70.51
63.30,63.30,35.04,81.10,72.11
62.06,62.06,38.60,80.52,68.50
62.49,62.49,35.82,81.14,67.90
59.28,59.28,32.56,81.61,70.81
61.54,61.54,41.48,80.66,70.59
54.46,54.46,55.77,80.39,71.03
48.16,48.16,60.72,80.59,68.46
51.65,51.65,73.55,81.01,75.63
48.79,48.79,78.14,79.91,76.77
46.14,46.14,68.66,79.87,75.24
50.78,50.78,60.23,79.69,75.72
51.97,51.97,58.78,80.60,76.47
47.37,47.37,55.29,79.62,76.33
45.06,45.06,51.29,78.79,76.99
47.23,47.23,45.94,79.02,72.77
45.17,45.17,43.50,79.50,75.51
47.75,47.75,37.93,77.97,74.94
44.77,44.77,36.67,78.12,73.83
46.74,46.74,35.36,78.20,74.60
48.15,48.15,31.76,78.44,75.13
51.02,51.02,27.23,76.95,73.98
47.50,47.50,21.08,76.34,71.71
47.53,47.53,16.38,77.29,72.26
58.60,58.60,16.05,77.76,72.07
65.43,65.43,13.97,75.94,72.75
63.26,63.26,15.10,75.77,72.09
61.81,61.81,16.25,75.62,72.30
55.27,55.27,15.16,76.73,71.43
50.08,50.08,16.60,75.34,72.64
50.63,50.63,18.24,74.07,72.86
59.10,59.10,18.67,74.41,70.76
70.14,70.14,18.28,75.15,71.04
66.93,66.93,18.93,74.00,70.76
68.46,68.46,20.61,73.09,71.13
61.81,61.81,19.34,72.03,70.49
57.25,57.25,19.19,70.86,71.71
49.86,49.86,25.41,68.34,75.33
46.10,46.10,33.21,66.62,75.12
45.06,45.06,35.89,67.32,74.03
47.51,47.51,36.33,69.53,75.14
53.14,53.14,40.21,68.54,76.15
46.86,46.86,52.00,67.85,75.82
44.56,44.56,63.55,67.26,75.08
33.73,33.73,68.17,68.39,78.38
30.74,30.74,78.67,69.68,74.05
34.53,34.53,77.44,69.02,75.37
30.05,30.05,67.67,70.45,74.93
33.88,33.88,61.60,71.40,80.30
38.19,38.19,56.87,71.21,79.50
36.30,36.30,51.56,70.19,75.41
34.25,34.25,43.87,69.99,78.38
32.16,32.16,37.68,69.88,76.11
31.87,31.87,35.20,71.03,74.49
32.42,32.42,32.18,71.26,76.01
32.24,32.24,30.77,71.46,75.21
32.89,32.89,29.23,70.99,73.72
34.70,34.70,30.85,73.45,77.05
33.30,33.30,36.85,72.06,73.12
35.63,35.63,35.00,69.79,72.43
36.79,36.79,34.98,70.07,76.44
36.36,36.36,35.05,70.84,73.10
36.20,36.20,36.56,70.38,74.13
35.00,35.00,37.69,69.68,74.47
33.54,33.54,39.75,68.71,73.89
33.37,33.37,39.52,70.85,74.50
30.52,30.52,38.37,69.87,73.09
30.82,30.82,38.80,69.39,74.13
28.22,28.22,38.26,70.83,74.36
27.38,27.38,39.28,71.44,71.99
28.03,28.03,39.53,70.88,73.07
27.87,27.87,39.41,70.75,74.29
29.03,29.03,39.59,70.20,71.17
27.08,27.08,40.03,70.78,74.05
28.72,28.72,37.61,70.31,73.63
30.07,30.07,38.39,69.19,71.39
31.51,31.51,36.11,68.67,74.24
30.40,30.40,31.38,68.75,73.03
27.83,27.83,28.79,67.99,71.30
25.22,25.22,34.90,67.22,74.40
19.64,19.64,49.10,67.86,72.49
9.68,9.68,57.72,68.74,71.90
5.76,5.76,74.92,69.40,76.35
5.98,5.98,77.21,69.53,78.07
15.39,15.39,67.04,69.41,77.78
17.62,17.62,55.48,68.89,77.26
20.74,20.74,48.51,68.64,78.99
20.53,20.53,45.46,67.97,74.50
19.19,19.19,49.15,66.43,75.30
16.89,16.89,63.75,63.52,72.73
7.90,7.90,68.86,56.40,72.06
4.63,4.63,85.62,39.34,65.81
3.52,3.52,90.93,42.62,74.17
9.99,9.99,90.41,50.41,73.32
14.89,14.89,77.01,51.85,73.39
19.98,19.98,73.38,48.96,74.61
22.54,22.54,81.31,54.58,72.00
22.89,22.89,84.86,59.75,73.18
23.12,23.12,84.40,63.76,75.02
29.25,29.25,70.84,63.12,71.33
35.20,35.20,80.98,63.89,74.37
48.09,48.09,76.36,64.70,73.78
63.57,63.57,65.81,63.79,70.50
76.61,76.61,58.37,62.67,68.53
85.25,85.25,55.44,61.42,72.47
87.36,87.36,49.59,59.20,70.20
89.28,89.28,41.97,58.47,70.03
89.55,89.55,39.82,56.68,70.85
90.09,90.09,40.37,55.13,69.72
89.91,89.91,46.03,52.10,72.37
89.28,89.28,47.52,47.10,75.44
89.79,89.79,45.41,50.62,72.65
89.78,89.78,44.38,52.53,73.90
89.81,89.81,50.46,54.66,74.25
90.16,90.16,44.57,51.63,71.39
89.37,89.37,41.13,47.16,70.62
88.08,88.08,57.10,55.78,76.11
87.19,87.19,66.11,62.67,71.39
89.81,89.81,73.33,61.86,73.30
84.78,84.78,85.51,75.88,68.68
83.69,83.69,89.31,81.18,74.69
77.18,77.18,91.61,81.68,70.98
80.19,80.19,88.73,78.29,70.36
80.54,80.54,79.17,75.11,72.24
76.99,76.99,88.84,77.18,72.09
72.21,72.21,87.75,79.20,72.33
68.38,68.38,82.11,80.96,71.37
60.56,60.56,81.33,81.53,72.14
51.46,51.46,90.44,83.32,69.38
50.77,50.77,81.14,81.29,73.88
50.17,50.17,82.75,79.58,72.53
49.73,49.73,87.26,75.78,70.46
51.36,51.36,92.00,81.92,71.42
52.44,52.44,84.81,84.73,71.21
52.25,52.25,86.51,82.37,70.06
56.51,56.51,89.27,79.51,70.10
51.98,51.98,87.43,80.58,71.36
51.05,51.05,79.42,75.42,66.98
49.97,49.97,88.88,80.28,72.86
47.87,47.87,86.71,77.96,76.41
44.46,44.46,73.81,77.09,69.38
49.35,49.35,67.62,79.71,69.74
48.15,48.15,62.46,79.25,72.15
40.34,40.34,45.56,78.69,69.80
35.74,35.74,44.10,78.70,69.34
41.20,41.20,50.15,79.66,71.83
43.03,43.03,36.46,79.31,71.03
41.48,41.48,32.89,78.39,68.92
37.51,37.51,31.26,78.26,72.29
44.58,44.58,29.74,78.99,70.41
44.34,44.34,24.21,78.47,67.74
40.52,40.52,21.38,77.32,71.17
41.83,41.83,25.43,77.65,70.79
44.46,44.46,39.40,78.09,69.42
40.48,40.48,52.23,78.22,71.02
37.83,37.83,64.14,77.64,72.12
29.44,29.44,78.66,76.38,74.91
16.91,16.91,86.87,76.88,79.51
16.12,16.12,79.18,78.60,75.13
25.76,25.76,68.52,77.26,75.12
27.66,27.66,58.70,77.19,75.50
28.32,28.32,48.74,77.40,76.05
33.12,33.12,39.45,77.03,72.23
33.05,33.05,34.31,76.77,71.78
32.23,32.23,47.97,75.12,75.40
30.93,30.93,60.81,73.96,71.58
28.17,28.17,65.08,73.76,71.22
23.81,23.81,83.67,73.03,72.23
12.93,12.93,90.64,71.47,75.36
17.89,17.89,78.29,70.74,74.37
20.75,20.75,71.56,70.47,69.49
21.40,21.40,63.88,72.89,69.81
20.48,20.48,57.40,73.10,70.55
18.32,18.32,56.47,74.51,71.20
17.85,17.85,72.95,76.42,73.93
18.78,18.78,79.56,75.21,71.21
22.33,22.33,66.63,74.95,71.63
21.64,21.64,51.98,73.94,69.77
23.23,23.23,50.58,73.04,70.11
25.41,25.41,39.31,72.71,69.35
22.86,22.86,33.48,72.27,69.05
26.88,26.88,35.47,72.79,70.16
27.50,27.50,45.60,73.53,67.93
26.11,26.11,55.77,70.61,71.27
18.82,18.82,71.50,69.10,75.79
19.54,19.54,85.38,68.03,75.80
24.43,24.43,74.89,64.36,74.97
29.82,29.82,62.95,62.90,73.21
32.76,32.76,53.91,63.91,74.88
29.19,29.19,58.45,64.44,74.58
23.46,23.46,65.58,62.62,73.92
18.09,18.09,73.27,57.89,73.35
13.99,13.99,87.62,56.68,76.28
17.76,17.76,89.88,56.38,73.66
18.93,18.93,83.61,54.92,79.63
15.39,15.39,69.81,52.56,80.89
14.47,14.47,71.53,54.21,77.08
16.30,16.30,77.73,46.24,77.33
21.47,21.47,75.31,52.49,79.65
23.38,23.38,66.89,59.28,78.06
24.01,24.01,77.65,59.81,76.37
31.03,31.03,76.40,61.97,77.99
40.05,40.05,68.76,59.17,80.08
34.17,34.17,77.81,57.93,73.66
27.90,27.90,80.34,61.42,75.19
19.59,19.59,78.30,57.96,76.47
23.84,23.84,89.04,44.32,72.86
23.48,23.48,92.73,54.95,75.13
24.52,24.52,86.54,49.49,75.34
30.09,30.09,85.60,48.56,72.36
32.18,32.18,90.92,49.70,74.44
29.22,29.22,94.93,49.69,73.11
27.33,27.33,85.08,46.26,73.71
25.70,25.70,82.68,43.44,68.20
28.01,28.01,85.77,41.63,70.08
27.90,27.90,92.75,53.78,72.43
34.35,34.35,84.60,58.46,70.34
45.59,45.59,83.36,53.47,73.65
52.79,52.79,83.90,47.57,77.12
60.24,60.24,69.59,42.05,73.35
72.19,72.19,64.31,40.74,79.23
78.38,78.38,57.11,51.26,78.39
74.81,74.81,55.92,57.13,80.87
75.48,75.48,50.20,55.82,75.79
76.28,76.28,46.06,49.02,79.92
74.94,74.94,49.53,43.75,74.15
76.58,76.58,56.56,46.00,78.06
71.25,71.25,64.50,41.57,74.12
68.89,68.89,71.06,34.74,74.82
75.19,75.19,86.74,42.42,74.76
75.16,75.16,88.41,41.66,70.42
70.02,70.02,82.83,38.84,69.11
70.07,70.07,68.81,38.41,71.08
70.73,70.73,71.48,30.59,74.97
70.87,70.87,77.39,35.62,73.15
68.51,68.51,75.29,41.13,75.96
69.24,69.24,74.92,43.02,73.50
68.12,68.12,61.85,42.32,74.30
69.89,69.89,59.29,40.23,73.32
73.34,73.34,58.08,39.20,75.33
79.27,79.27,51.12,45.47,73.76
79.88,79.88,42.63,38.46,76.25
76.26,76.26,39.20,53.13,72.00
77.88,77.88,37.80,53.60,76.37
78.59,78.59,36.80,43.11,73.13
71.61,71.61,34.97,46.15,76.52
67.48,67.48,43.01,44.06,72.83
71.76,71.76,57.46,48.50,78.20
76.39,76.39,68.82,50.79,72.36
75.19,75.19,66.51,50.45,73.77
73.95,73.95,65.61,53.80,72.34
72.04,72.04,65.49,69.12,76.85
72.68,72.68,61.46,71.72,77.53
70.80,70.80,57.00,74.92,77.47
71.34,71.34,56.85,76.51,78.42
70.87,70.87,55.57,77.49,78.25
71.07,71.07,55.95,76.39,78.65
71.62,71.62,58.29,77.50,78.94
71.52,71.52,65.48,77.07,76.26
69.86,69.86,71.63,76.51,72.51
71.11,71.11,80.25,78.73,74.39
70.34,70.34,73.87,77.15,73.55
76.44,76.44,71.63,72.65,76.30
81.20,81.20,73.44,66.56,74.53
76.00,76.00,81.77,68.48,76.03
75.51,75.51,88.26,74.01,76.28
73.18,73.18,92.87,77.49,72.49
71.16,71.16,90.55,78.35,74.66
76.75,76.75,86.27,81.15,72.89
80.16,80.16,82.29,79.07,73.83
77.12,77.12,74.05,78.64,74.60
73.52,73.52,90.53,82.92,72.78
72.53,72.53,88.59,83.55,74.52
75.80,75.80,82.59,80.48,73.52
75.61,75.61,88.97,81.12,71.85
75.88,75.88,85.32,80.19,74.67
75.91,75.91,77.87,82.09,73.97
74.05,74.05,86.92,83.02,71.33
76.35,76.35,85.68,82.11,70.43
79.13,79.13,84.75,82.06,68.81
83.80,83.80,85.42,83.19,70.66
84.82,84.82,88.43,82.01,70.99
75.47,75.47,90.55,78.83,69.91
78.83,78.83,81.96,79.50,70.04
80.41,80.41,74.14,82.74,70.81
75.43,75.43,90.00,86.87,73.48
77.89,77.89,83.90,82.28,77.84
79.19,79.19,77.06,82.25,69.73
81.62,81.62,63.03,81.91,67.04
78.72,78.72,60.49,82.96,69.53
71.23,71.23,60.05,82.91,68.65
71.97,71.97,61.93,82.53,68.45
74.87,74.87,62.00,81.82,67.28
75.94,75.94,62.63,82.41,66.59
77.81,77.81,64.58,82.56,68.38
80.29,80.29,64.90,82.69,68.87
79.47,79.47,65.69,82.47,69.28
77.61,77.61,65.71,82.67,68.71
80.89,80.89,64.71,82.36,68.75
85.13,85.13,60.90,82.55,69.54
82.47,82.47,59.51,82.43,69.04
79.62,79.62,63.35,82.47,68.68
76.70,76.70,70.72,80.92,68.17
75.33,75.33,86.11,77.41,75.69
71.53,71.53,80.16,81.63,75.00
67.41,67.41,74.28,82.37,77.42
61.52,61.52,62.84,81.89,78.13
54.00,54.00,53.30,81.67,77.03
51.84,51.84,51.39,81.38,73.80
52.89,52.89,48.91,81.30,77.53
56.05,56.05,45.69,81.05,74.64
59.06,59.06,54.09,80.77,77.10
61.42,61.42,58.70,80.40,75.20
64.27,64.27,75.46,79.11,74.74
64.21,64.21,91.28,79.93,74.47
66.18,66.18,86.55,80.91,77.49
72.79,72.79,72.18,80.93,75.18
76.08,76.08,72.99,79.88,73.29
80.46,80.46,60.23,79.70,74.63
82.23,82.23,53.80,79.63,75.48
83.49,83.49,54.73,79.55,72.48
80.14,80.14,60.84,80.84,75.14
79.02,79.02,80.50,82.41,72.98
78.61,78.61,76.78,82.05,74.62
79.49,79.49,56.47,79.92,71.86
77.28,77.28,62.77,79.06,75.55
78.70,78.70,44.84,78.75,75.34
83.61,83.61,39.13,79.30,73.99
80.64,80.64,38.88,78.96,72.00
71.64,71.64,44.69,79.05,72.55
69.88,69.88,53.84,78.66,72.02
72.21,72.21,68.00,78.60,73.11
80.44,80.44,79.94,78.06,74.90
76.00,76.00,77.90,79.54,77.03
76.98,76.98,67.33,79.58,73.59
75.94,75.94,59.94,79.00,74.35
80.17,80.17,59.19,78.56,74.36
79.24,79.24,66.25,78.41,75.11
81.32,81.32,72.20,76.90,73.46
79.13,79.13,88.23,72.11,73.45
80.28,80.28,88.69,71.98,71.92
76.60,76.60,83.38,75.76,75.15
77.31,77.31,71.36,74.66,77.96
78.11,78.11,69.64,71.54,75.32
79.63,79.63,71.58,72.81,78.57
78.24,78.24,72.97,75.75,78.28
77.67,77.67,75.84,77.20,78.48
80.22,80.22,72.23,78.61,75.21
80.17,80.17,72.02,78.51,77.38
79.10,79.10,58.25,76.18,71.81
77.41,77.41,48.46,76.39,75.23
75.68,75.68,47.06,75.42,73.46
74.19,74.19,43.57,76.32,73.68
76.33,76.33,43.72,75.09,74.55
74.59,74.59,54.53,76.22,75.06
75.18,75.18,68.76,74.06,74.91
75.57,75.57,73.77,74.69,73.91
74.29,74.29,91.17,78.28,71.54
72.77,72.77,91.43,75.12,70.39
74.10,74.10,83.74,65.01,74.10
76.05,76.05,83.60,67.74,74.84
75.78,75.78,91.69,70.31,73.66
76.35,76.35,90.12,74.13,70.69
75.89,75.89,86.25,75.09,73.42
76.20,76.20,86.60,71.66,73.00
75.40,75.40,83.61,72.08,70.91
74.85,74.85,75.43,63.52,68.84
75.04,75.04,72.87,66.24,71.46
76.27,76.27,72.97,67.52,69.92
76.80,76.80,72.68,70.39,73.11
76.73,76.73,66.40,82.54,72.07
80.24,80.24,62.81,82.07,74.56
79.68,79.68,61.52,83.54,73.21
79.78,79.78,62.99,83.31,73.36
82.18,82.18,69.15,82.55,72.14
79.96,79.96,79.63,81.52,71.68
76.63,76.63,87.79,80.44,74.18
79.17,79.17,83.16,82.98,76.95
79.02,79.02,74.49,79.48,79.15
76.54,76.54,68.52,82.60,79.63
76.30,76.30,74.33,81.96,79.09
79.45,79.45,77.14,81.22,76.37
81.39,81.39,75.67,81.10,76.86
80.32,80.32,66.76,83.11,78.19
78.22,78.22,58.49,82.99,76.17
72.39,72.39,59.47,82.97,77.55
73.39,73.39,60.17,83.20,78.95
73.07,73.07,56.65,83.25,78.67
72.71,72.71,55.27,83.58,82.56
75.54,75.54,49.71,83.54,79.93
75.09,75.09,47.52,83.86,84.24
73.56,73.56,54.29,82.86,78.91
75.76,75.76,53.59,82.64,82.47
75.67,75.67,54.17,83.26,81.00
77.27,77.27,66.83,83.37,81.71
76.43,76.43,72.00,83.97,79.91
77.93,77.93,66.64,83.47,79.20
80.61,80.61,60.21,82.97,79.14
82.13,82.13,56.86,83.94,76.57
81.23,81.23,52.34,82.40,81.52
83.12,83.12,49.29,81.70,78.02
82.74,82.74,45.51,82.32,77.14
82.18,82.18,49.93,80.73,73.99
83.26,83.26,55.40,81.59,69.07
82.87,82.87,65.15,80.83,73.52
80.75,80.75,80.45,82.59,73.07
75.43,75.43,77.88,85.63,80.26
74.39,74.39,73.65,82.54,78.76
77.67,77.67,67.11,76.17,75.64
78.14,78.14,62.21,67.09,72.28
79.72,79.72,66.52,59.72,66.63
80.79,80.79,65.21,62.32,62.84
80.62,80.62,74.28,65.79,67.39
75.38,75.38,92.03,79.17,74.00
72.97,72.97,90.65,84.80,74.91
76.31,76.31,88.86,79.66,74.82
75.50,75.50,87.40,84.52,74.99
72.90,72.90,80.00,83.13,73.88
78.75,78.75,86.71,79.73,69.59
79.10,79.10,87.80,82.24,73.82
75.72,75.72,80.85,84.35,70.86
76.70,76.70,86.12,84.95,72.26
78.76,78.76,88.97,84.34,70.10
80.68,80.68,83.04,86.65,73.31
77.82,77.82,79.87,87.13,74.20
73.70,73.70,89.78,79.44,71.45
73.45,73.45,88.20,83.71,70.57
73.10,73.10,84.75,85.75,70.95
71.92,71.92,87.46,85.22,71.78
67.98,67.98,91.02,84.65,71.50
61.73,61.73,81.40,86.86,71.95
63.91,63.91,82.10,84.35,71.32
70.68,70.68,86.33,84.96,75.71
73.19,73.19,80.90,82.61,74.99
77.67,77.67,77.42,82.97,72.66
82.28,82.28,67.42,80.27,71.42
83.74,83.74,60.89,84.90,71.65
82.05,82.05,46.80,83.89,68.64
78.25,78.25,49.44,82.65,69.61
78.96,78.96,48.91,82.50,70.76
77.45,77.45,47.87,82.89,67.62
76.84,76.84,53.18,83.92,68.36
78.09,78.09,52.33,81.60,72.09
76.33,76.33,51.66,83.88,66.93
75.56,75.56,49.82,84.24,72.82
78.24,78.24,46.75,81.69,71.20
80.99,80.99,45.28,84.08,72.74
81.65,81.65,49.04,82.57,71.02
79.22,79.22,60.07,83.06,71.57
76.35,76.35,69.26,83.15,68.89
76.61,76.61,82.71,81.96,73.73
78.49,78.49,84.27,83.52,77.17
79.00,79.00,77.60,80.83,76.84
76.26,76.26,70.15,82.23,75.32
73.74,73.74,63.05,81.98,75.94
76.82,76.82,57.92,81.05,75.80
74.02,74.02,53.82,83.11,75.02
73.45,73.45,50.68,81.82,76.11
71.43,71.43,55.20,82.28,72.81
64.97,64.97,61.65,80.95,76.38
63.57,63.57,68.18,81.29,75.07
59.83,59.83,78.72,85.54,75.92
62.52,62.52,91.82,85.41,73.35
62.15,62.15,81.93,84.88,73.83
67.41,67.41,78.29,80.50,74.56
71.68,71.68,59.42,78.41,73.81
71.29,71.29,51.18,79.68,75.57
71.66,71.66,60.13,78.30,73.14
71.14,71.14,72.11,80.78,75.25
68.55,68.55,81.08,78.71,73.20
68.74,68.74,69.83,78.03,75.86
68.18,68.18,61.80,80.35,72.66
69.09,69.09,62.88,79.80,76.10
69.33,69.33,65.33,80.53,74.73
71.32,71.32,66.88,77.57,76.21
73.04,73.04,65.91,78.02,73.71
74.19,74.19,63.31,79.58,75.50
72.11,72.11,60.94,77.15,76.68
72.92,72.92,62.93,79.28,75.57
79.19,79.19,72.13,77.19,77.49
77.78,77.78,71.08,75.93,75.48
76.56,76.56,64.15,77.23,73.51
78.33,78.33,55.24,76.80,77.54
73.76,73.76,58.95,78.22,76.91
69.46,69.46,65.80,75.04,74.43
68.11,68.11,72.56,75.19,77.10
75.65,75.65,82.93,71.36,78.20
80.91,80.91,87.68,66.25,75.41
80.33,80.33,84.48,63.83,76.34
79.47,79.47,74.08,64.76,78.44
81.42,81.42,68.63,68.19,74.97
84.00,84.00,74.06,74.24,76.23
84.99,84.99,77.67,73.96,71.44
83.74,83.74,73.42,74.00,76.56
85.07,85.07,74.76,71.09,75.19
80.80,80.80,77.89,73.03,77.71
85.01,85.01,71.07,74.53,75.49
82.66,82.66,66.96,76.68,77.88
80.38,80.38,73.57,76.50,76.35
84.61,84.61,77.36,74.20,75.29
80.17,80.17,81.65,69.54,75.94
74.86,74.86,90.83,66.38,76.16
76.92,76.92,86.73,65.18,77.88
78.19,78.19,83.85,67.08,78.85
79.65,79.65,88.35,67.94,79.46
76.47,76.47,93.48,65.95,78.53
75.46,75.46,83.44,61.76,81.49
75.40,75.40,80.21,64.78,77.50
72.97,72.97,86.98,64.33,74.23
73.05,73.05,85.06,64.07,75.02
70.37,70.37,89.18,70.40,76.04
63.37,63.37,74.53,69.46,76.54
65.19,65.19,87.18,77.66,77.89
67.24,67.24,66.02,76.24,74.60
71.10,71.10,63.18,74.26,77.55
73.58,73.58,59.29,71.75,74.96
72.32,72.32,58.69,73.21,76.29
73.38,73.38,62.26,73.85,72.79
79.90,79.90,62.50,74.01,77.03
82.18,82.18,52.60,73.51,74.38
79.43,79.43,57.74,75.53,75.77
76.37,76.37,66.71,74.12,74.74
74.90,74.90,74.00,70.06,76.94
75.63,75.63,87.06,65.06,76.22
76.47,76.47,87.76,67.08,77.63
75.99,75.99,84.48,68.56,79.16
77.15,77.15,73.70,67.06,81.97
75.81,75.81,78.86,70.57,81.92
76.93,76.93,70.24,71.02,80.89
75.67,75.67,81.37,69.13,79.68
76.71,76.71,82.81,70.12,80.02
75.14,75.14,76.77,69.08,79.98
74.50,74.50,73.89,67.72,79.71
75.34,75.34,67.38,69.61,81.07
75.15,75.15,63.60,68.30,81.44
74.18,74.18,66.18,66.42,84.62
74.74,74.74,69.80,68.82,83.20
75.66,75.66,64.30,70.79,84.00
76.09,76.09,63.12,66.38,82.66
73.70,73.70,70.76,63.73,85.62
74.83,74.83,71.61,67.50,82.57
75.11,75.11,74.83,69.35,83.20
77.52,77.52,65.63,68.13,83.48
79.91,79.91,59.33,71.45,79.44
81.68,81.68,60.03,70.80,83.07
84.63,84.63,54.39,68.05,77.41
82.92,82.92,55.79,69.22,83.41
83.85,83.85,49.59,68.79,80.78
87.95,87.95,54.91,67.43,79.40
83.34,83.34,49.80,68.58,76.01
80.91,80.91,49.63,65.49,76.56
79.66,79.66,57.19,54.29,77.50
81.43,81.43,64.64,47.29,77.74
83.57,83.57,72.72,52.79,78.87
80.88,80.88,81.15,55.53,76.89
84.36,84.36,74.82,48.90,75.53
83.29,83.29,68.12,47.48,72.80
83.38,83.38,72.27,56.31,67.72
82.33,82.33,77.91,58.87,65.56
81.38,81.38,83.21,73.41,70.40
75.58,75.58,92.93,75.62,68.49
72.85,72.85,92.41,74.36,68.53
74.37,74.37,93.33,62.74,70.19
77.47,77.47,86.91,57.84,72.01
78.24,78.24,86.96,62.17,74.34
80.00,80.00,91.04,62.23,75.31
80.63,80.63,87.86,63.14,74.88
78.53,78.53,79.95,65.36,73.60
79.93,79.93,90.40,69.42,70.47
80.24,80.24,86.22,66.54,75.86
78.90,78.90,82.03,60.92,70.42
79.79,79.79,87.69,63.05,73.11
78.68,78.68,87.93,69.80,69.59
83.66,83.66,72.32,57.79,74.78
79.80,79.80,70.80,62.36,71.81
75.40,75.40,65.33,49.09,69.17
71.64,71.64,54.46,45.79,63.84
70.14,70.14,47.22,33.72,62.99
70.73,70.73,33.95,26.57,63.40
70.68,70.68,43.05,36.13,60.59
74.20,74.20,38.84,34.23,62.31
77.23,77.23,41.20,38.92,61.57
87.37,87.37,37.28,49.97,60.92
89.85,89.85,43.46,48.94,59.08
81.98,81.98,35.96,46.09,57.01
81.11,81.11,33.47,46.50,56.40
80.99,80.99,31.79,43.87,60.30
79.75,79.75,41.40,44.57,59.58
78.89,78.89,42.50,42.17,61.70
80.20,80.20,45.01,39.88,62.01
80.63,80.63,46.92,36.82,62.70
80.83,80.83,41.22,36.61,63.26
82.40,82.40,43.93,33.11,63.47
81.77,81.77,45.36,35.51,62.46
78.61,78.61,39.90,34.72,65.46
76.29,76.29,39.85,37.32,66.23
69.93,69.93,37.50,40.59,65.48
72.61,72.61,26.23,29.10,62.01
66.85,66.85,28.34,34.85,59.82
64.10,64.10,35.70,34.48,60.58
63.84,63.84,39.57,35.32,57.96
63.36,63.36,38.62,37.12,62.12
62.39,62.39,46.43,37.54,60.68
63.29,63.29,44.30,42.58,59.29
63.65,63.65,39.78,40.24,59.43
63.07,63.07,42.55,43.20,60.07
63.41,63.41,40.72,45.04,62.28
64.22,64.22,45.04,35.40,64.39
61.94,61.94,40.23,38.29,63.40
59.57,59.57,44.13,39.33,62.11
62.74,62.74,40.29,30.73,63.55
64.18,64.18,39.68,29.80,64.56
68.65,68.65,34.07,28.06,63.20
69.62,69.62,33.33,30.89,61.45
70.60,70.60,36.42,34.79,60.87
71.29,71.29,38.70,31.82,60.95
73.48,73.48,45.58,34.68,63.61
78.47,78.47,47.76,33.12,62.30
81.99,81.99,44.44,35.10,62.93
77.08,77.08,37.20,30.43,63.43
83.19,83.19,37.78,32.92,62.02
79.47,79.47,37.90,35.61,61.75
77.76,77.76,37.80,29.14,63.71
75.22,75.22,41.84,30.18,64.29
75.70,75.70,42.90,29.67,65.28
75.64,75.64,41.90,27.19,65.51
76.35,76.35,42.46,24.82,64.40
78.13,78.13,42.47,22.36,66.20
77.59,77.59,44.97,24.79,65.14
75.41,75.41,38.92,20.24,64.89
76.18,76.18,41.03,25.91,65.59
74.69,74.69,48.44,31.45,64.24
75.07,75.07,48.52,24.44,64.87
69.08,69.08,42.26,23.83,62.82
67.68,67.68,39.62,25.29,58.37
63.51,63.51,41.41,26.28,57.65
60.49,60.49,37.29,26.51,56.89
61.19,61.19,44.44,31.83,57.03
58.07,58.07,41.38,32.01,60.69
57.34,57.34,48.57,34.60,61.26
56.37,56.37,50.72,38.16,58.86
51.77,51.77,45.56,39.51,57.90
56.15,56.15,51.44,41.29,56.78
52.91,52.91,46.87,40.12,56.10
55.36,55.36,49.01,40.12,55.54
62.28,62.28,46.74,40.29,55.65
68.23,68.23,40.93,37.20,54.54
71.56,71.56,44.62,36.88,52.92
73.98,73.98,42.85,33.20,51.34
72.56,72.56,43.72,31.35,56.19
74.31,74.31,41.59,30.38,56.09
74.01,74.01,42.61,34.09,57.01
73.97,73.97,36.03,30.26,62.85
73.55,73.55,39.75,26.01,62.03
73.16,73.16,36.85,23.66,62.05
81.18,81.18,40.38,23.98,62.51
82.28,82.28,39.83,17.37,64.93
78.72,78.72,39.56,21.56,64.71
77.53,77.53,36.94,20.49,63.59
81.62,81.62,45.19,26.51,62.70
77.95,77.95,42.23,23.68,62.39
77.94,77.94,34.49,14.08,61.45
76.99,76.99,38.81,27.08,59.85
77.55,77.55,37.68,22.96,59.91
79.38,79.38,38.06,27.48,60.63
79.56,79.56,33.95,25.51,60.88
77.49,77.49,29.73,14.09,60.52
77.36,77.36,32.96,23.41,60.65
79.16,79.16,35.51,30.32,58.41
73.41,73.41,34.76,24.85,55.45
74.24,74.24,30.25,22.50,52.47
74.91,74.91,39.45,25.73,48.18
64.41,64.41,44.11,27.22,37.58
55.51,55.51,34.50,16.23,31.55
48.23,48.23,42.28,27.99,33.24
44.15,44.15,39.06,31.96,25.73
43.98,43.98,28.36,26.10,23.72
39.00,39.00,28.90,19.64,23.84
34.67,34.67,29.77,26.06,22.84
31.99,31.99,43.65,36.38,32.42
30.83,30.83,46.97,23.37,26.54
25.65,25.65,43.63,22.59,27.48
25.58,25.58,43.73,31.32,32.83
23.29,23.29,40.44,26.77,28.03
23.41,23.41,40.20,30.56,33.43
32.05,32.05,49.50,32.23,33.19
42.34,42.34,47.08,23.32,38.25
57.27,57.27,41.27,23.36,46.09
71.86,71.86,39.52,13.53,51.83
77.72,77.72,40.19,18.84,51.58
80.57,80.57,35.50,24.17,55.03
80.55,80.55,30.56,14.32,57.48
80.54,80.54,35.14,22.30,58.94
80.71,80.71,29.15,16.65,56.15
85.11,85.11,31.89,15.37,59.58
84.16,84.16,33.32,11.02,54.35
83.33,83.33,36.33,19.86,49.02
82.97,82.97,36.13,20.28,49.04
82.67,82.67,36.49,21.86,43.95
84.06,84.06,39.47,30.81,45.52
82.50,82.50,37.70,26.92,40.45
83.99,83.99,42.42,29.29,41.85
83.18,83.18,48.25,39.57,44.53
80.67,80.67,55.01,48.28,49.70
79.20,79.20,66.07,58.68,57.82
72.07,72.07,77.24,76.64,59.81
69.86,69.86,87.63,84.73,67.66
68.77,68.77,92.04,80.31,75.40
62.28,62.28,89.92,81.55,70.00
70.91,70.91,88.93,74.23,71.46
75.04,75.04,88.67,79.94,70.71
78.74,78.74,83.70,83.28,74.56
73.66,73.66,88.20,83.93,74.02
65.30,65.30,89.05,84.01,71.63
54.93,54.93,77.31,85.09,73.08
55.45,55.45,88.44,86.51,72.75
54.33,54.33,83.86,85.69,69.12
51.43,51.43,77.95,85.17,70.74
57.78,57.78,85.20,84.26,72.31
66.58,66.58,86.62,85.38,72.80
77.63,77.63,88.03,86.23,70.54
77.31,77.31,77.22,86.57,68.68
72.55,72.55,90.79,85.87,61.31
66.73,66.73,84.27,87.43,66.86
73.53,73.53,81.20,87.98,67.74
74.26,74.26,84.06,85.24,68.60
70.30,70.30,84.42,84.84,74.39
74.65,74.65,77.97,80.98,67.28
77.24,77.24,71.17,82.97,65.19
74.46,74.46,56.88,83.45,64.53
73.22,73.22,50.65,83.00,66.78
74.85,74.85,46.81,83.19,65.53
76.79,76.79,44.23,84.73,63.59
78.43,78.43,55.74,83.38,68.63
80.50,80.50,53.93,82.98,67.77
78.77,78.77,42.21,83.20,63.73
76.14,76.14,37.84,84.45,67.45
74.70,74.70,30.24,83.41,67.01
75.84,75.84,32.31,82.57,62.62
76.46,76.46,34.21,83.20,64.89
75.98,75.98,45.07,84.38,67.14
76.41,76.41,56.42,82.79,63.65
77.10,77.10,65.48,82.81,64.91
72.36,72.36,82.70,80.88,72.44
72.71,72.71,84.49,79.18,76.34
79.16,79.16,76.50,80.92,72.20
78.87,78.87,64.20,76.28,75.98
78.70,78.70,60.36,64.72,75.52
77.11,77.11,50.63,60.46,72.71
79.24,79.24,49.62,62.88,72.74
79.98,79.98,49.99,59.78,74.61
80.12,80.12,53.73,57.10,70.93
78.44,78.44,54.77,55.85,71.37
75.57,75.57,63.55,50.99,71.78
73.41,73.41,68.50,63.82,65.72
71.47,71.47,92.20,67.83,65.67
76.76,76.76,82.52,59.53,68.84
75.90,75.90,73.55,52.24,70.34
75.78,75.78,65.75,42.60,70.72
76.47,76.47,61.00,44.75,69.57
77.27,77.27,64.59,53.21,68.36
77.49,77.49,72.61,62.46,68.70
72.00,72.00,79.25,74.68,73.21
69.12,69.12,67.52,70.09,68.85
70.68,70.68,64.68,64.16,69.62
70.18,70.18,58.91,61.32,69.41
70.88,70.88,52.56,54.95,66.71
79.77,79.77,47.66,42.53,65.48
81.69,81.69,55.44,43.58,64.97
79.82,79.82,53.72,41.06,66.55
78.73,78.73,62.27,52.52,66.17
78.57,78.57,76.58,63.61,69.91
78.53,78.53,81.41,71.23,71.29
78.84,78.84,79.18,82.61,72.13
78.26,78.26,69.40,86.72,74.39
78.70,78.70,63.28,86.96,71.56
78.21,78.21,63.31,87.00,69.79
77.00,77.00,69.92,86.67,69.85
73.13,73.13,79.78,84.97,66.31
76.47,76.47,87.14,82.41,68.42
74.37,74.37,87.97,83.41,77.52
73.89,73.89,86.10,85.17,77.86
75.70,75.70,79.38,85.34,80.49
76.93,76.93,71.18,84.27,81.98
76.61,76.61,71.42,83.67,76.90
75.73,75.73,75.51,83.79,77.45
75.63,75.63,75.63,84.30,78.56
75.54,75.54,73.59,84.18,77.01
77.71,77.71,76.50,83.83,75.89
73.68,73.68,75.46,83.45,77.37
69.84,69.84,70.23,82.89,78.46
66.06,66.06,77.22,82.73,76.68
58.03,58.03,77.45,82.07,77.41
56.81,56.81,72.92,81.61,72.77
63.06,63.06,89.42,80.24,75.37
66.81,66.81,91.03,74.74,75.41
70.97,70.97,78.23,61.45,73.94
70.25,70.25,84.22,66.96,72.62
67.36,67.36,93.36,80.57,75.50
69.01,69.01,91.53,79.67,76.59
70.89,70.89,80.38,80.86,72.56
72.40,72.40,83.64,81.66,65.89
76.68,76.68,87.20,81.39,71.82
74.53,74.53,86.93,82.33,72.44
77.57,77.57,78.76,82.09,69.85
78.19,78.19,80.22,80.44,72.99
78.33,78.33,79.41,79.05,78.07
78.43,78.43,65.44,80.38,74.92
78.23,78.23,64.26,80.56,79.80
78.14,78.14,54.01,79.71,78.07
78.56,78.56,47.61,79.78,81.00
79.06,79.06,51.54,78.99,79.21
79.42,79.42,45.47,79.01,79.07
79.27,79.27,48.15,79.64,76.62
79.35,79.35,58.32,79.25,76.36
79.23,79.23,66.32,78.58,75.75
78.14,78.14,76.84,78.62,70.20
77.30,77.30,88.62,78.11,72.63
77.73,77.73,85.20,75.90,72.20
78.18,78.18,76.91,73.83,74.66
76.54,76.54,68.85,74.01,75.11
79.23,79.23,74.29,74.88,75.38
78.76,78.76,75.53,74.16,75.21
78.21,78.21,75.65,74.29,73.67
79.33,79.33,68.11,71.83,73.76
78.70,78.70,57.85,59.31,75.28
79.15,79.15,56.41,48.12,74.21
76.92,76.92,52.61,51.45,76.24
77.86,77.86,50.41,52.46,74.13
79.86,79.86,44.83,44.98,74.76
79.97,79.97,39.64,42.84,73.08
77.43,77.43,51.03,52.35,77.24
80.01,80.01,48.34,51.95,74.39
77.66,77.66,58.36,50.54,75.36
76.58,76.58,49.47,60.92,75.53
77.99,77.99,48.55,77.20,77.45
79.95,79.95,65.91,83.20,75.93
78.25,78.25,63.40,67.82,75.90
71.46,71.46,52.15,66.95,74.52
72.03,72.03,44.79,73.59,73.69
78.10,78.10,41.62,73.82,74.42
77.50,77.50,37.43,76.66,76.66
79.43,79.43,46.51,77.52,72.20
80.96,80.96,50.41,77.20,75.97
81.57,81.57,45.96,76.87,75.33
82.26,82.26,52.04,77.81,70.78
81.16,81.16,65.42,76.99,68.05
79.19,79.19,74.53,77.73,69.49
78.92,78.92,77.94,78.64,68.32
80.14,80.14,70.52,76.99,63.79
79.30,79.30,72.45,73.85,66.29
72.81,72.81,74.11,65.63,62.19
67.56,67.56,84.77,71.28,64.55
62.77,62.77,89.58,73.70,70.64
62.77,62.77,91.08,82.18,75.35
65.97,65.97,93.03,86.15,74.20
64.10,64.10,87.94,85.85,71.80
67.12,67.12,80.18,83.35,74.37
68.22,68.22,86.56,80.62,72.54
67.07,67.07,86.55,82.47,73.96
62.37,62.37,86.20,81.98,74.00
60.00,60.00,84.35,82.03,74.56
55.49,55.49,87.64,82.20,74.42
55.08,55.08,82.88,82.45,74.52
54.47,54.47,81.78,81.86,74.93
55.20,55.20,79.62,81.31,71.98
50.11,50.11,87.33,82.93,74.87
45.78,45.78,86.39,83.25,73.32
46.42,46.42,78.01,83.49,72.16
44.20,44.20,87.09,82.00,72.88
44.98,44.98,83.39,80.18,72.64
40.11,40.11,73.10,83.22,71.67
40.72,40.72,84.39,86.02,72.47
39.21,39.21,84.65,85.52,75.97
34.94,34.94,74.20,84.14,71.00
38.50,38.50,65.24,82.98,72.10
40.81,40.81,62.34,83.61,71.88
42.10,42.10,48.86,83.25,71.91
45.55,45.55,53.41,83.00,71.60
45.78,45.78,50.53,83.54,72.59
45.65,45.65,46.88,83.51,72.61
44.64,44.64,50.02,83.45,71.93
44.36,44.36,41.26,83.24,71.74
41.97,41.97,47.12,83.01,71.08
42.59,42.59,43.08,82.98,71.70
43.92,43.92,43.40,82.97,73.11
47.86,47.86,40.07,82.61,71.03
52.77,52.77,44.28,82.76,74.35
51.68,51.68,55.42,82.50,69.60
52.75,52.75,65.49,81.65,71.25
61.66,61.66,76.11,80.83,69.37
71.44,71.44,85.24,79.81,76.28
72.49,72.49,78.39,80.66,74.46
74.94,74.94,69.72,81.45,76.52
76.73,76.73,58.93,81.34,77.26
78.31,78.31,52.83,81.78,74.99
77.86,77.86,45.82,81.36,75.73
78.91,78.91,40.49,81.08,75.34
79.00,79.00,44.20,81.13,75.36
76.74,76.74,58.09,80.43,77.11
69.43,69.43,68.93,79.25,75.25
65.88,65.88,80.82,75.01,76.02
71.42,71.42,93.27,74.25,77.09
74.25,74.25,76.67,72.88,78.51
78.04,78.04,74.05,69.76,76.12
75.28,75.28,66.43,78.07,77.12
78.03,78.03,54.00,79.22,75.74
76.64,76.64,54.53,79.09,76.00
72.97,72.97,60.84,79.41,75.02
74.21,74.21,77.82,81.59,75.35
77.88,77.88,79.21,80.53,74.81
77.64,77.64,67.55,77.97,75.65
76.72,76.72,59.89,77.41,75.73
77.66,77.66,51.02,78.62,76.84
78.14,78.14,47.43,78.84,74.66
79.08,79.08,44.51,79.09,75.89
78.22,78.22,54.21,78.85,74.73
80.72,80.72,64.20,78.96,76.84
75.07,75.07,72.82,78.88,75.64
80.28,80.28,80.05,78.68,75.13
76.02,76.02,75.70,77.72,76.57
80.99,80.99,68.41,76.52,77.27
78.49,78.49,60.97,76.59,77.99
77.88,77.88,58.79,77.32,77.22
81.45,81.45,64.84,76.62,77.49
77.90,77.90,71.83,74.94,76.71
79.53,79.53,86.60,73.40,74.64
80.15,80.15,87.87,70.31,75.84
78.06,78.06,83.50,65.77,76.57
79.74,79.74,74.54,71.79,79.04
78.91,78.91,72.63,73.70,78.25
79.94,79.94,75.53,72.41,76.56
80.82,80.82,74.98,70.57,80.11
80.09,80.09,72.18,66.55,78.16
79.26,79.26,72.91,70.49,79.64
78.24,78.24,70.98,72.20,77.60
77.60,77.60,59.24,71.01,78.47
79.42,79.42,50.11,73.61,78.23
76.56,76.56,44.27,74.31,78.35
71.70,71.70,40.73,74.06,76.24
65.78,65.78,41.95,73.74,78.42
60.90,60.90,46.83,73.56,77.88
59.25,59.25,60.10,71.81,78.51
60.80,60.80,70.25,71.45,76.33
58.55,58.55,81.60,69.70,71.72
57.97,57.97,93.36,62.50,78.78
59.97,59.97,88.88,68.50,78.53
60.58,60.58,75.42,57.52,73.36
61.90,61.90,86.53,55.50,73.14
67.91,67.91,87.84,58.25,75.23
75.78,75.78,86.55,68.29,74.59
76.09,76.09,79.96,66.40,77.17
75.58,75.58,87.70,66.23,76.91
75.55,75.55,75.08,67.36,76.97
76.69,76.69,63.24,66.67,75.21
78.04,78.04,57.04,68.59,76.36
80.03,80.03,51.56,67.14,74.73
81.06,81.06,48.62,69.55,77.57
81.00,81.00,34.42,68.54,74.93
79.43,79.43,40.58,70.07,76.41
78.14,78.14,51.49,69.15,75.78
79.66,79.66,64.46,69.66,75.09
77.98,77.98,72.35,64.37,72.93
77.60,77.60,89.19,70.19,73.93
75.70,75.70,89.30,62.65,75.97
79.32,79.32,81.35,63.67,80.18
78.01,78.01,71.33,71.86,81.09
78.75,78.75,73.53,71.54,81.21
79.11,79.11,76.22,74.25,80.98
78.90,78.90,75.60,69.85,80.69
79.74,79.74,70.01,75.12,80.46
78.81,78.81,48.15,72.20,78.31
78.94,78.94,43.77,73.26,79.69
78.18,78.18,53.09,71.15,80.61
75.76,75.76,47.06,73.42,80.74
74.52,74.52,35.41,73.15,81.41
75.17,75.17,50.41,74.58,80.98
74.89,74.89,49.13,75.46,82.14
75.06,75.06,54.61,74.68,83.46
75.69,75.69,43.74,75.84,82.64
75.54,75.54,48.66,74.69,81.44
76.30,76.30,57.30,76.75,82.82
76.35,76.35,69.39,76.26,81.78
79.48,79.48,75.11,82.30,78.88
78.94,78.94,65.19,77.98,76.36
77.69,77.69,53.77,76.78,78.74
77.48,77.48,49.39,71.04,78.61
78.54,78.54,42.95,71.58,81.00
78.10,78.10,40.43,67.31,74.82
77.70,77.70,45.90,64.48,76.95
77.06,77.06,35.90,61.68,74.93
76.83,76.83,41.82,62.58,74.30
74.74,74.74,58.32,69.12,72.76
69.43,69.43,69.75,87.24,76.80
68.43,68.43,76.21,86.80,73.60
63.29,63.29,67.13,87.67,73.13
58.46,58.46,65.08,80.24,72.66
51.13,51.13,74.74,77.87,73.84
48.05,48.05,77.71,64.27,67.59
48.39,48.39,85.56,66.69,66.83
52.89,52.89,92.73,81.52,67.85
50.77,50.77,89.55,86.33,70.56
59.95,59.95,92.03,87.61,69.01
53.09,53.09,83.84,86.04,73.81
47.25,47.25,80.06,82.85,72.97
52.51,52.51,87.28,83.63,74.46
51.55,51.55,90.36,83.82,74.67
54.01,54.01,82.05,84.34,73.14
49.50,49.50,87.26,85.00,73.24
41.23,41.23,87.01,84.38,74.62
40.37,40.37,77.76,85.99,72.15
43.40,43.40,80.71,81.70,72.34
43.10,43.10,88.47,82.88,71.95
41.99,41.99,86.36,83.89,72.23
43.35,43.35,77.71,82.40,70.01
41.97,41.97,77.44,81.23,70.72
44.18,44.18,87.97,80.51,71.07
41.03,41.03,84.94,82.52,72.69
40.65,40.65,80.14,84.31,69.23
30.46,30.46,87.80,83.26,76.48
36.24,36.24,83.39,84.53,76.55
40.03,40.03,74.85,80.63,71.71
44.37,44.37,61.12,82.37,70.44
46.64,46.64,58.26,80.93,71.50
48.31,48.31,52.27,80.90,71.84
48.04,48.04,56.16,81.61,71.00
50.61,50.61,42.82,80.18,70.67
49.37,49.37,44.23,81.62,70.94
49.12,49.12,33.14,79.50,71.34
50.15,50.15,37.11,80.37,71.76
49.78,49.78,34.83,80.64,73.69
49.33,49.33,29.82,79.67,72.14
50.60,50.60,30.63,80.76,72.11
50.99,50.99,33.99,79.55,74.40
54.32,54.32,44.65,79.39,71.83
53.48,53.48,55.48,79.86,70.96
55.46,55.46,63.72,77.53,69.72
64.30,64.30,79.51,77.50,71.33
70.32,70.32,87.07,72.31,77.21
66.60,66.60,75.74,76.31,77.53
75.91,75.91,67.99,77.36,78.35
72.78,72.78,65.57,76.98,76.47
80.43,80.43,67.91,77.77,75.66
75.94,75.94,59.35,75.69,76.33
74.05,74.05,59.78,77.31,72.34
76.67,76.67,69.95,75.49,71.35
79.93,79.93,73.72,72.62,70.71
78.48,78.48,77.27,67.14,71.64
75.04,75.04,87.34,72.90,72.75
74.07,74.07,89.87,72.07,71.88
76.13,76.13,79.39,68.49,72.06
78.98,78.98,72.87,68.41,68.86
80.09,80.09,66.55,73.74,69.93
79.78,79.78,55.24,72.98,71.58
78.30,78.30,59.72,73.65,69.98
78.22,78.22,72.19,64.75,68.40
77.19,77.19,76.51,69.28,69.24
79.92,79.92,65.48,76.34,66.64
80.19,80.19,56.77,73.59,69.02
82.52,82.52,56.45,74.37,67.01
81.64,81.64,44.50,74.01,64.67
78.77,78.77,32.42,73.69,68.03
78.32,78.32,32.32,74.24,73.05
78.37,78.37,45.77,73.84,68.80
76.56,76.56,56.83,74.65,72.53
78.00,78.00,67.34,74.14,69.29
81.48,81.48,78.89,73.17,70.99
82.08,82.08,75.17,74.95,70.69
81.56,81.56,67.22,72.50,69.90
83.30,83.30,57.30,73.88,68.73
84.01,84.01,57.29,73.19,71.53
83.09,83.09,66.45,70.32,69.13
81.20,81.20,72.31,62.38,72.14
77.13,77.13,87.80,56.73,73.98
75.18,75.18,87.64,54.88,75.54
72.33,72.33,83.30,57.11,71.45
78.67,78.67,73.61,56.63,73.35
77.23,77.23,67.49,60.74,75.92
75.74,75.74,78.57,60.72,76.52
77.39,77.39,75.06,60.06,80.63
76.12,76.12,70.62,60.43,77.14
75.06,75.06,75.43,54.60,76.86
77.25,77.25,75.14,54.88,75.79
74.43,74.43,64.24,57.89,79.02
71.29,71.29,69.57,58.81,78.29
68.88,68.88,77.46,54.77,78.77
65.19,65.19,70.85,61.76,78.00
64.40,64.40,89.03,62.74,78.94
64.79,64.79,91.46,62.44,76.84
64.69,64.69,89.07,63.85,76.97
64.71,64.71,81.43,58.99,75.23
68.15,68.15,88.27,65.64,72.74
71.85,71.85,93.02,74.50,74.32
75.71,75.71,85.02,75.72,78.29
77.10,77.10,77.81,80.93,75.41
77.60,77.60,84.17,80.68,71.38
76.59,76.59,86.06,81.02,73.50
76.76,76.76,88.67,80.26,71.11
77.82,77.82,63.29,82.24,71.08
78.56,78.56,88.02,83.30,72.85
78.12,78.12,75.38,83.94,76.43
77.46,77.46,60.22,84.22,69.74
79.29,79.29,44.33,83.70,73.81
78.48,78.48,47.57,83.58,71.99
78.11,78.11,45.64,83.60,69.57
76.98,76.98,44.18,83.63,69.83
73.17,73.17,45.05,83.82,72.64
73.86,73.86,56.79,83.22,69.73
76.96,76.96,65.01,82.78,71.61
79.17,79.17,73.18,82.95,72.04
77.44,77.44,87.08,83.32,76.08
76.37,76.37,87.63,82.07,76.98
79.27,79.27,79.11,82.81,75.79
81.24,81.24,69.05,82.56,74.84
81.93,81.93,72.83,81.11,76.74
82.34,82.34,73.74,81.48,74.98
82.18,82.18,75.13,81.64,77.24
83.30,83.30,64.17,81.38,72.32
83.09,83.09,53.19,80.33,77.11
82.24,82.24,44.55,80.07,72.36
80.15,80.15,46.63,81.27,71.55
78.74,78.74,44.38,79.61,77.65
77.56,77.56,38.93,75.64,79.66
76.10,76.10,50.86,71.42,81.46
77.82,77.82,36.71,70.58,85.46
80.93,80.93,43.67,68.81,83.58
78.77,78.77,55.37,63.79,81.44
78.08,78.08,65.77,67.77,82.66
77.01,77.01,80.13,73.99,83.41
79.70,79.70,72.19,68.06,78.68
78.17,78.17,65.40,68.54,81.16
77.25,77.25,54.93,65.00,78.42
82.18,82.18,51.82,67.88,80.87
82.73,82.73,53.70,67.63,81.32
78.73,78.73,52.10,67.31,81.32
81.15,81.15,45.53,65.23,78.88
81.20,81.20,47.21,60.77,79.27
80.68,80.68,40.57,59.11,76.02
80.99,80.99,53.49,57.13,72.82
81.40,81.40,67.55,54.40,72.92
81.01,81.01,79.47,56.11,72.66
79.85,79.85,77.49,53.41,70.55
78.79,78.79,72.56,52.66,72.23
78.67,78.67,64.10,56.48,72.46
80.20,80.20,68.10,56.59,69.33
79.92,79.92,76.91,62.34,64.42
78.33,78.33,78.95,72.33,70.21
69.01,69.01,90.43,79.51,74.49
67.50,67.50,87.97,82.77,70.05
65.21,65.21,92.82,83.29,75.96
61.80,61.80,86.88,79.07,75.62
55.72,55.72,82.59,76.88,77.82
52.91,52.91,87.77,85.11,72.81
56.46,56.46,87.23,87.67,75.43
53.41,53.41,75.35,83.54,74.81
52.31,52.31,88.00,84.66,72.65
52.83,52.83,85.02,82.23,71.49
52.82,52.82,81.85,82.75,74.08
51.60,51.60,79.83,83.07,72.30
53.88,53.88,88.52,78.52,72.11
53.05,53.05,86.25,77.10,72.82
51.57,51.57,77.89,79.99,70.58
48.21,48.21,85.31,79.72,70.70
50.80,50.80,88.83,83.16,70.34
47.14,47.14,82.52,81.65,71.51
46.27,46.27,80.84,83.45,69.98
52.22,52.22,86.54,85.06,74.78
49.54,49.54,83.90,85.01,73.88
49.04,49.04,73.98,83.54,70.17
46.27,46.27,71.19,81.51,69.27
48.43,48.43,61.64,80.38,71.03
48.99,48.99,45.26,81.89,70.21
50.82,50.82,39.17,82.96,69.68
52.99,52.99,39.89,81.85,69.10
51.16,51.16,41.78,81.64,68.77
52.64,52.64,42.60,81.15,71.91
50.80,50.80,42.48,82.31,70.64
50.21,50.21,40.06,81.46,68.88
51.78,51.78,41.16,80.95,71.97
51.08,51.08,37.50,81.04,72.05
51.64,51.64,38.63,82.13,71.09
51.30,51.30,42.67,80.78,69.71
57.55,57.55,57.88,80.41,69.52
54.30,54.30,65.68,80.82,66.32
67.41,67.41,78.99,80.76,72.96
69.95,69.95,83.55,78.99,77.08
73.63,73.63,75.16,80.44,75.49
75.68,75.68,69.24,80.16,74.98
74.30,74.30,64.60,81.25,74.67
74.10,74.10,60.27,79.60,73.83
74.06,74.06,57.61,79.98,72.43
73.03,73.03,56.84,80.09,70.80
75.41,75.41,57.72,81.36,72.62
76.07,76.07,60.15,79.20,72.71
76.83,76.83,61.05,78.85,71.69
74.31,74.31,75.03,80.57,74.09
72.02,72.02,91.92,81.12,73.91
73.29,73.29,83.83,78.51,75.29
72.88,72.88,73.11,76.72,72.03
70.42,70.42,60.88,78.35,71.83
74.66,74.66,51.88,79.40,74.45
77.64,77.64,47.03,78.19,71.36
79.06,79.06,55.29,77.89,68.95
79.02,79.02,73.53,79.53,70.70
80.95,80.95,73.08,80.93,70.42
80.46,80.46,59.71,78.34,70.65
80.31,80.31,54.72,77.51,67.87
79.81,79.81,31.77,77.29,68.52
77.80,77.80,28.88,78.34,69.25
78.01,78.01,37.61,77.27,71.22
76.57,76.57,38.30,76.84,66.88
76.79,76.79,53.44,77.43,71.25
78.24,78.24,62.91,77.15,74.28
83.12,83.12,77.82,75.29,69.52
79.27,79.27,76.99,75.35,69.59
77.66,77.66,77.40,75.23,73.48
81.22,81.22,67.65,74.31,69.90
79.38,79.38,65.63,73.49,71.59
75.20,75.20,65.34,72.91,70.70
70.38,70.38,71.06,70.35,68.20
75.35,75.35,84.05,66.85,71.90
80.68,80.68,87.85,67.41,73.76
72.92,72.92,85.84,70.72,75.24
70.12,70.12,76.42,71.21,76.37
77.32,77.32,70.93,70.15,74.05
76.52,76.52,72.92,68.21,74.31
76.79,76.79,77.88,69.89,75.62
79.64,79.64,69.72,74.45,74.64
77.15,77.15,69.26,74.78,74.07
79.38,79.38,74.32,73.74,72.14
77.01,77.01,64.98,74.17,68.16
75.77,75.77,67.07,74.55,71.97
72.80,72.80,73.97,74.25,69.28
71.34,71.34,73.78,74.08,67.78
73.11,73.11,81.68,70.03,68.39
73.78,73.78,90.26,65.87,71.54
73.08,73.08,86.79,65.09,75.70
74.18,74.18,84.07,64.25,69.95
73.84,73.84,77.92,65.84,67.94
73.23,73.23,80.12,66.50,72.50
71.74,71.74,88.50,67.05,73.76
72.72,72.72,84.15,64.99,73.18
68.76,68.76,70.46,65.01,69.87
73.79,73.79,65.76,68.94,74.53
77.99,77.99,52.73,71.55,70.52
80.64,80.64,46.75,72.18,69.29
80.82,80.82,44.24,72.11,71.29
78.96,78.96,47.11,73.72,71.01
78.66,78.66,36.45,72.64,71.14
82.05,82.05,39.45,71.12,70.89
83.55,83.55,34.92,71.95,71.52
83.71,83.71,24.93,72.18,72.08
83.95,83.95,28.79,71.26,68.77
82.68,82.68,32.65,70.98,71.75
81.57,81.57,46.25,70.52,71.63
81.44,81.44,57.94,71.39,69.43
82.56,82.56,70.19,70.09,66.36
80.05,80.05,83.50,68.34,68.47
78.04,78.04,88.54,66.34,73.14
80.10,80.10,85.44,66.03,75.58
79.24,79.24,73.99,65.42,74.46
77.86,77.86,72.78,65.72,73.72
77.56,77.56,72.87,67.37,73.10
79.40,79.40,76.64,67.68,73.11
80.14,80.14,69.89,65.73,70.87
79.22,79.22,62.30,68.17,70.89
77.18,77.18,51.50,68.51,73.02
74.81,74.81,41.01,69.29,71.42
75.06,75.06,34.49,68.87,69.81
73.89,73.89,36.35,68.55,71.70
76.08,76.08,32.52,69.01,70.38
77.64,77.64,31.95,69.64,70.74
78.80,78.80,35.64,68.44,70.15
79.28,79.28,33.85,69.05,69.57
79.63,79.63,29.35,68.50,68.81
79.37,79.37,30.72,69.21,74.25
80.64,80.64,34.05,67.56,72.49
80.92,80.92,36.06,67.10,74.63
80.79,80.79,34.85,67.34,80.05
81.35,81.35,27.65,67.54,78.88
81.24,81.24,24.42,65.91,76.24
81.36,81.36,24.29,64.61,73.15
82.62,82.62,25.59,64.82,75.75
81.92,81.92,29.41,65.23,73.61
81.43,81.43,30.66,63.39,70.72
81.84,81.84,30.66,62.79,74.96
81.09,81.09,30.12,63.48,74.01
83.11,83.11,33.91,52.25,73.40
82.48,82.48,34.65,49.97,76.38
81.65,81.65,41.19,51.51,75.72
81.89,81.89,55.67,58.78,76.15
80.08,80.08,69.08,57.00,76.30
79.11,79.11,79.25,63.03,69.35
78.95,78.95,80.91,82.32,69.48
72.38,72.38,94.02,83.70,67.40
67.59,67.59,89.12,87.45,72.43
68.35,68.35,89.55,84.84,77.60
68.10,68.10,88.38,82.03,77.17
70.02,70.02,89.22,80.91,74.32
74.83,74.83,83.45,85.34,73.23
77.05,77.05,84.98,81.64,75.54
75.83,75.83,85.25,84.67,75.40
75.81,75.81,86.01,83.66,77.20
74.06,74.06,86.25,83.06,75.41
70.35,70.35,85.40,82.05,76.50
70.55,70.55,83.01,84.09,78.60
69.14,69.14,87.37,86.11,78.85
63.32,63.32,83.24,82.99,79.12
70.35,70.35,81.85,82.43,79.69
75.90,75.90,75.51,83.43,79.10
76.73,76.73,86.42,84.20,75.33
72.79,72.79,81.38,85.26,80.22
75.69,75.69,83.04,76.95,76.04
69.75,69.75,88.94,76.08,72.89
69.88,69.88,87.08,76.27,75.13
70.05,70.05,73.41,75.05,75.50
67.05,67.05,69.55,82.46,77.20
63.83,63.83,63.14,82.89,80.43
63.94,63.94,56.71,84.80,78.90
73.34,73.34,63.17,82.93,79.47
73.69,73.69,58.64,84.72,75.18
76.14,76.14,51.56,84.83,76.28
75.60,75.60,58.33,83.48,80.49
77.29,77.29,55.64,83.51,79.56
75.59,75.59,51.31,82.84,75.32
76.54,76.54,45.58,84.21,78.61
77.60,77.60,46.19,83.42,79.71
80.04,80.04,48.72,82.37,78.48
77.35,77.35,53.64,84.08,77.46
78.38,78.38,64.02,81.45,77.96
77.02,77.02,70.93,82.75,74.53
76.06,76.06,85.72,80.84,78.34
76.29,76.29,81.57,82.73,78.15
75.42,75.42,72.33,83.20,78.07
75.59,75.59,65.30,81.97,80.40
77.26,77.26,55.96,82.76,81.48
77.18,77.18,50.13,81.04,81.00
75.60,75.60,43.99,83.61,79.51
70.76,70.76,44.94,82.59,80.77
68.76,68.76,54.19,80.94,77.79
67.53,67.53,67.89,82.98,77.68
65.14,65.14,74.65,80.00,75.51
67.02,67.02,88.65,83.00,77.61
70.90,70.90,88.42,81.62,82.42
66.08,66.08,80.39,79.30,78.97
72.87,72.87,75.27,79.40,78.62
77.28,77.28,62.96,79.04,81.11
76.96,76.96,52.35,81.52,77.36
76.66,76.66,55.09,79.55,80.07
73.90,73.90,66.48,79.34,81.07
63.70,63.70,70.94,81.83,80.55
60.00,60.00,62.27,79.77,79.52
54.97,54.97,55.43,81.11,81.19
53.71,53.71,50.05,78.62,80.43
61.71,61.71,47.55,79.17,82.77
64.91,64.91,44.54,79.74,79.86
76.20,76.20,40.26,80.40,81.35
77.01,77.01,49.69,81.59,79.89
78.31,78.31,61.56,78.89,80.55
77.16,77.16,75.92,80.64,78.67
78.31,78.31,80.04,79.65,77.79
77.53,77.53,70.14,80.17,77.75
77.30,77.30,57.69,81.33,78.49
76.67,76.67,52.02,78.55,76.07
73.76,73.76,58.94,81.23,76.44
71.54,71.54,68.95,80.28,74.84
70.72,70.72,75.58,78.62,74.35
71.03,71.03,88.87,64.44,73.02
70.26,70.26,86.86,56.38,74.84
65.78,65.78,77.82,64.46,76.59
64.38,64.38,71.19,72.37,75.13
65.81,65.81,63.93,76.72,77.89
77.20,77.20,60.23,79.66,77.83
80.81,80.81,50.94,76.71,78.52
77.56,77.56,45.96,78.19,78.61
76.19,76.19,41.95,77.88,77.57
69.91,69.91,35.27,78.94,77.21
71.15,71.15,39.65,76.97,78.24
65.00,65.00,54.51,77.64,77.57
64.50,64.50,62.35,78.53,78.53
61.23,61.23,71.79,74.79,77.43
65.23,65.23,91.82,72.61,76.38
61.67,61.67,91.19,71.30,78.50
62.11,62.11,85.01,69.23,78.47
62.46,62.46,78.87,66.30,79.48
63.82,63.82,84.58,69.84,77.63
64.23,64.23,90.36,73.78,80.98
65.79,65.79,85.20,68.17,81.29
65.42,65.42,78.76,76.95,80.83
64.16,64.16,67.50,79.01,79.06
64.63,64.63,60.09,75.24,79.90
74.21,74.21,57.18,74.65,78.61
79.04,79.04,55.86,74.51,78.44
80.16,80.16,49.29,75.35,80.46
79.15,79.15,48.43,75.45,78.61
79.97,79.97,47.42,68.24,79.87
79.42,79.42,47.79,75.53,77.84
77.68,77.68,48.44,75.05,79.74
78.79,78.79,38.95,70.70,77.95
80.61,80.61,38.49,74.64,79.67
79.17,79.17,45.90,77.00,76.74
78.98,78.98,52.11,76.30,78.87
80.09,80.09,65.07,70.21,75.18
79.04,79.04,74.47,70.57,79.30
78.07,78.07,87.73,61.02,79.64
75.43,75.43,86.14,68.86,76.02
76.06,76.06,81.74,72.29,76.82
78.85,78.85,71.52,72.98,78.06
73.19,73.19,72.30,73.74,72.85
79.92,79.92,71.56,74.10,77.07
73.32,73.32,69.50,74.90,77.07
72.51,72.51,60.01,74.06,75.08
71.20,71.20,60.19,72.34,78.82
72.10,72.10,50.49,75.87,74.68
71.11,71.11,53.33,73.39,74.70
69.62,69.62,55.52,73.54,75.24
69.62,69.62,52.65,76.40,76.91
71.77,71.77,50.83,74.52,79.24
69.37,69.37,50.14,72.52,78.90
71.64,71.64,46.70,70.09,80.14
70.59,70.59,43.12,72.90,77.71
70.10,70.10,40.48,73.08,79.40
70.34,70.34,42.52,69.61,78.04
70.02,70.02,62.20,71.65,80.46
71.75,71.75,65.29,69.76,83.40
71.66,71.66,54.08,69.05,79.63
70.96,70.96,46.09,66.10,84.61
70.65,70.65,44.09,58.75,78.82
72.81,72.81,41.48,61.60,81.10
72.44,72.44,38.18,61.43,81.29
67.71,67.71,37.04,55.04,85.10
64.35,64.35,34.93,58.98,78.26
64.15,64.15,42.74,61.42,78.16
65.32,65.32,49.96,57.77,82.08
66.26,66.26,60.33,54.81,76.62
69.19,69.19,67.40,56.36,79.61
69.18,69.18,65.34,59.31,80.58
69.26,69.26,62.62,52.25,76.68
68.69,68.69,77.05,57.69,76.98
67.49,67.49,79.55,61.33,74.58
68.78,68.78,85.40,69.66,70.95
67.22,67.22,93.96,81.11,73.44
68.74,68.74,90.31,79.41,76.01
68.00,68.00,91.96,77.12,73.92
62.90,62.90,91.03,82.11,77.40
62.20,62.20,82.03,85.51,72.13
68.94,68.94,83.74,84.13,75.38
69.45,69.45,84.77,84.15,71.77
70.02,70.02,72.56,84.74,74.28
66.62,66.62,84.79,85.17,73.46
67.41,67.41,77.33,84.08,72.60
69.72,69.72,75.63,82.90,71.50
70.07,70.07,73.87,83.21,73.74
69.91,69.91,82.60,84.89,72.17
69.92,69.92,79.86,84.94,70.68
70.68,70.68,71.01,85.28,70.92
71.32,71.32,78.93,84.00,70.86
70.84,70.84,81.97,83.30,67.60
69.99,69.99,72.25,81.19,69.63
68.91,68.91,80.01,70.22,71.40
66.61,66.61,90.21,80.49,76.12
65.19,65.19,85.05,78.14,73.07
64.83,64.83,70.40,79.66,74.39
66.55,66.55,66.08,82.00,74.97
67.55,67.55,51.54,82.51,76.09
65.46,65.46,35.97,83.59,72.73
64.40,64.40,34.56,82.45,74.51
67.45,67.45,31.73,81.45,74.71
67.50,67.50,31.23,82.19,68.88
66.83,66.83,29.56,83.05,74.12
68.54,68.54,27.52,81.25,69.04
69.87,69.87,27.65,81.39,69.51
69.08,69.08,26.83,81.25,69.82
69.21,69.21,28.72,82.13,70.62
69.29,69.29,42.50,81.14,70.33
70.06,70.06,51.83,80.54,69.47
70.51,70.51,62.29,81.02,64.67
67.47,67.47,75.22,81.06,68.01
72.34,72.34,87.51,79.34,72.97
70.46,70.46,83.61,82.06,73.62
71.72,71.72,75.42,82.04,69.26
73.14,73.14,65.67,81.19,73.11
75.69,75.69,65.29,79.54,74.81
76.42,76.42,62.15,79.04,70.52
78.59,78.59,57.25,79.67,73.07
78.77,78.77,55.76,80.11,70.90
78.24,78.24,51.41,78.44,71.36
76.75,76.75,71.29,75.46,68.62
73.54,73.54,79.05,70.49,66.99
73.49,73.49,91.79,74.90,73.40
68.57,68.57,87.61,73.85,73.71
77.15,77.15,81.24,69.11,70.40
77.87,77.87,71.95,72.72,70.20
79.83,79.83,59.77,76.62,70.36
81.12,81.12,50.18,76.32,71.92
81.00,81.00,46.23,76.51,73.98
81.02,81.02,50.58,76.75,72.02
80.89,80.89,65.82,77.74,74.99
79.49,79.49,61.03,76.38,73.50
79.03,79.03,51.51,76.16,71.00
77.74,77.74,44.39,76.52,73.26
78.80,78.80,35.09,77.31,69.87
81.24,81.24,31.34,75.74,71.24
80.17,80.17,37.55,74.80,72.58
78.24,78.24,46.70,75.04,72.57
77.11,77.11,59.61,76.31,75.66
77.83,77.83,67.45,75.06,75.59
81.91,81.91,81.12,74.53,71.36
75.55,75.55,77.96,74.64,73.34
76.29,76.29,77.20,76.60,76.13
76.56,76.56,67.67,74.96,75.44
78.67,78.67,60.54,74.06,74.74
80.18,80.18,53.09,74.21,75.17
78.00,78.00,45.20,74.50,71.94
79.45,79.45,42.28,73.11,72.36
78.47,78.47,35.25,72.59,72.05
76.79,76.79,30.19,72.62,78.09
75.33,75.33,30.89,74.08,79.39
81.66,81.66,31.18,72.61,80.85
83.19,83.19,30.09,71.83,79.41
83.80,83.80,26.76,72.02,80.72
86.03,86.03,32.92,72.58,78.47
84.58,84.58,30.57,71.45,77.85
77.89,77.89,28.16,71.25,75.55
78.99,78.99,28.07,71.77,74.96
77.71,77.71,32.52,73.11,74.99
73.21,73.21,29.44,71.70,74.67
67.73,67.73,27.92,70.93,73.59
65.19,65.19,19.67,70.55,75.42
65.08,65.08,19.72,71.38,72.99
64.70,64.70,15.86,70.56,71.79
66.34,66.34,26.05,69.98,75.29
65.63,65.63,24.89,69.12,71.79
64.10,64.10,21.23,70.39,70.41
64.02,64.02,22.67,68.80,75.12
63.98,63.98,28.13,68.59,72.81
64.71,64.71,40.15,68.69,72.23
79.84,79.84,28.10,69.17,74.25
81.68,81.68,24.41,67.11,73.56
81.90,81.90,19.99,66.87,71.95
81.17,81.17,21.27,67.47,73.31
79.64,79.64,20.37,67.96,74.11
78.55,78.55,19.70,66.02,73.56
78.26,78.26,20.37,65.37,73.52
79.30,79.30,20.81,65.20,72.81
79.20,79.20,21.75,66.10,75.35
80.24,80.24,20.48,64.23,72.22
80.10,80.10,19.88,63.43,73.63
81.47,81.47,20.68,63.61,74.05
81.53,81.53,18.72,64.13,68.74
81.06,81.06,21.08,62.73,73.46
80.02,80.02,22.73,62.78,73.25
78.48,78.48,23.47,63.29,70.95
79.32,79.32,25.26,64.55,73.23
79.95,79.95,19.94,63.05,78.60
80.44,80.44,21.10,62.61,76.87
80.58,80.58,26.69,61.77,78.97
80.80,80.80,30.97,62.62,79.25
81.34,81.34,29.24,60.56,77.46
81.47,81.47,25.19,59.16,76.90
81.35,81.35,24.34,60.33,77.82
80.72,80.72,24.65,60.79,73.27
79.91,79.91,30.86,57.85,72.34
79.94,79.94,38.68,53.31,74.42
78.21,78.21,29.19,49.70,70.44
78.81,78.81,24.56,41.84,70.84
79.19,79.19,26.14,35.43,72.03
77.06,77.06,29.83,40.03,69.84
77.02,77.02,32.61,34.54,69.64
79.18,79.18,33.29,39.79,69.99
78.30,78.30,44.61,45.70,69.16
77.30,77.30,54.40,48.62,67.34
79.76,79.76,68.76,52.95,68.70
79.21,79.21,62.08,48.21,65.56
78.29,78.29,59.98,46.47,70.05
78.86,78.86,67.24,47.94,72.14
78.29,78.29,67.45,47.93,72.16
76.25,76.25,62.83,49.60,72.82
75.91,75.91,61.67,49.37,74.52
73.49,73.49,62.24,48.19,74.83
72.22,72.22,70.77,51.32,73.94
75.29,75.29,69.26,49.29,71.82
70.20,70.20,64.99,45.79,69.03
70.45,70.45,64.92,50.26,67.25
70.83,70.83,73.62,49.98,68.70
67.47,67.47,68.16,46.25,69.16
65.79,65.79,65.07,44.03,66.81
62.03,62.03,75.09,64.87,63.63
62.73,62.73,91.58,79.48,61.47
63.69,63.69,91.69,85.23,71.61
64.09,64.09,91.62,86.59,69.92
63.04,63.04,90.80,83.97,67.57
65.16,65.16,82.28,82.52,70.34
64.98,64.98,86.25,83.14,73.00
69.39,69.39,88.50,83.00,73.16
71.64,71.64,87.31,83.95,76.63
70.36,70.36,85.41,82.56,75.03
73.50,73.50,88.70,83.09,77.04
75.68,75.68,79.90,81.11,75.46
75.10,75.10,82.81,85.39,75.92
78.13,78.13,86.01,83.12,75.98
78.00,78.00,81.97,77.33,76.22
76.11,76.11,80.43,79.79,80.04
77.03,77.03,80.84,80.07,75.99
76.56,76.56,85.00,80.71,76.10
76.12,76.12,81.54,80.21,73.83
71.99,71.99,80.19,80.93,71.96
72.46,72.46,89.74,82.35,72.12
70.75,70.75,85.03,82.37,73.06
73.52,73.52,71.93,82.03,75.37
72.35,72.35,71.55,82.96,76.49
72.35,72.35,63.47,83.47,72.04
73.15,73.15,59.84,83.92,77.88
72.63,72.63,62.83,82.20,77.70
69.86,69.86,56.97,84.82,76.70
71.55,71.55,52.13,82.81,75.52
74.01,74.01,53.88,81.47,76.96
72.79,72.79,51.20,81.92,72.85
74.54,74.54,51.15,79.85,76.88
74.57,74.57,50.95,81.31,76.95
77.26,77.26,49.42,79.90,76.68
76.28,76.28,50.34,78.66,76.64
77.20,77.20,54.31,79.86,75.62
77.37,77.37,60.22,78.46,74.66
74.21,74.21,69.12,79.38,73.44
82.45,82.45,82.08,76.51,77.29
78.27,78.27,78.20,77.42,73.76
77.55,77.55,69.88,78.35,77.42
81.81,81.81,61.28,71.00,76.49
82.66,82.66,53.09,70.67,79.23
83.97,83.97,50.29,72.67,78.60
81.84,81.84,48.12,74.95,76.85
81.29,81.29,50.99,73.37,77.70
81.31,81.31,54.74,75.36,80.26
77.54,77.54,65.83,70.79,78.21
74.49,74.49,71.45,64.70,79.03
74.57,74.57,88.43,67.41,76.28
77.11,77.11,89.58,65.44,79.33
70.14,70.14,73.97,63.34,76.64
75.41,75.41,70.55,65.25,79.23
74.53,74.53,59.97,71.45,78.46
74.05,74.05,49.15,71.19,80.17
75.45,75.45,52.08,68.70,79.89
80.09,80.09,66.70,73.50,80.86
73.78,73.78,72.03,76.26,80.60
72.60,72.60,71.85,80.98,81.21
80.75,80.75,59.51,79.92,80.36
81.55,81.55,50.63,80.42,77.59
80.85,80.85,36.99,78.27,80.73
82.28,82.28,44.36,70.05,79.14
81.84,81.84,42.20,73.16,79.65
83.44,83.44,52.05,71.09,78.19
81.49,81.49,61.82,74.05,79.49
82.91,82.91,71.61,72.64,77.91
81.00,81.00,72.76,70.90,80.07
81.07,81.07,66.71,74.03,77.30
83.13,83.13,62.21,73.95,77.16
82.37,82.37,57.59,73.44,76.22
80.26,80.26,58.38,70.48,78.94
83.76,83.76,67.09,71.44,74.15
80.02,80.02,76.96,72.46,73.73
82.39,82.39,85.38,76.24,75.17
79.21,79.21,81.69,81.41,74.87
77.23,77.23,76.93,80.74,75.74
82.18,82.18,72.23,82.61,77.25
83.03,83.03,72.62,84.30,78.13
85.48,85.48,66.93,83.62,75.09
85.01,85.01,61.21,82.81,74.62
86.18,86.18,56.86,82.64,77.79
85.67,85.67,52.81,82.24,75.00
84.22,84.22,49.73,82.23,74.27
82.27,82.27,55.39,82.51,79.50
85.94,85.94,58.50,82.02,74.75
82.97,82.97,73.18,81.12,75.80
82.29,82.29,81.21,71.76,73.65
81.11,81.11,87.02,70.45,79.66
82.05,82.05,86.43,73.61,76.52
80.41,80.41,83.36,73.78,79.00
81.96,81.96,81.65,78.87,76.78
80.45,80.45,81.17,82.30,76.40
82.41,82.41,88.27,82.75,80.22
84.57,84.57,82.73,80.15,79.57
84.73,84.73,77.17,79.00,78.18
82.13,82.13,62.03,78.71,79.85
81.59,81.59,62.71,78.62,79.38
78.19,78.19,56.09,79.17,77.64
81.43,81.43,55.62,79.48,77.84
83.51,83.51,49.34,79.44,75.54
79.16,79.16,53.87,79.30,77.26
79.74,79.74,54.15,79.44,78.40
79.90,79.90,51.35,78.77,78.51
80.51,80.51,54.92,78.86,76.78
82.30,82.30,52.24,78.67,77.21
81.12,81.12,55.11,78.85,77.04
80.15,80.15,52.20,77.75,79.35
82.07,82.07,57.30,76.86,75.41
81.90,81.90,68.71,76.44,75.13
82.96,82.96,75.78,73.94,74.74
82.84,82.84,83.73,75.87,72.64
82.38,82.38,81.53,78.42,77.30
80.46,80.46,77.66,77.24,71.37
78.14,78.14,67.99,77.14,77.93
82.06,82.06,73.39,75.37,74.73
82.21,82.21,68.65,76.22,79.30
81.00,81.00,70.94,76.20,78.84
82.03,82.03,60.77,74.74,78.36
81.55,81.55,57.61,75.36,76.53
79.95,79.95,54.51,75.25,76.73
77.21,77.21,50.85,75.34,78.60
78.20,78.20,46.62,75.71,79.55
80.58,80.58,47.63,75.07,76.60
80.45,80.45,48.83,74.81,79.42
79.22,79.22,49.34,74.03,77.26
80.70,80.70,47.05,72.39,78.91
79.69,79.69,46.50,72.13,78.23
78.97,78.97,44.59,72.51,78.34
80.57,80.57,46.77,72.69,78.68
78.07,78.07,50.27,72.26,76.13
83.60,83.60,52.48,72.65,76.82
83.92,83.92,50.42,72.91,74.51
80.97,80.97,50.19,70.42,72.01
82.84,82.84,50.84,67.82,76.19
84.89,84.89,46.46,71.23,76.29
85.35,85.35,47.11,73.22,76.36
84.95,84.95,45.41,69.76,77.80
85.40,85.40,43.00,69.61,74.60
87.02,87.02,46.66,71.52,75.45
85.22,85.22,47.73,70.88,77.91
85.15,85.15,52.68,70.41,74.99
86.75,86.75,53.44,70.44,77.09
84.75,84.75,56.98,68.35,76.21
85.31,85.31,61.36,55.52,73.19
86.59,86.59,71.97,52.83,73.36
85.11,85.11,76.97,62.16,70.87
83.69,83.69,87.32,72.83,70.90
76.96,76.96,92.52,80.81,73.15
79.56,79.56,85.29,81.70,76.46
78.62,78.62,90.85,77.14,79.83
82.69,82.69,86.67,76.18,79.11
82.07,82.07,80.38,80.42,73.94
84.10,84.10,85.48,81.03,72.50
83.89,83.89,81.95,83.77,71.15
84.67,84.67,71.75,85.56,69.34
82.80,82.80,84.04,84.30,72.25
81.67,81.67,75.83,84.69,72.64
81.65,81.65,73.19,84.50,73.63
81.38,81.38,73.88,85.79,71.39
80.18,80.18,80.75,85.11,72.64
80.24,80.24,78.63,83.48,74.35
80.18,80.18,68.77,83.96,68.42
79.68,79.68,80.40,85.60,70.26
80.10,80.10,79.82,84.32,70.73
75.46,75.46,70.73,84.86,74.57
73.53,73.53,81.83,85.94,77.38
73.23,73.23,81.62,86.75,82.12
72.32,72.32,83.41,84.11,80.31
74.57,74.57,73.79,81.24,74.81
79.58,79.58,64.20,83.17,74.71
81.98,81.98,45.86,83.99,75.16
80.45,80.45,45.26,82.16,73.27
80.61,80.61,45.98,83.29,72.58
81.22,81.22,44.09,82.95,73.19
80.04,80.04,42.82,83.81,70.21
79.07,79.07,38.46,82.62,70.01
77.14,77.14,41.11,81.62,74.89
76.54,76.54,42.65,83.22,73.23
77.29,77.29,39.30,84.06,72.79
78.24,78.24,39.58,81.44,71.81
80.37,80.37,46.15,81.99,73.54
80.59,80.59,58.85,82.70,72.71
79.33,79.33,67.54,84.08,71.99
76.06,76.06,78.30,81.71,71.13
79.20,79.20,83.69,77.42,74.97
78.13,78.13,78.99,80.99,73.38
78.07,78.07,71.76,84.28,75.11
77.46,77.46,62.07,81.81,77.67
75.72,75.72,56.82,81.43,77.65
77.28,77.28,52.04,81.23,73.97
78.86,78.86,47.66,82.99,78.54
79.11,79.11,50.79,82.53,76.04
77.34,77.34,58.02,80.53,73.61
72.74,72.74,68.06,79.07,75.34
69.67,69.67,80.88,77.57,75.03
67.15,67.15,91.33,81.05,75.43
67.71,67.71,88.07,80.80,78.25
66.41,66.41,79.95,75.33,75.40
68.06,68.06,69.82,74.42,75.85
71.07,71.07,64.44,77.49,77.34
72.01,72.01,60.57,79.28,76.71
70.37,70.37,55.30,79.28,76.25
70.41,70.41,56.75,76.46,76.50
69.68,69.68,62.74,77.51,77.03
66.12,66.12,61.28,79.34,76.72
63.13,63.13,50.68,80.23,75.23
60.16,60.16,46.81,76.93,79.15
59.72,59.72,42.86,76.25,74.76
57.56,57.56,40.26,78.35,79.29
58.91,58.91,38.44,79.72,74.37
59.68,59.68,38.25,77.62,79.46
61.37,61.37,47.00,74.03,73.81
69.11,69.11,59.81,75.26,79.97
83.25,83.25,74.06,78.13,74.42
74.58,74.58,72.43,77.65,80.67
67.36,67.36,68.15,78.18,77.84
61.24,61.24,64.07,74.43,77.51
61.57,61.57,62.01,71.23,74.48
59.32,59.32,69.17,72.62,74.78
66.45,66.45,78.23,70.08,68.75
81.27,81.27,88.58,53.67,70.09
74.40,74.40,87.68,58.16,68.54
64.01,64.01,80.90,63.65,65.75
61.76,61.76,73.55,62.01,70.22
54.17,54.17,71.52,64.94,69.44
51.63,51.63,72.89,69.04,67.59
49.37,49.37,68.41,70.74,68.36
44.81,44.81,66.89,68.32,70.53
41.56,41.56,68.97,70.81,66.67
45.49,45.49,72.82,70.16,67.32
52.66,52.66,57.66,71.00,63.77
62.35,62.35,55.14,66.69,61.49
71.87,71.87,64.44,67.11,68.74
82.94,82.94,85.78,66.44,75.79
80.42,80.42,84.66,57.81,66.63
78.47,78.47,90.83,47.99,64.61
76.11,76.11,83.39,49.17,61.33
77.12,77.12,75.55,47.29,64.71
69.90,69.90,63.87,52.69,63.55
63.06,63.06,63.23,60.69,64.44
71.45,71.45,54.90,64.97,65.24
78.01,78.01,50.46,63.28,68.44
78.11,78.11,44.80,64.80,66.09
80.19,80.19,46.35,65.28,65.61
79.05,79.05,35.49,64.69,64.74
77.70,77.70,40.49,61.95,60.96
78.00,78.00,35.72,62.95,58.73
77.96,77.96,38.21,63.08,58.34
76.46,76.46,35.15,60.61,61.21
77.99,77.99,30.95,61.42,61.80
74.86,74.86,36.47,58.69,64.30
75.16,75.16,40.70,58.35,58.67
81.95,81.95,40.30,58.77,56.14
82.82,82.82,37.36,56.52,60.24
78.37,78.37,34.40,54.76,56.64
85.31,85.31,33.76,55.59,57.86
82.27,82.27,30.38,53.64,58.35
71.90,71.90,35.12,48.48,55.62
70.14,70.14,35.06,48.75,56.95
78.26,78.26,42.29,46.34,59.79
82.72,82.72,44.54,44.58,69.52
77.93,77.93,40.04,43.92,67.69
72.91,72.91,41.83,41.54,67.00
76.44,76.44,44.38,50.91,74.00
80.77,80.77,38.44,55.50,63.69
75.52,75.52,28.46,48.77,63.75
73.61,73.61,36.98,44.43,61.39
66.56,66.56,33.13,36.44,58.82
60.33,60.33,34.33,42.00,50.02
71.80,71.80,37.17,34.50,50.40
75.26,75.26,41.24,38.88,53.26
70.86,70.86,41.46,41.01,54.87
70.36,70.36,44.88,36.82,54.60
72.49,72.49,35.24,41.02,56.62
70.03,70.03,41.17,44.27,58.93
64.68,64.68,39.82,44.83,62.10
79.31,79.31,49.49,40.32,70.49
82.88,82.88,50.33,45.58,79.53
78.20,78.20,49.50,46.78,72.24
78.09,78.09,43.91,53.57,67.34
78.85,78.85,40.44,57.07,68.53
77.87,77.87,35.15,58.16,66.56
78.80,78.80,40.47,57.27,64.62
80.11,80.11,44.21,52.65,65.24
79.75,79.75,36.30,55.60,61.41
79.92,79.92,26.85,54.99,59.47
69.35,69.35,38.79,52.74,61.32
65.72,65.72,28.39,50.59,62.59
66.78,66.78,37.43,60.78,71.68
70.49,70.49,43.56,64.65,72.92
71.71,71.71,38.80,66.58,73.37
73.11,73.11,31.66,66.81,72.81
74.60,74.60,33.88,66.30,69.94
74.57,74.57,38.17,64.64,67.95
75.56,75.56,42.80,64.08,67.37
79.01,79.01,40.59,64.81,69.87
81.59,81.59,39.29,65.37,71.58
82.04,82.04,36.63,64.34,71.63
80.85,80.85,32.26,62.90,70.48
80.57,80.57,30.68,61.44,69.77
78.23,78.23,29.87,60.35,69.20
80.03,80.03,26.37,58.71,67.66
79.42,79.42,23.69,58.92,67.07
79.79,79.79,28.53,58.41,66.06
79.31,79.31,28.44,57.45,64.19
77.36,77.36,26.14,56.31,62.31
71.27,71.27,26.44,56.00,63.95
74.66,74.66,21.53,56.13,64.14
79.40,79.40,21.51,56.84,63.82
77.60,77.60,27.24,56.67,62.98
75.00,75.00,29.92,56.17,62.84
71.78,71.78,31.41,56.26,63.95
79.39,79.39,30.18,58.22,69.60
77.88,77.88,38.70,62.15,73.41
76.38,76.38,38.80,61.64,72.45
75.27,75.27,37.07,60.94,68.26
76.63,76.63,35.56,60.52,65.93
76.55,76.55,36.37,60.91,64.65
75.37,75.37,36.17,59.81,64.60
76.16,76.16,34.03,60.53,67.49
76.82,76.82,35.27,60.88,69.52
77.97,77.97,35.37,60.22,65.63
76.82,76.82,29.74,58.80,64.92
76.36,76.36,25.68,60.79,66.36
77.88,77.88,33.22,61.31,66.88
75.69,75.69,36.55,60.66,62.46
78.86,78.86,43.78,61.89,69.02
79.09,79.09,41.23,62.91,69.76
77.19,77.19,38.25,59.73,66.55
77.68,77.68,34.69,57.82,65.44
78.44,78.44,33.04,58.80,67.33
77.59,77.59,37.35,60.48,67.38
78.33,78.33,38.91,59.24,68.59
81.22,81.22,32.41,59.78,69.95
81.45,81.45,33.89,59.96,71.28
80.96,80.96,28.85,58.92,70.02
81.62,81.62,23.03,59.05,67.99
79.72,79.72,20.09,60.03,67.31
79.64,79.64,20.10,60.14,66.38
73.70,73.70,26.25,59.09,62.11
61.74,61.74,28.12,56.42,58.54
49.13,49.13,26.63,48.47,53.74
44.66,44.66,28.85,41.71,40.89
43.37,43.37,34.88,33.54,36.54
38.25,38.25,29.53,30.26,28.56
36.67,36.67,33.81,28.86,29.30
41.13,41.13,42.37,32.41,32.63
37.29,37.29,34.34,24.82,31.34
38.16,38.16,38.91,29.35,33.20
45.69,45.69,41.08,30.39,38.85
39.22,39.22,42.96,35.00,33.21
37.34,37.34,41.85,32.53,32.34
46.40,46.40,45.39,34.14,41.44
40.84,40.84,43.93,32.46,34.44
40.96,40.96,47.99,34.05,34.88
45.04,45.04,45.96,32.54,43.03
41.27,41.27,44.00,31.65,40.58
39.01,39.01,47.33,35.22,41.86
46.46,46.46,48.72,35.53,43.30
36.79,36.79,39.32,27.31,37.44
34.25,34.25,44.02,27.80,36.81
42.42,42.42,43.91,32.80,42.41
35.70,35.70,43.31,29.22,37.40
30.20,30.20,40.76,28.09,34.76
36.18,36.18,40.57,28.48,37.70
38.21,38.21,43.77,32.36,37.85
30.87,30.87,41.74,28.79,36.51
30.75,30.75,40.87,27.84,36.07
33.37,33.37,42.25,31.68,34.70
27.52,27.52,41.10,28.95,34.45
31.46,31.46,38.14,25.16,36.28
33.80,33.80,42.11,31.03,34.64
36.40,36.40,40.56,27.23,35.31
34.82,34.82,38.37,30.30,34.20
38.75,38.75,45.82,35.02,37.34
30.66,30.66,42.82,32.04,34.57
30.03,30.03,39.85,30.04,33.80
36.79,36.79,43.11,31.60,32.86
36.97,36.97,34.90,26.60,28.85
43.15,43.15,35.08,27.25,27.23
76.45,76.45,47.65,37.20,31.86
86.41,86.41,44.46,41.72,38.82
83.18,83.18,36.55,38.78,41.88
83.51,83.51,41.71,46.24,39.74
80.57,80.57,43.74,48.95,42.31
76.23,76.23,45.58,47.37,40.88
67.33,67.33,43.46,46.88,38.74
61.19,61.19,43.56,45.24,44.36
73.78,73.78,43.79,43.98,47.33
79.61,79.61,46.64,41.94,47.61
79.08,79.08,44.47,43.08,48.51
83.61,83.61,44.19,45.04,51.78
84.21,84.21,39.94,44.83,52.94
80.19,80.19,39.47,43.26,52.77
75.54,75.54,40.42,42.14,52.38
75.30,75.30,39.00,41.33,53.04
74.77,74.77,40.19,33.21,53.92
72.66,72.66,38.11,35.25,52.11
73.92,73.92,37.83,41.35,59.63
80.31,80.31,42.61,36.70,60.54
83.77,83.77,43.97,43.93,54.21
81.48,81.48,41.04,44.72,56.78
75.34,75.34,42.75,40.16,54.51
69.47,69.47,41.47,43.83,43.92
71.24,71.24,40.81,44.35,42.55
74.02,74.02,32.64,39.33,37.67
74.53,74.53,41.10,34.88,41.16
73.82,73.82,40.26,39.87,44.32
74.39,74.39,49.56,42.03,53.39
72.29,72.29,52.08,41.49,59.15
70.01,70.01,46.49,33.70,59.72
70.79,70.79,37.13,29.15,57.11
71.37,71.37,43.20,30.02,51.80
71.04,71.04,31.55,33.41,48.09
70.89,70.89,37.09,35.30,48.88
71.15,71.15,46.36,47.09,51.55
73.35,73.35,36.75,36.46,50.53
81.46,81.46,27.80,36.42,47.94
79.04,79.04,31.60,45.15,48.80
78.44,78.44,33.83,40.80,46.17
67.96,67.96,37.92,44.93,47.49
59.63,59.63,30.01,46.91,41.61
65.49,65.49,27.77,30.74,38.82
75.17,75.17,23.04,29.84,52.57
73.47,73.47,34.43,37.33,68.03
73.47,73.47,40.75,35.46,76.72
74.60,74.60,40.27,42.17,84.00
75.34,75.34,35.89,44.79,84.74
73.81,73.81,29.72,38.39,80.49
75.27,75.27,31.48,29.72,79.57
72.81,72.81,34.55,34.17,76.99
65.33,65.33,31.12,37.84,68.80
59.18,59.18,18.21,29.58,59.02
52.82,52.82,26.24,21.90,49.06
61.52,61.52,30.79,30.30,51.70
70.85,70.85,31.43,40.05,69.57
75.83,75.83,35.23,42.05,73.60
78.34,78.34,36.82,29.55,74.45
78.84,78.84,37.07,41.74,72.57
77.91,77.91,35.85,40.86,71.79
75.92,75.92,37.05,37.93,70.53
73.35,73.35,35.52,41.79,68.55
75.61,75.61,30.28,31.53,66.03
78.29,78.29,35.63,36.08,71.91
79.31,79.31,36.06,44.21,76.23
79.90,79.90,32.60,38.77,78.82
77.07,77.07,32.56,44.94,78.96
78.28,78.28,30.68,30.02,77.95
76.67,76.67,29.75,36.66,76.17
78.19,78.19,31.95,35.93,75.02
77.78,77.78,33.77,30.75,73.67
78.40,78.40,28.66,32.21,72.41
73.05,73.05,25.38,45.43,67.35
74.39,74.39,29.16,43.63,65.30
78.69,78.69,39.15,36.56,75.37
78.45,78.45,42.96,38.18,74.21
78.86,78.86,45.25,32.20,74.16
74.06,74.06,36.73,35.85,66.93
67.31,67.31,24.70,26.47,55.81
75.09,75.09,23.48,41.17,67.44
75.94,75.94,31.40,34.61,68.62
75.82,75.82,37.87,41.25,71.66
80.21,80.21,44.09,43.71,75.05
78.37,78.37,42.30,36.41,71.67
75.65,75.65,40.73,32.06,64.68
72.15,72.15,38.69,35.65,65.78
74.51,74.51,34.67,39.60,63.54
78.27,78.27,36.86,45.00,72.75
76.04,76.04,38.27,35.56,72.44
80.87,80.87,42.13,32.09,73.94
79.92,79.92,42.02,35.64,73.46
77.42,77.42,43.16,37.36,71.30
76.97,76.97,44.75,45.33,70.23
78.96,78.96,45.17,43.14,74.54
81.00,81.00,43.03,41.61,75.91
80.44,80.44,41.18,36.60,75.57
79.33,79.33,36.77,37.76,73.10
80.19,80.19,34.25,32.57,71.34
80.82,80.82,32.34,36.06,70.14
79.13,79.13,35.18,32.33,71.42
77.14,77.14,30.77,29.48,70.75
81.51,81.51,29.58,33.52,72.39
80.35,80.35,22.58,34.55,73.69
80.73,80.73,23.00,27.17,71.53
73.38,73.38,19.26,22.98,66.14
68.01,68.01,18.16,32.05,62.86
63.20,63.20,21.98,43.09,54.62
53.34,53.34,19.17,37.68,44.76
41.21,41.21,26.20,27.06,37.35
40.84,40.84,29.05,29.21,30.33
36.32,36.32,28.19,29.55,28.40
35.88,35.88,33.96,22.97,25.35
38.27,38.27,37.78,25.17,26.55
29.90,29.90,31.41,20.16,20.59
33.46,33.46,37.28,24.21,19.25
39.11,39.11,40.18,28.67,30.19
39.71,39.71,40.15,26.57,29.54
32.33,32.33,39.78,28.16,25.16
35.62,35.62,41.15,28.33,29.81
42.09,42.09,41.79,26.84,32.82
31.26,31.26,38.05,27.79,23.80
34.76,34.76,39.47,26.98,28.48
42.43,42.43,42.72,30.18,33.46
25.71,25.71,37.88,28.34,30.01
26.06,26.06,39.31,28.64,29.16
33.32,33.32,37.11,30.31,28.75
23.10,23.10,38.61,30.84,25.59
22.68,22.68,40.16,32.98,26.65
32.10,32.10,41.12,31.54,26.51
24.82,24.82,38.55,31.48,31.49
20.89,20.89,40.35,28.08,34.26
26.48,26.48,41.16,28.01,31.03
20.71,20.71,42.65,28.15,30.52
23.08,23.08,42.42,31.33,31.18
30.32,30.32,40.70,33.52,32.24
30.06,30.06,42.91,32.42,33.02
29.96,29.96,37.11,25.24,33.82
29.70,29.70,36.70,21.82,35.91
29.55,29.55,44.24,27.76,39.22
24.80,24.80,41.53,28.41,37.97
22.62,22.62,40.49,26.70,36.13
23.57,23.57,40.98,28.31,32.98
23.98,23.98,35.34,22.21,33.71
40.76,40.76,39.02,32.76,35.39
52.44,52.44,40.84,41.22,39.83
56.50,56.50,34.82,25.12,43.09
71.36,71.36,42.84,24.82,54.02
83.33,83.33,48.72,28.63,75.68
81.88,81.88,49.43,30.30,82.44
81.38,81.38,50.37,33.30,73.88
81.08,81.08,46.27,47.21,69.62
79.37,79.37,42.14,52.86,70.36
76.89,76.89,40.40,53.87,69.14
69.95,69.95,39.02,54.78,72.85
70.80,70.80,34.45,58.89,73.87
77.98,77.98,43.72,60.91,79.97
79.81,79.81,39.76,59.42,74.69
82.45,82.45,40.94,44.86,66.68
79.74,79.74,36.87,55.30,69.10
79.60,79.60,35.07,58.23,68.26
83.77,83.77,33.73,56.11,63.88
80.99,80.99,39.99,56.37,66.58
77.78,77.78,33.67,55.73,64.73
70.73,70.73,25.58,51.60,62.88
72.04,72.04,25.74,56.47,58.57
76.69,76.69,34.04,55.19,57.35
80.68,80.68,37.57,53.59,54.16
77.87,77.87,34.84,50.68,55.70
81.73,81.73,40.05,49.32,56.85
82.70,82.70,38.12,51.97,58.58
78.53,78.53,30.04,52.82,58.53
74.25,74.25,32.61,47.96,52.40
68.86,68.86,29.66,41.95,50.89
74.12,74.12,35.51,40.11,54.63
78.90,78.90,39.80,46.08,65.23
77.10,77.10,39.47,46.35,59.54
76.05,76.05,32.12,37.21,61.69
78.78,78.78,28.15,46.21,65.00
80.31,80.31,26.69,50.35,65.59
79.91,79.91,29.71,47.26,62.39
73.98,73.98,34.95,46.19,55.66
77.84,77.84,36.86,48.94,49.50
75.45,75.45,38.32,49.76,52.15
76.37,76.37,44.77,51.61,48.59
73.62,73.62,38.07,51.20,50.23
81.27,81.27,35.26,51.50,45.34
80.14,80.14,42.23,50.11,43.09
72.25,72.25,35.04,50.23,42.78
77.29,77.29,40.81,51.66,54.14
76.79,76.79,40.44,52.02,58.67
75.10,75.10,35.97,50.01,66.04
73.50,73.50,43.85,52.03,70.65
73.75,73.75,45.93,53.18,71.59
74.29,74.29,43.07,53.55,70.40
74.77,74.77,38.05,52.70,71.34
76.47,76.47,34.95,53.27,71.22
73.92,73.92,35.80,51.87,69.86
75.55,75.55,35.39,51.10,68.84
78.82,78.82,35.23,51.32,70.68
78.13,78.13,34.62,52.36,71.07
76.76,76.76,33.85,53.27,71.03
75.04,75.04,33.62,51.87,70.74
69.07,69.07,33.25,44.79,62.84
72.21,72.21,37.11,39.27,62.14
70.57,70.57,39.05,41.19,65.43
71.30,71.30,34.97,45.82,76.79
70.23,70.23,30.96,57.36,80.54
71.57,71.57,28.78,61.70,80.81
73.87,73.87,26.00,68.60,80.15
75.04,75.04,20.71,68.29,80.11
77.16,77.16,29.56,63.26,78.98
77.98,77.98,38.43,66.26,78.13
80.80,80.80,36.27,62.09,77.01
81.95,81.95,31.42,69.91,78.76
84.44,84.44,28.38,64.59,79.69
83.58,83.58,27.06,69.50,78.79
81.93,81.93,24.48,63.91,76.20
79.02,79.02,22.76,66.24,77.24
76.15,76.15,25.79,61.89,75.55
76.91,76.91,31.17,66.07,75.04
75.38,75.38,25.70,62.22,72.62
75.54,75.54,26.60,64.38,77.64
77.08,77.08,31.68,64.60,78.91
79.94,79.94,34.56,64.29,80.55
78.95,78.95,28.44,67.07,81.38
79.51,79.51,23.09,63.72,81.21
74.57,74.57,15.02,64.70,78.61
75.18,75.18,12.99,62.77,72.69
73.75,73.75,19.79,66.59,73.32
71.94,71.94,33.16,65.17,69.73
73.47,73.47,40.54,64.34,73.50
74.02,74.02,39.58,66.08,75.51
72.60,72.60,33.21,67.25,76.21
72.78,72.78,31.94,67.50,72.30
72.38,72.38,31.43,65.86,73.42
72.31,72.31,29.34,66.54,73.62
72.88,72.88,31.30,65.86,73.18
72.08,72.08,32.52,65.71,71.54
71.04,71.04,33.12,64.53,68.63
71.79,71.79,32.05,65.34,72.50
73.40,73.40,30.93,65.94,70.78
71.21,71.21,29.84,64.97,71.30
70.69,70.69,29.20,64.07,72.07
70.67,70.67,31.89,64.37,70.03
72.87,72.87,36.94,65.10,71.48
75.53,75.53,40.14,66.09,76.45
75.07,75.07,44.35,66.35,78.29
75.09,75.09,42.94,65.53,79.56
79.24,79.24,36.63,64.88,76.88
81.49,81.49,34.89,64.80,84.28
80.13,80.13,35.04,65.78,86.22
81.85,81.85,34.54,66.96,84.88
77.30,77.30,36.16,66.45,82.96
68.09,68.09,32.34,66.22,78.38
65.93,65.93,21.96,67.17,75.78
66.73,66.73,11.43,68.10,79.26
61.28,61.28,4.51,67.63,78.03
62.37,62.37,2.88,67.50,79.21
61.21,61.21,2.35,67.31,78.57
61.83,61.83,6.37,66.56,78.80
60.81,60.81,14.11,66.90,79.37
61.50,61.50,13.44,67.16,78.67
63.81,63.81,12.12,67.12,78.85
64.96,64.96,8.27,66.22,77.30
68.13,68.13,14.10,64.76,76.72
72.46,72.46,23.27,62.18,77.45
72.48,72.48,30.07,60.23,79.60
73.20,73.20,33.80,60.99,80.15
71.65,71.65,28.74,64.56,78.69
70.59,70.59,25.31,67.14,75.57
70.10,70.10,20.57,67.41,76.80
70.85,70.85,18.15,66.62,77.15
65.58,65.58,16.38,64.80,76.53
69.39,69.39,17.58,64.65,79.43
65.37,65.37,15.52,63.49,79.00
69.07,69.07,12.03,62.26,79.09
65.31,65.31,15.68,61.54,78.40
66.57,66.57,15.52,61.67,79.20
65.30,65.30,21.04,61.76,79.38
63.74,63.74,23.15,60.16,78.72
65.42,65.42,24.12,60.40,78.68
62.41,62.41,19.84,60.62,79.01
61.51,61.51,20.88,61.42,81.50
58.37,58.37,20.54,59.58,82.60
58.86,58.86,27.66,58.41,83.56
56.22,56.22,29.24,58.25,81.57
56.23,56.23,32.35,58.17,83.87
56.04,56.04,35.64,57.91,81.45
56.27,56.27,33.20,57.66,83.60
57.16,57.16,40.02,55.87,82.31
55.80,55.80,39.12,56.91,82.83
60.02,60.02,34.42,59.23,81.96
66.87,66.87,38.48,65.04,79.69
77.45,77.45,46.79,65.24,81.19
84.55,84.55,47.72,74.90,85.86
81.55,81.55,48.80,78.15,82.04
79.33,79.33,46.49,71.27,80.38
77.95,77.95,44.49,73.32,79.07
75.94,75.94,42.94,72.15,77.61
71.57,71.57,34.67,73.03,76.86
68.24,68.24,34.32,72.11,76.85
73.61,73.61,47.18,72.52,80.92
78.06,78.06,49.82,70.63,83.34
80.35,80.35,49.88,71.57,80.32
80.65,80.65,47.26,70.88,81.49
79.50,79.50,41.79,70.87,79.67
78.11,78.11,38.68,73.92,81.28
78.58,78.58,39.60,72.61,80.96
76.18,76.18,36.87,73.07,80.66
73.77,73.77,34.72,73.05,82.07
74.88,74.88,32.96,70.21,82.01
72.56,72.56,36.08,74.97,82.18
77.77,77.77,42.17,67.40,79.44
83.05,83.05,41.97,74.05,79.80
81.78,81.78,38.60,67.89,80.50
79.77,79.77,34.29,76.13,79.28
85.23,85.23,32.13,71.37,81.78
79.23,79.23,33.77,75.99,81.51
75.30,75.30,35.17,72.75,82.45
76.55,76.55,37.89,76.95,82.28
80.65,80.65,39.81,71.27,81.49
85.17,85.17,44.52,75.09,83.80
77.61,77.61,47.33,76.41,83.46
76.26,76.26,48.48,75.14,83.95
77.06,77.06,46.43,78.32,83.29
79.25,79.25,44.04,75.21,84.77
75.82,75.82,33.81,76.96,85.65
73.87,73.87,35.37,71.39,84.94
72.10,72.10,33.81,77.37,83.38
71.95,71.95,28.37,74.18,83.79
72.43,72.43,31.19,79.05,85.66
72.88,72.88,29.75,75.96,82.63
73.07,73.07,24.39,79.86,87.13
73.75,73.75,24.33,77.48,83.77
69.16,69.16,26.32,79.24,86.72
70.66,70.66,31.46,77.95,84.07
68.80,68.80,29.93,78.37,86.92
68.93,68.93,28.84,78.36,81.47
68.69,68.69,25.83,79.36,84.68
65.19,65.19,16.19,79.95,81.06
65.87,65.87,8.94,76.48,82.74
65.45,65.45,10.33,76.27,83.92
63.99,63.99,7.04,74.41,84.06
64.63,64.63,6.10,73.54,82.04
58.75,58.75,6.70,71.27,80.64
53.13,53.13,7.71,69.41,77.86
55.94,55.94,4.77,65.29,76.98
56.02,56.02,3.54,69.63,77.66
56.20,56.20,2.80,71.30,75.46
57.93,57.93,1.72,69.47,75.84
58.16,58.16,2.08,73.88,75.19
57.23,57.23,3.21,74.76,73.26
55.65,55.65,4.15,70.46,74.69
55.03,55.03,3.09,73.17,72.67
50.66,50.66,7.10,72.71,69.68
45.99,45.99,7.84,54.97,65.77
43.36,43.36,5.46,41.69,68.71
44.76,44.76,1.80,35.84,76.17
46.66,46.66,1.62,35.31,75.47
46.55,46.55,1.62,27.67,78.57
45.94,45.94,1.77,27.30,77.56
46.09,46.09,7.31,26.82,75.43
45.04,45.04,12.41,20.77,74.06
47.79,47.79,12.98,21.38,74.96
43.30,43.30,17.35,26.52,72.78
44.01,44.01,17.61,23.52,72.22
46.19,46.19,13.28,22.82,71.09
47.20,47.20,8.57,23.65,73.26
44.25,44.25,15.04,23.79,72.83
43.73,43.73,24.05,21.88,72.75
43.08,43.08,24.41,22.14,72.13
44.08,44.08,19.57,25.26,71.59
43.77,43.77,30.66,23.01,72.04
41.80,41.80,29.81,23.47,70.47
39.38,39.38,23.71,22.12,69.76
39.57,39.57,31.66,24.63,72.05
39.75,39.75,30.85,23.07,70.81
39.28,39.28,26.53,24.69,70.62
36.45,36.45,36.49,24.71,69.59
37.08,37.08,33.73,22.49,68.73
35.94,35.94,29.22,25.17,68.53
34.57,34.57,35.52,26.00,69.21
34.55,34.55,34.44,24.49,68.67
35.88,35.88,33.10,25.64,68.75
37.99,37.99,32.69,23.44,69.08
38.19,38.19,30.14,23.30,68.10
37.54,37.54,35.75,26.69,68.85
35.55,35.55,34.57,24.81,66.79
32.68,32.68,33.07,23.64,67.68
30.23,30.23,34.23,23.27,67.97
25.18,25.18,30.54,23.06,68.31
15.89,15.89,34.13,22.27,68.91
7.20,7.20,31.54,21.96,72.63
5.97,5.97,28.34,15.65,74.61
15.28,15.28,32.42,16.46,74.40
18.47,18.47,35.11,16.84,75.52
22.37,22.37,34.32,19.78,72.36
22.55,22.55,39.05,20.79,72.60
23.47,23.47,36.08,21.72,72.65
24.12,24.12,35.27,21.58,71.79
25.11,25.11,38.16,22.26,71.89
24.70,24.70,33.24,20.35,72.22
27.37,27.37,33.83,21.57,73.28
24.14,24.14,33.22,19.11,72.01
23.44,23.44,34.67,20.63,72.22
25.36,25.36,38.25,18.61,72.34
23.79,23.79,34.03,19.38,71.14
25.02,25.02,39.01,19.43,72.76
24.66,24.66,40.44,15.84,71.64
24.87,24.87,38.43,18.78,71.32
25.21,25.21,38.42,17.38,71.81
24.86,24.86,38.87,17.14,71.79
25.96,25.96,39.08,17.03,71.98
26.42,26.42,39.52,17.95,69.99
27.84,27.84,36.53,15.80,70.63
29.39,29.39,34.31,17.34,70.54
24.61,24.61,30.74,16.92,67.59
25.83,25.83,37.88,14.49,70.70
24.16,24.16,29.92,11.64,71.40
23.05,23.05,36.39,13.63,71.30
16.70,16.70,41.24,15.01,72.61
14.29,14.29,35.83,11.73,73.62
20.81,20.81,33.49,9.71,72.85
18.73,18.73,38.93,10.68,73.66
12.06,12.06,40.63,6.93,75.85
10.47,10.47,35.13,6.83,73.20
7.70,7.70,36.46,8.42,76.36
11.28,11.28,36.20,5.88,75.51
12.74,12.74,38.06,6.64,76.63
15.06,15.06,24.35,7.26,79.84
16.58,16.58,30.26,15.45,79.69
13.98,13.98,34.76,16.89,83.16
15.38,15.38,35.59,14.65,83.31
16.17,16.17,33.53,13.80,79.36
16.80,16.80,39.30,13.40,78.27
17.74,17.74,31.56,12.18,80.81
19.71,19.71,37.06,12.22,77.06
24.13,24.13,40.60,9.50,77.24
28.12,28.12,34.21,6.23,79.70
30.01,30.01,35.28,4.96,76.98
30.58,30.58,35.38,8.40,75.62
29.18,29.18,35.74,9.66,77.33
28.26,28.26,38.29,6.87,76.38
27.37,27.37,36.49,3.86,73.06
26.74,26.74,30.35,7.12,74.63
25.01,25.01,34.62,13.35,75.49
23.64,23.64,31.86,13.11,73.18
24.76,24.76,35.07,9.61,73.20
26.39,26.39,34.42,6.10,73.68
26.36,26.36,38.94,6.91,72.54
25.90,25.90,37.47,7.10,73.68
24.47,24.47,31.56,5.05,75.08
19.47,19.47,34.40,3.64,74.43
19.39,19.39,33.95,3.16,74.27
16.86,16.86,32.11,12.22,79.76
13.11,13.11,27.56,12.78,81.84
10.01,10.01,24.87,10.18,80.50
12.42,12.42,26.52,12.46,81.62
17.82,17.82,23.28,7.33,79.75
23.35,23.35,28.61,11.08,82.06
24.46,24.46,35.86,11.02,81.90
26.08,26.08,29.56,8.82,81.31
26.94,26.94,35.92,15.96,79.27
24.56,24.56,39.34,14.95,78.09
25.42,25.42,33.75,16.10,79.46
25.26,25.26,36.49,15.11,77.14
24.40,24.40,34.46,15.03,78.15
25.87,25.87,38.50,14.50,78.83
22.36,22.36,37.83,11.58,77.52
22.26,22.26,34.41,11.87,78.33
24.21,24.21,35.58,15.12,77.64
25.66,25.66,32.84,15.53,76.69
27.42,27.42,33.44,16.20,76.51
30.14,30.14,32.03,13.73,76.39
29.86,29.86,29.20,11.92,76.47
30.42,30.42,32.92,10.15,76.68
35.02,35.02,29.30,12.86,76.71
42.14,42.14,34.43,14.47,77.44
48.05,48.05,34.40,12.23,79.94
44.61,44.61,33.78,9.04,79.10
44.29,44.29,33.74,7.30,78.50
49.06,49.06,35.34,2.26,75.82
53.06,53.06,32.91,4.37,76.72
62.10,62.10,45.92,16.79,67.47
66.90,66.90,49.57,35.78,72.11
72.02,72.02,48.42,49.31,77.54
73.95,73.95,48.77,52.24,82.55
74.63,74.63,48.21,67.91,82.31
80.48,80.48,45.48,71.37,80.54
81.89,81.89,44.00,71.05,79.79
79.44,79.44,42.05,70.72,78.61
75.20,75.20,40.80,71.23,77.54
78.14,78.14,40.09,71.45,78.16
81.26,81.26,36.46,71.25,79.40
78.61,78.61,36.89,73.00,80.60
67.27,67.27,36.04,73.02,78.13
66.51,66.51,43.20,73.61,80.18
69.08,69.08,44.24,72.53,78.40
67.72,67.72,50.94,73.58,80.89
70.88,70.88,61.21,72.43,79.16
71.14,71.14,69.22,69.19,78.17
68.75,68.75,75.00,66.97,71.18
69.88,69.88,93.45,78.37,74.51
65.93,65.93,90.33,83.30,74.90
68.75,68.75,84.03,84.78,76.21
80.06,80.06,85.08,85.79,79.35
81.00,81.00,79.95,86.21,78.66
78.58,78.58,78.65,86.05,80.59
75.02,75.02,72.54,86.36,80.92
77.11,77.11,74.98,85.84,80.53
76.38,76.38,76.73,85.41,80.02
72.36,72.36,74.63,87.56,79.20
73.78,73.78,71.71,88.49,79.13
75.33,75.33,67.03,88.39,77.36
73.11,73.11,65.62,88.33,78.52
66.45,66.45,65.24,88.23,78.38
64.40,64.40,64.97,88.51,79.35
63.60,63.60,57.47,88.33,74.90
63.79,63.79,61.72,87.83,78.97
63.68,63.68,70.22,86.47,75.23
61.70,61.70,81.56,81.68,77.57
59.67,59.67,92.24,76.01,76.81
59.58,59.58,87.89,78.14,78.96
61.45,61.45,88.67,81.35,72.31
63.09,63.09,84.73,82.97,74.94
66.04,66.04,86.61,83.18,75.63
65.30,65.30,75.36,84.34,75.09
64.07,64.07,79.67,84.45,75.46
65.45,65.45,79.25,85.24,77.29
65.43,65.43,76.50,83.82,75.44
61.11,61.11,72.86,83.74,76.03
66.29,66.29,73.13,85.04,78.04
67.87,67.87,69.51,85.78,78.43
68.08,68.08,64.74,86.00,79.87
68.36,68.36,63.32,86.73,76.38
69.92,69.92,56.53,86.82,76.19
67.10,67.10,54.91,86.48,74.62
65.04,65.04,63.63,86.56,75.27
63.18,63.18,73.54,85.89,75.35
62.06,62.06,86.20,82.82,78.44
57.31,57.31,86.81,78.48,79.43
59.09,59.09,82.88,81.38,80.87
57.49,57.49,76.00,82.53,82.23
59.43,59.43,75.61,83.27,83.75
62.10,62.10,71.38,83.44,85.36
62.70,62.70,68.28,83.24,85.15
62.47,62.47,64.10,83.64,83.71
58.68,58.68,64.29,83.17,83.49
53.45,53.45,68.70,82.00,82.62
52.15,52.15,75.93,79.05,84.60
54.66,54.66,89.47,78.42,81.47
47.38,47.38,90.34,79.60,81.38
48.00,48.00,84.67,82.36,80.66
47.30,47.30,88.30,83.20,81.95
47.20,47.20,84.42,82.39,81.09
46.17,46.17,83.19,81.74,81.00
46.44,46.44,74.19,83.25,78.79
49.60,49.60,73.58,83.69,80.02
54.52,54.52,75.43,82.75,77.53
55.03,55.03,71.51,80.81,79.06
55.62,55.62,74.02,79.68,80.98
58.05,58.05,70.17,80.48,81.82
55.81,55.81,64.28,82.11,82.62
54.60,54.60,54.86,82.29,83.52
51.79,51.79,63.19,82.05,83.14
56.90,56.90,64.09,82.49,83.52
55.64,55.64,64.23,82.36,81.51
55.87,55.87,65.12,82.53,80.65
53.99,53.99,74.16,82.64,79.99
52.78,52.78,79.64,81.65,78.13
46.24,46.24,76.14,81.85,78.47
49.86,49.86,73.76,82.14,79.59
52.22,52.22,68.81,82.26,80.98
52.69,52.69,64.32,81.15,81.58
49.87,49.87,64.20,81.29,82.64
49.36,49.36,64.98,82.42,81.92
54.63,54.63,73.74,81.70,84.02
59.44,59.44,71.03,80.42,83.99
55.70,55.70,66.15,80.80,85.23
53.86,53.86,63.05,81.00,83.88
55.25,55.25,53.27,81.28,85.15
55.70,55.70,47.60,81.42,85.47
59.12,59.12,43.01,80.06,86.88
63.04,63.04,42.53,80.56,86.76
65.42,65.42,49.07,81.16,83.01
63.91,63.91,62.46,80.97,81.96
66.50,66.50,73.50,80.86,79.82
66.43,66.43,80.36,79.61,77.86
78.27,78.27,81.69,78.80,79.25
86.56,86.56,74.07,78.31,78.30
78.03,78.03,70.78,79.03,78.49
81.81,81.81,71.28,79.17,80.69
77.54,77.54,72.39,75.26,80.27
70.47,70.47,80.25,69.92,78.90
64.03,64.03,92.85,71.69,77.59
65.19,65.19,90.71,70.48,76.76
68.77,68.77,92.11,68.91,77.88
74.19,74.19,86.61,68.59,78.49
75.79,75.79,82.91,70.77,78.81
80.18,80.18,84.98,78.01,76.57
79.90,79.90,83.58,81.64,76.04
75.43,75.43,80.44,84.37,77.86
72.02,72.02,73.62,82.17,77.65
72.61,72.61,76.51,78.84,78.94
69.38,69.38,75.51,78.41,79.72
68.98,68.98,74.16,79.21,79.94
72.81,72.81,70.11,78.84,79.73
78.82,78.82,67.97,77.00,76.49
82.56,82.56,56.84,75.22,80.85
77.65,77.65,55.27,76.32,77.64
68.99,68.99,61.22,76.56,80.57
65.42,65.42,70.23,73.95,78.11
70.71,70.71,81.30,72.20,84.13
67.84,67.84,84.04,73.91,85.11
66.98,66.98,82.52,73.01,88.32
66.12,66.12,78.22,76.19,86.08
68.70,68.70,76.51,78.48,87.59
69.14,69.14,72.63,80.35,87.71
69.26,69.26,68.08,80.86,85.67
68.75,68.75,62.41,81.11,85.88
71.23,71.23,57.32,81.32,85.84
68.12,68.12,54.91,81.52,85.56
68.25,68.25,52.89,80.64,87.59
68.41,68.41,51.36,80.30,85.61
73.40,73.40,47.09,80.92,86.18
79.08,79.08,44.53,80.12,85.40
77.56,77.56,41.06,80.72,86.75
71.92,71.92,41.08,80.96,84.69
63.86,63.86,40.55,79.85,85.25
65.95,65.95,44.71,78.94,82.89
69.49,69.49,54.45,78.24,84.52
74.17,74.17,62.28,77.87,81.68
72.16,72.16,59.31,79.74,82.19
73.73,73.73,56.58,82.13,82.53
72.17,72.17,51.72,82.80,86.25
69.65,69.65,45.74,80.63,85.80
73.06,73.06,53.35,76.97,86.09
74.13,74.13,51.87,76.97,84.20
66.98,66.98,50.88,74.14,83.15
61.89,61.89,48.94,68.44,79.84
59.10,59.10,57.46,63.56,77.21
56.62,56.62,68.61,64.16,79.28
60.21,60.21,77.75,67.31,77.67
63.11,63.11,82.96,67.08,76.12
68.72,68.72,77.89,64.96,78.56
73.19,73.19,77.06,63.40,76.96
74.42,74.42,72.98,59.66,76.74
73.36,73.36,74.40,57.83,75.42
65.67,65.67,79.08,59.86,79.82
65.94,65.94,93.21,68.02,74.66
65.64,65.64,94.02,66.76,74.79
71.11,71.11,86.14,59.95,83.37
70.44,70.44,85.70,64.15,79.93
71.34,71.34,80.51,70.37,82.37
72.62,72.62,83.62,69.47,85.52
72.72,72.72,82.68,66.95,81.38
72.17,72.17,77.33,68.94,84.48
70.34,70.34,77.51,63.63,79.65
68.11,68.11,74.51,72.34,80.81
67.60,67.60,75.45,72.20,83.96
64.97,64.97,72.77,61.57,80.80
66.09,66.09,65.56,67.30,82.72
67.64,67.64,64.70,67.70,82.76
69.01,69.01,67.07,69.49,83.05
70.06,70.06,52.90,64.66,83.68
64.90,64.90,62.72,65.32,79.53
59.12,59.12,67.65,58.27,78.53
57.21,57.21,76.79,56.39,76.47
61.39,61.39,93.32,69.45,78.01
58.95,58.95,94.08,71.10,76.43
65.45,65.45,84.58,81.06,80.58
66.33,66.33,84.12,84.56,84.55
67.55,67.55,82.59,85.00,85.61
64.38,64.38,82.12,84.81,81.99
65.28,65.28,76.67,88.14,83.49
65.22,65.22,77.94,88.34,82.12
66.32,66.32,77.23,87.59,77.15
68.90,68.90,71.88,87.44,82.57
69.11,69.11,72.36,85.77,82.99
68.38,68.38,70.08,88.03,77.00
68.58,68.58,69.05,87.66,79.42
70.68,70.68,66.09,85.48,82.45
69.49,69.49,61.88,86.89,80.12
68.07,68.07,58.17,87.22,81.44
67.26,67.26,65.04,87.01,82.38
68.36,68.36,74.35,86.70,78.61
67.79,67.79,79.99,83.82,80.66
63.29,63.29,90.59,80.62,78.89
65.13,65.13,86.40,83.04,82.48
67.75,67.75,79.88,83.79,82.81
68.33,68.33,75.58,85.12,83.46
66.45,66.45,73.13,86.31,82.99
59.84,59.84,69.13,85.18,81.67
53.21,53.21,64.19,85.44,80.43
47.49,47.49,58.81,84.31,81.41
44.75,44.75,60.50,85.36,81.04
42.21,42.21,72.77,82.14,81.71
40.78,40.78,83.06,73.16,80.36
40.40,40.40,93.39,73.57,77.54
40.20,40.20,93.33,74.18,77.35
39.88,39.88,85.08,81.78,77.31
40.54,40.54,87.45,82.67,80.74
44.46,44.46,79.10,82.23,77.47
40.64,40.64,82.68,82.91,78.12
43.42,43.42,80.81,82.55,75.58
45.85,45.85,77.53,81.88,75.49
44.18,44.18,72.55,82.90,75.15
43.41,43.41,68.99,83.96,76.06
40.32,40.32,73.05,81.54,74.21
40.39,40.39,69.59,82.24,76.24
40.16,40.16,61.88,82.35,76.40
38.17,38.17,64.57,83.99,76.16
40.42,40.42,64.26,82.73,76.01
46.26,46.26,57.75,79.50,76.76
45.99,45.99,66.21,78.81,76.93
49.70,49.70,67.78,78.11,79.19
59.62,59.62,85.25,75.95,80.94
58.95,58.95,83.48,77.60,80.47
61.08,61.08,78.49,77.98,80.04
62.66,62.66,72.46,79.41,82.66
59.72,59.72,63.49,77.71,82.21
57.41,57.41,61.05,78.67,83.14
56.19,56.19,61.71,79.58,82.93
53.90,53.90,72.70,79.46,82.56
50.13,50.13,70.45,77.36,82.24
45.21,45.21,62.83,77.20,82.62
44.61,44.61,58.19,77.28,79.51
40.76,40.76,56.10,78.91,79.15
41.70,41.70,50.87,76.98,79.95
40.20,40.20,49.51,76.72,77.03
40.93,40.93,52.82,77.41,77.35
45.05,45.05,49.67,77.67,77.72
49.43,49.43,53.89,75.74,75.30
56.78,56.78,63.48,74.91,72.94
66.78,66.78,73.58,75.74,75.97
73.31,73.31,80.94,74.68,80.39
75.80,75.80,79.11,76.00,80.13
76.21,76.21,72.63,76.15,75.10
75.69,75.69,69.04,74.57,76.52
72.17,72.17,76.36,70.19,77.31
66.02,66.02,82.18,69.30,74.97
58.87,58.87,93.32,68.67,73.96
61.13,61.13,93.17,63.12,73.00
69.16,69.16,83.06,61.38,78.95
73.53,73.53,86.26,68.14,77.43
77.00,77.00,87.40,62.33,76.10
74.08,74.08,73.73,58.20,77.54
75.28,75.28,82.69,63.10,75.88
77.28,77.28,82.92,73.16,78.68
74.56,74.56,77.97,75.29,80.09
69.64,69.64,76.28,77.13,79.62
63.88,63.88,74.87,75.53,81.22
64.84,64.84,72.89,73.30,77.93
72.91,72.91,67.94,75.39,79.27
76.45,76.45,67.91,75.36,78.20
74.49,74.49,66.09,72.79,75.18
79.14,79.14,65.37,72.17,77.02
80.19,80.19,65.64,72.17,74.34
75.15,75.15,71.37,71.13,75.45
70.02,70.02,83.12,70.23,77.93
66.78,66.78,83.73,72.45,83.37
67.24,67.24,78.92,73.11,86.31
70.43,70.43,77.11,73.96,84.44
64.35,64.35,74.58,70.79,86.27
64.89,64.89,71.26,69.97,87.98
67.68,67.68,70.10,72.05,85.97
70.72,70.72,66.13,74.21,86.75
68.44,68.44,61.24,72.07,85.23
67.14,67.14,60.27,71.10,84.28
72.22,72.22,60.49,72.13,84.23
66.10,66.10,56.85,73.55,84.42
68.34,68.34,53.16,70.51,84.13
69.60,69.60,49.02,68.75,82.90
78.57,78.57,48.58,70.00,83.73
72.56,72.56,50.33,72.47,83.91
64.81,64.81,52.26,72.95,82.64
66.13,66.13,49.09,71.31,85.65
65.22,65.22,53.68,70.52,84.46
61.41,61.41,70.11,71.24,82.81
65.73,65.73,70.34,70.60,82.77
69.13,69.13,65.52,74.30,80.81
70.87,70.87,60.27,74.59,81.74
70.06,70.06,55.92,77.91,86.34
69.54,69.54,53.82,76.58,86.54
69.52,69.52,53.25,77.72,85.25
72.40,72.40,52.81,78.21,86.58
72.84,72.84,53.49,76.90,84.61
69.68,69.68,63.06,78.57,84.95
70.61,70.61,68.71,80.17,82.67
65.95,65.95,82.56,79.62,81.08
65.04,65.04,78.68,79.08,81.49
68.69,68.69,70.63,76.42,79.14
65.68,65.68,66.75,75.46,79.78
64.27,64.27,65.40,76.15,80.61
63.08,63.08,73.83,75.04,84.52
59.79,59.79,84.54,70.11,81.17
56.67,56.67,94.23,72.08,78.65
56.36,56.36,88.55,79.42,78.57
59.14,59.14,88.57,84.59,76.87
70.72,70.72,84.54,85.20,78.88
64.95,64.95,79.98,87.17,79.92
59.06,59.06,82.06,87.93,78.05
58.25,58.25,73.79,85.50,81.49
54.49,54.49,77.29,84.13,79.89
54.31,54.31,71.22,86.55,80.47
56.48,56.48,72.48,89.09,76.59
54.03,54.03,70.42,89.61,77.14
52.30,52.30,68.86,89.60,75.56
49.37,49.37,62.60,89.08,76.67
52.12,52.12,59.79,88.84,79.22
58.54,58.54,67.12,88.73,81.94
57.44,57.44,52.05,88.05,80.73
54.98,54.98,61.74,87.53,80.50
49.56,49.56,75.53,86.41,78.87
46.02,46.02,88.25,82.71,72.91
41.66,41.66,90.00,79.95,71.09
43.73,43.73,86.33,79.83,71.84
44.85,44.85,85.54,79.28,75.15
41.62,41.62,85.31,82.78,75.54
39.98,39.98,84.29,81.31,76.26
40.02,40.02,69.11,85.69,76.94
44.92,44.92,77.91,85.41,73.63
42.91,42.91,80.05,86.15,74.02
48.93,48.93,76.63,86.58,73.97
49.01,49.01,66.51,87.24,74.98
48.12,48.12,68.89,87.37,73.97
47.22,47.22,66.38,87.28,74.74
49.82,49.82,61.64,86.94,76.28
52.11,52.11,60.50,87.44,75.23
53.20,53.20,49.68,87.16,74.91
53.02,53.02,51.57,86.24,74.48
59.25,59.25,60.66,86.77,73.04
57.74,57.74,72.73,86.66,73.15
50.58,50.58,84.29,84.98,78.73
52.46,52.46,81.40,84.67,79.44
46.16,46.16,83.17,84.20,79.41
46.81,46.81,81.23,84.16,83.14
44.30,44.30,78.67,84.46,82.70
44.81,44.81,73.74,83.93,84.52
44.37,44.37,68.73,83.77,83.51
41.74,41.74,64.46,84.26,83.15
38.38,38.38,60.22,83.85,81.27
31.06,31.06,69.11,82.47,83.05
26.48,26.48,77.50,77.15,82.34
24.39,24.39,92.73,77.60,79.92
21.51,21.51,92.70,79.22,77.86
22.58,22.58,83.65,76.26,80.92
23.64,23.64,86.72,81.43,80.35
26.07,26.07,81.15,82.73,80.70
30.85,30.85,79.19,81.60,81.60
31.32,31.32,75.25,82.47,79.93
37.73,37.73,74.62,83.43,81.43
40.89,40.89,75.84,82.09,79.29
42.19,42.19,73.34,80.15,82.76
40.59,40.59,70.04,81.12,83.42
37.87,37.87,66.97,79.76,82.53
35.59,35.59,61.94,81.94,83.60
37.58,37.58,57.24,83.13,81.58
35.14,35.14,62.85,83.97,82.46
34.22,34.22,63.36,84.28,82.07
37.49,37.49,60.43,83.63,82.64
40.00,40.00,65.86,83.21,82.24
39.45,39.45,75.45,82.51,82.62
39.03,39.03,74.00,82.41,78.99
35.89,35.89,69.08,83.99,79.90
35.80,35.80,64.53,84.02,79.64
38.63,38.63,58.75,84.30,79.06
42.73,42.73,56.75,83.26,76.45
44.85,44.85,55.25,83.26,79.55
55.12,55.12,59.14,82.94,78.86
67.54,67.54,73.12,82.21,80.37
66.89,66.89,69.72,82.92,81.53
70.30,70.30,62.26,82.03,81.33
77.54,77.54,55.48,82.13,80.53
77.09,77.09,47.12,76.40,82.03
78.43,78.43,43.55,79.25,81.32
75.05,75.05,40.00,79.73,83.06
70.91,70.91,38.42,80.00,80.45
65.81,65.81,40.12,80.67,83.15
63.11,63.11,49.50,79.45,80.80
61.99,61.99,60.17,79.68,79.89
67.47,67.47,68.92,79.42,81.87
80.70,80.70,75.38,77.38,82.46
74.11,74.11,81.82,78.10,83.64
74.74,74.74,74.97,79.77,78.38
75.14,75.14,68.44,78.59,75.51
71.30,71.30,70.50,77.90,77.54
67.05,67.05,90.07,77.49,79.75
62.66,62.66,89.18,79.12,76.82
64.18,64.18,91.33,75.12,76.75
68.62,68.62,88.79,77.34,75.72
72.61,72.61,87.13,72.76,80.37
73.10,73.10,81.02,73.90,80.04
72.55,72.55,83.61,76.73,80.72
73.68,73.68,82.50,74.85,82.14
74.43,74.43,80.26,73.87,81.80
74.60,74.60,76.61,78.16,81.56
74.21,74.21,76.32,79.32,80.30
69.23,69.23,73.47,78.94,75.29
70.31,70.31,68.64,78.14,79.07
77.33,77.33,67.64,77.42,78.11
79.43,79.43,61.89,75.95,76.93
76.16,76.16,49.97,73.60,75.31
77.26,77.26,55.42,74.40,77.84
77.86,77.86,64.31,75.05,78.01
70.20,70.20,71.42,73.41,78.77
66.13,66.13,85.96,73.74,81.07
65.73,65.73,89.86,73.24,83.18
69.32,69.32,84.21,70.75,80.30
68.24,68.24,80.18,75.54,83.73
66.71,66.71,77.84,76.40,85.24
67.83,67.83,72.18,75.77,82.39
66.08,66.08,67.43,74.70,84.30
69.60,69.60,62.36,74.11,83.51
66.39,66.39,59.08,70.98,82.42
66.33,66.33,57.59,73.92,82.51
65.93,65.93,54.80,70.61,83.30
62.42,62.42,51.50,69.41,81.68
62.49,62.49,46.35,72.39,85.30
60.79,60.79,49.49,72.29,83.32
60.98,60.98,46.67,73.28,85.31
59.57,59.57,46.11,70.38,83.87
55.35,55.35,49.86,75.06,85.77
58.34,58.34,56.16,73.40,83.74
57.34,57.34,60.89,74.49,87.08
68.94,68.94,71.54,77.78,85.91
71.07,71.07,70.37,78.62,81.52
70.97,70.97,66.40,77.72,82.80
74.47,74.47,61.40,75.45,79.69
74.20,74.20,61.72,81.04,82.60
72.59,72.59,62.05,79.37,78.87
80.35,80.35,65.53,74.82,80.44
80.59,80.59,66.75,76.97,80.29
78.05,78.05,65.45,67.66,79.12
84.23,84.23,64.85,67.39,81.77
83.67,83.67,75.32,63.42,80.77
79.56,79.56,76.70,57.84,75.94
70.43,70.43,78.99,65.53,74.25
61.92,61.92,80.20,70.61,76.51
62.78,62.78,72.61,68.88,76.57
64.19,64.19,66.17,63.65,72.72
65.37,65.37,74.62,65.15,74.10
67.25,67.25,79.94,73.83,75.14
62.40,62.40,92.82,78.57,75.69
65.64,65.64,88.22,81.78,76.70
67.23,67.23,86.74,81.56,81.82
80.56,80.56,80.75,79.24,80.57
82.85,82.85,79.81,78.58,81.09
82.76,82.76,86.07,82.25,87.56
83.07,83.07,84.43,78.75,81.65
83.72,83.72,74.74,75.04,82.67
84.10,84.10,74.88,61.46,84.02
82.82,82.82,74.84,62.05,85.69
82.97,82.97,73.63,54.72,83.09
83.03,83.03,74.31,58.55,82.67
79.41,79.41,69.69,51.01,82.86
68.77,68.77,67.52,48.09,82.99
74.21,74.21,61.13,45.08,79.98
75.76,75.76,63.10,52.54,81.47
73.57,73.57,62.98,48.87,81.83
70.07,70.07,70.45,57.43,79.01
65.00,65.00,89.73,69.20,76.28
63.22,63.22,92.04,75.21,78.00
60.87,60.87,86.59,82.35,74.62
62.23,62.23,84.80,83.98,72.39
62.50,62.50,80.28,85.83,75.45
63.59,63.59,87.87,84.08,74.12
65.38,65.38,82.00,82.46,76.78
65.43,65.43,83.18,85.13,76.10
64.67,64.67,71.30,88.33,76.35
67.60,67.60,65.11,80.11,80.23
68.12,68.12,69.80,79.67,78.64
65.25,65.25,72.41,84.67,78.73
68.78,68.78,70.59,80.32,79.83
70.03,70.03,63.37,76.02,77.01
68.44,68.44,55.27,85.92,79.34
68.20,68.20,66.43,79.30,81.46
67.64,67.64,54.45,77.06,76.31
66.33,66.33,69.19,84.99,76.74
61.77,61.77,78.50,81.19,76.49
65.73,65.73,85.05,75.36,79.08
61.64,61.64,83.51,80.54,78.36
63.15,63.15,79.94,83.88,80.29
66.38,66.38,77.68,76.04,82.01
66.78,66.78,78.22,80.44,82.69
64.17,64.17,74.74,83.38,80.38
66.89,66.89,68.31,80.36,83.03
63.42,63.42,72.47,81.62,83.13
57.33,57.33,67.56,82.63,82.00
50.50,50.50,70.51,77.78,81.32
48.89,48.89,78.24,71.51,81.95
51.98,51.98,93.46,76.00,79.82
47.46,47.46,92.81,77.50,77.04
45.84,45.84,79.10,78.00,80.65
44.66,44.66,88.53,82.66,78.20
41.62,41.62,79.19,83.16,80.06
43.28,43.28,80.66,82.01,79.17
44.75,44.75,78.04,79.45,81.10
46.45,46.45,77.76,80.50,79.20
46.00,46.00,76.82,81.40,80.34
50.35,50.35,73.31,80.08,81.63
48.08,48.08,74.22,78.85,75.12
45.80,45.80,65.86,77.12,77.94
52.00,52.00,56.04,78.31,77.68
51.05,51.05,60.42,77.87,76.05
47.31,47.31,62.74,77.22,77.47
42.12,42.12,58.03,75.52,77.48
44.26,44.26,60.68,74.68,77.63
39.80,39.80,67.28,72.90,78.79
44.46,44.46,77.60,72.42,77.27
44.57,44.57,80.23,73.28,80.57
40.88,40.88,79.18,70.52,77.67
35.86,35.86,74.18,61.76,78.60
39.54,39.54,70.14,70.12,79.26
39.21,39.21,69.00,70.21,78.54
34.53,34.53,68.82,68.15,80.78
32.73,32.73,65.22,71.58,84.00
33.70,33.70,73.41,72.64,82.72
34.14,34.14,72.93,71.67,84.12
34.27,34.27,64.85,71.74,86.24
30.03,30.03,56.73,73.07,85.18
28.02,28.02,53.43,72.33,83.06
31.07,31.07,50.03,71.52,83.90
33.49,33.49,46.47,72.62,82.13
33.60,33.60,54.14,73.71,82.44
30.76,30.76,48.03,69.87,81.87
29.17,29.17,56.33,74.51,80.00
23.90,23.90,64.48,72.48,79.09
11.61,11.61,79.30,69.22,79.82
7.11,7.11,80.19,72.32,77.72
10.55,10.55,75.41,70.36,77.18
19.86,19.86,67.88,69.25,78.24
21.79,21.79,66.76,70.94,75.97
16.62,16.62,68.78,64.41,75.41
10.53,10.53,77.58,51.92,75.10
14.27,14.27,93.94,59.98,74.71
17.10,17.10,94.84,62.96,73.93
20.52,20.52,91.53,63.39,72.15
21.69,21.69,83.97,62.42,75.82
20.23,20.23,84.33,62.75,76.30
23.95,23.95,87.37,68.25,77.43
23.39,23.39,83.46,70.23,79.14
19.85,19.85,76.86,68.98,80.95
16.63,16.63,75.08,67.06,79.41
18.00,18.00,78.29,66.15,82.73
21.95,21.95,77.53,65.05,82.12
22.68,22.68,73.23,61.00,82.05
22.69,22.69,65.36,56.94,81.16
20.35,20.35,69.90,59.30,80.95
24.97,24.97,66.96,61.10,79.46
23.25,23.25,67.07,65.75,79.55
20.80,20.80,66.92,62.46,79.03
19.06,19.06,71.40,66.46,77.79
20.62,20.62,89.36,67.86,78.91
26.15,26.15,89.59,60.68,83.22
34.53,34.53,84.79,61.65,85.13
29.38,29.38,80.03,61.92,81.41
26.63,26.63,75.65,61.34,84.97
25.22,25.22,70.47,66.13,85.19
27.30,27.30,65.34,63.57,84.35
34.37,34.37,65.47,66.38,83.10
28.66,28.66,62.63,65.43,82.18
30.76,30.76,55.99,59.39,82.45
35.46,35.46,53.28,61.26,81.92
37.53,37.53,52.16,64.43,82.41
37.53,37.53,55.55,64.29,80.94
40.14,40.14,50.75,65.38,82.22
39.05,39.05,52.99,63.33,80.56
35.67,35.67,39.01,62.66,81.96
40.72,40.72,42.48,55.09,80.53
50.49,50.49,46.77,64.92,81.21
62.30,62.30,58.17,64.55,80.83
74.12,74.12,68.68,58.36,85.02
78.91,78.91,65.34,60.06,80.28
75.28,75.28,60.98,69.21,79.45
74.77,74.77,54.64,76.28,80.70
79.83,79.83,50.26,79.04,84.04
75.99,75.99,48.35,81.34,83.68
79.60,79.60,45.13,80.70,85.57
74.84,74.84,50.97,80.83,82.07
77.41,77.41,53.15,80.57,80.03
75.41,75.41,63.27,80.79,80.43
62.59,62.59,68.45,81.16,79.59
61.14,61.14,76.84,81.98,79.72
63.88,63.88,72.52,82.58,80.60
65.89,65.89,66.04,81.88,78.33
67.52,67.52,70.34,82.48,81.23
69.91,69.91,70.75,79.98,83.07
71.21,71.21,72.73,78.13,81.43
73.96,73.96,80.43,79.08,79.55
71.22,71.22,92.26,79.03,73.90
73.02,73.02,91.68,76.81,73.69
79.41,79.41,85.84,73.47,77.07
77.24,77.24,85.98,79.74,71.68
78.82,78.82,82.90,82.93,78.61
76.68,76.68,77.94,81.91,77.58
76.45,76.45,81.16,75.61,79.34
76.59,76.59,83.28,74.72,78.32
76.36,76.36,75.31,67.56,82.35
75.93,75.93,75.04,66.90,79.48
75.47,75.47,73.50,60.99,79.38
68.48,68.48,68.88,61.34,78.71
70.46,70.46,64.91,64.68,81.71
72.71,72.71,62.14,62.70,78.66
77.60,77.60,58.84,63.21,80.00
76.31,76.31,61.43,54.56,77.05
69.89,69.89,64.30,60.31,78.40
71.40,71.40,74.44,68.10,76.69
71.91,71.91,90.84,78.84,75.27
70.03,70.03,85.74,81.41,71.51
71.19,71.19,90.54,82.99,75.97
67.99,67.99,90.41,83.50,71.30
72.13,72.13,76.47,81.76,75.70
71.60,71.60,83.93,83.72,71.65
68.45,68.45,80.90,81.61,78.15
68.23,68.23,82.00,79.58,76.56
71.54,71.54,79.23,85.01,77.12
72.45,72.45,75.68,85.28,74.98
71.43,71.43,69.13,82.05,76.62
73.16,73.16,73.84,85.39,74.65
74.88,74.88,69.82,85.45,77.46
72.02,72.02,64.27,84.14,76.99
73.81,73.81,66.31,82.11,78.96
73.16,73.16,65.95,85.10,75.58
74.42,74.42,67.56,85.68,77.06
70.09,70.09,70.71,79.43,73.76
68.76,68.76,79.52,83.96,73.01
66.78,66.78,87.61,79.79,76.30
69.71,69.71,84.08,77.84,78.75
70.82,70.82,82.60,80.69,79.09
72.47,72.47,80.27,81.82,79.92
74.98,74.98,75.00,81.81,79.77
72.62,72.62,68.58,79.66,80.93
72.93,72.93,65.22,82.90,79.87
71.17,71.17,66.69,83.02,80.95
59.45,59.45,64.26,79.37,80.31
57.99,57.99,71.56,82.92,79.17
54.21,54.21,76.44,80.69,79.45
54.39,54.39,91.02,83.37,75.40
52.01,52.01,85.50,82.02,77.39
51.55,51.55,86.53,81.13,78.42
47.68,47.68,88.44,78.99,78.47
45.40,45.40,80.89,80.65,77.86
47.83,47.83,81.85,82.49,76.84
55.41,55.41,80.75,80.05,76.72
60.70,60.70,77.89,77.25,78.65
67.63,67.63,76.49,83.23,77.51
68.14,68.14,71.28,81.68,77.84
61.90,61.90,71.76,81.39,74.93
62.72,62.72,58.44,80.65,77.70
62.61,62.61,54.78,82.17,75.19
63.44,63.44,63.64,82.87,77.09
62.05,62.05,62.91,79.95,76.50
59.91,59.91,60.86,82.86,76.14
54.45,54.45,61.42,81.69,75.38
49.97,49.97,66.44,81.27,76.96
47.07,47.07,77.54,83.03,75.99
48.22,48.22,77.58,80.76,74.28
39.92,39.92,73.49,82.83,75.24
37.45,37.45,69.96,80.47,77.55
37.83,37.83,64.62,81.78,76.96
36.73,36.73,61.78,82.10,78.70
39.05,39.05,59.64,80.28,78.03
37.75,37.75,60.74,82.41,78.24
36.81,36.81,75.78,80.70,80.69
34.55,34.55,70.30,81.53,79.23
33.57,33.57,63.18,81.78,77.58
28.67,28.67,57.51,81.49,78.94
30.02,30.02,50.65,81.87,78.75
29.88,29.88,54.76,80.46,76.89
30.32,30.32,57.61,81.08,75.51
30.32,30.32,60.09,81.35,75.72
31.11,31.11,59.21,80.66,73.97
29.52,29.52,57.49,81.92,72.90
27.63,27.63,70.84,79.13,74.62
27.07,27.07,81.73,80.34,73.49
22.58,22.58,79.28,79.86,73.70
18.27,18.27,71.99,78.72,75.02
20.31,20.31,65.34,80.52,72.74
19.75,19.75,63.59,77.72,75.53
19.24,19.24,68.68,76.16,75.87
21.60,21.60,85.77,76.20,74.68
24.15,24.15,92.66,76.60,73.88
24.80,24.80,88.36,78.30,75.84
24.73,24.73,89.66,76.24,75.87
22.36,22.36,86.12,71.35,79.11
22.31,22.31,87.28,69.35,76.96
23.29,23.29,79.89,72.39,78.38
21.94,21.94,83.91,77.86,76.57
22.55,22.55,79.84,78.80,76.01
22.29,22.29,80.15,76.42,76.90
22.04,22.04,76.64,78.35,76.16
22.54,22.54,74.52,77.47,75.79
24.45,24.45,73.88,77.27,75.25
24.83,24.83,65.53,75.73,75.56
23.67,23.67,69.08,78.40,75.09
23.87,23.87,59.84,77.78,76.10
23.62,23.62,55.28,75.69,72.39
21.22,21.22,62.95,78.37,73.85
17.86,17.86,73.00,76.55,70.27
28.18,28.18,84.01,78.41,77.83
34.50,34.50,84.44,76.64,82.17
39.01,39.01,81.05,74.37,79.80
36.40,36.40,79.31,76.23,80.20
30.72,30.72,78.22,75.35,79.49
23.59,23.59,73.98,74.96,77.13
20.97,20.97,68.84,73.74,78.53
21.99,21.99,65.10,75.01,78.15
23.86,23.86,59.81,70.25,76.64
23.56,23.56,56.96,57.98,78.00
25.73,25.73,61.40,58.81,75.26
23.05,23.05,66.94,63.32,77.18
21.73,21.73,79.41,87.53,78.90
22.98,22.98,70.55,81.14,77.44
24.75,24.75,67.18,63.60,76.41
34.93,34.93,63.05,56.00,77.95
41.31,41.31,58.26,58.18,76.96
52.79,52.79,58.63,61.15,77.45
63.70,63.70,67.87,78.04,78.37
73.73,73.73,75.15,88.34,79.08
75.04,75.04,73.83,89.01,81.93
74.60,74.60,66.19,87.26,77.74
74.40,74.40,63.87,86.54,81.26
78.96,78.96,62.45,87.26,76.49
74.32,74.32,66.06,86.41,76.14
76.90,76.90,66.53,84.21,77.50
78.30,78.30,67.32,81.79,78.13
80.55,80.55,63.14,84.06,79.52
71.52,71.52,62.48,84.55,76.31
61.44,61.44,72.35,80.54,79.61
60.32,60.32,76.77,79.40,76.95
62.16,62.16,79.99,66.20,77.85
61.55,61.55,75.35,56.53,76.88
65.94,65.94,74.95,59.66,76.64
67.91,67.91,73.66,53.69,75.81
68.28,68.28,72.71,63.00,78.37
70.28,70.28,81.86,73.82,78.55
69.99,69.99,92.21,82.09,77.25
72.04,72.04,89.57,84.79,76.67
76.54,76.54,84.74,86.04,78.23
77.51,77.51,84.59,82.89,80.51
75.16,75.16,81.35,84.29,82.56
74.61,74.61,78.78,84.47,81.86
74.63,74.63,82.73,82.23,79.97
74.43,74.43,81.76,84.12,80.24
76.16,76.16,76.53,79.01,83.08
74.81,74.81,75.18,70.60,79.95
74.61,74.61,75.84,59.01,79.57
65.20,65.20,74.05,50.85,78.48
67.10,67.10,66.57,60.71,77.08
74.49,74.49,63.79,59.03,80.41
75.79,75.79,68.22,58.76,80.05
71.24,71.24,59.27,55.55,77.24
64.12,64.12,64.09,58.30,77.44
60.27,60.27,71.14,63.35,74.50
62.84,62.84,79.35,70.08,73.44
61.09,61.09,91.03,78.78,72.74
61.13,61.13,85.37,79.13,74.09
68.20,68.20,84.43,80.87,74.43
69.68,69.68,80.89,85.42,72.17
68.71,68.71,83.55,83.79,74.53
65.89,65.89,77.90,86.55,72.66
68.90,68.90,81.06,88.27,73.93
71.48,71.48,81.08,86.64,74.96
71.35,71.35,77.97,86.11,75.00
70.59,70.59,64.50,84.44,75.51
72.44,72.44,72.53,86.37,73.20
73.00,73.00,71.02,86.26,74.75
71.45,71.45,66.62,82.95,73.52
73.03,73.03,67.56,84.41,75.55
71.58,71.58,59.32,85.68,76.31
72.57,72.57,56.21,84.39,72.56
70.46,70.46,66.40,84.63,69.82
67.93,67.93,76.17,84.40,72.28
68.58,68.58,83.80,80.95,82.69
66.79,66.79,87.75,79.32,82.42
66.56,66.56,87.23,74.13,83.04
70.19,70.19,85.12,67.02,84.36
73.37,73.37,77.50,66.56,87.49
72.79,72.79,70.31,62.87,84.04
72.15,72.15,69.50,65.94,84.40
68.38,68.38,62.98,63.00,84.93
61.61,61.61,59.90,61.48,82.66
55.30,55.30,64.21,57.94,84.92
51.69,51.69,72.79,57.36,81.87
54.54,54.54,86.15,57.04,80.47
48.85,48.85,92.44,54.49,77.98
46.21,46.21,85.36,57.77,81.56
44.88,44.88,88.55,48.29,82.28
45.18,45.18,87.41,53.85,80.75
40.99,40.99,81.91,56.24,80.58
41.35,41.35,82.48,46.26,79.30
43.07,43.07,77.75,50.60,79.55
47.26,47.26,83.03,42.34,80.65
46.35,46.35,78.20,42.86,78.39
46.85,46.85,68.98,33.44,80.82
44.26,44.26,74.70,26.82,80.06
42.89,42.89,73.61,25.85,80.80
40.99,40.99,65.81,34.81,80.70
39.59,39.59,62.96,37.99,80.93
41.74,41.74,60.88,44.38,79.98
38.89,38.89,68.90,56.31,75.06
39.39,39.39,68.10,60.67,74.86
44.23,44.23,78.82,71.30,72.77
53.60,53.60,85.26,87.78,72.94
54.49,54.49,77.59,87.86,74.36
57.21,57.21,73.92,85.33,78.07
52.21,52.21,68.72,86.50,79.01
50.59,50.59,65.60,87.43,76.67
48.99,48.99,63.48,87.23,80.12
45.07,45.07,65.94,87.06,78.80
48.24,48.24,70.91,86.62,77.08
46.43,46.43,68.58,86.25,80.56
39.38,39.38,62.40,86.85,77.95
43.08,43.08,64.09,86.53,78.34
40.21,40.21,59.84,86.20,79.14
34.35,34.35,59.93,86.08,78.83
38.53,38.53,61.12,85.60,77.97
37.39,37.39,62.11,85.16,78.46
43.83,43.83,60.67,84.63,77.78
48.48,48.48,61.67,84.27,75.48
55.42,55.42,69.05,84.44,76.32
65.19,65.19,76.81,83.17,74.58
76.93,76.93,80.71,81.18,76.26
69.51,69.51,80.14,81.25,80.12
77.83,77.83,75.73,77.43,75.99
78.09,78.09,70.23,72.97,75.14
69.57,69.57,72.27,69.16,74.59
63.85,63.85,88.57,67.26,72.74
60.74,60.74,92.94,69.16,70.71
63.58,63.58,89.85,65.21,70.67
71.84,71.84,89.52,58.45,73.48
73.94,73.94,84.91,72.40,78.38
71.59,71.59,87.06,74.88,74.60
72.79,72.79,80.12,66.85,75.06
73.61,73.61,83.22,75.12,74.55
76.19,76.19,82.85,74.47,73.09
75.50,75.50,76.03,71.24,74.06
72.98,72.98,75.30,73.15,80.12
69.07,69.07,74.47,83.33,78.51
71.98,71.98,68.85,88.47,81.24
78.40,78.40,68.17,87.81,81.42
78.56,78.56,67.09,87.40,79.54
75.14,75.14,65.48,87.27,78.71
77.37,77.37,64.97,87.18,78.06
77.07,77.07,71.03,86.98,77.88
67.46,67.46,74.36,85.59,73.87
67.58,67.58,84.53,82.59,82.83
67.98,67.98,83.56,80.31,81.54
70.81,70.81,80.91,78.85,85.02
76.90,76.90,79.64,71.59,86.18
72.09,72.09,77.24,63.66,83.39
66.77,66.77,74.22,71.19,82.58
66.08,66.08,65.58,62.73,86.59
76.34,76.34,63.85,65.01,84.91
77.48,77.48,61.45,63.09,80.00
74.31,74.31,56.47,59.29,83.59
71.08,71.08,50.95,61.93,83.19
61.55,61.55,45.16,66.28,81.49
63.12,63.12,45.77,87.59,78.68
60.99,60.99,46.49,86.01,77.13
63.33,63.33,43.51,85.89,80.97
56.84,56.84,43.49,86.88,83.16
59.15,59.15,47.30,80.81,79.19
54.80,54.80,56.51,77.28,77.44
56.79,56.79,63.53,71.08,78.80
67.91,67.91,74.07,64.51,75.66
72.28,72.28,74.87,64.17,83.06
74.67,74.67,72.60,70.42,81.25
76.22,76.22,65.30,62.05,81.09
77.10,77.10,62.03,53.73,80.34
77.46,77.46,65.03,61.70,80.30
82.51,82.51,64.15,63.95,80.65
77.13,77.13,62.62,62.67,82.02
79.22,79.22,62.53,64.94,82.39
85.56,85.56,69.05,64.50,81.97
83.66,83.66,75.43,75.46,79.25
79.21,79.21,77.48,76.92,75.68
73.55,73.55,72.19,77.43,77.72
67.49,67.49,66.82,77.41,79.65
66.00,66.00,66.33,73.12,79.70
64.33,64.33,68.04,73.57,77.44
65.37,65.37,73.54,69.29,76.61
67.36,67.36,83.93,78.25,77.41
64.59,64.59,91.70,84.02,75.40
68.74,68.74,88.95,85.55,73.05
68.65,68.65,83.94,85.87,76.54
81.88,81.88,83.99,82.94,76.30
83.87,83.87,81.64,80.50,78.17
82.26,82.26,83.86,83.94,76.49
82.18,82.18,78.52,84.58,77.03
83.67,83.67,75.44,83.22,78.33
83.68,83.68,76.48,76.05,79.13
83.44,83.44,73.39,71.36,77.04
83.18,83.18,71.00,62.99,80.27
82.90,82.90,69.77,64.98,79.70
76.53,76.53,67.28,61.63,79.97
67.90,67.90,65.17,61.54,76.19
75.21,75.21,63.91,60.18,79.49
76.24,76.24,64.70,56.02,76.65
71.02,71.02,63.00,59.31,75.25
67.64,67.64,73.98,72.10,74.74
65.10,65.10,86.77,83.48,75.32
62.99,62.99,87.70,83.49,74.49
64.48,64.48,87.17,83.48,77.90
66.88,66.88,83.25,83.13,75.71
67.41,67.41,82.57,83.28,74.31
68.54,68.54,83.43,85.63,75.34
68.98,68.98,78.45,85.12,76.76
68.90,68.90,80.55,86.95,76.02
70.12,70.12,77.94,84.07,76.05
70.30,70.30,75.72,86.68,74.24
71.22,71.22,71.32,86.29,74.80
70.20,70.20,72.66,85.47,73.95
72.58,72.58,70.60,86.85,73.88
73.19,73.19,66.07,85.63,72.04
73.92,73.92,65.10,86.08,74.41
73.15,73.15,60.40,85.94,69.81
72.51,72.51,58.18,85.23,71.55
74.44,74.44,67.76,86.75,71.68
73.49,73.49,78.53,82.96,73.69
73.68,73.68,84.57,81.35,74.48
72.22,72.22,83.88,81.71,76.41
72.83,72.83,81.36,82.37,79.26
72.64,72.64,77.58,83.46,78.17
74.55,74.55,73.53,79.98,77.46
75.25,75.25,71.22,76.45,79.28
74.57,74.57,67.67,65.90,78.77
70.42,70.42,63.51,51.87,78.00
65.93,65.93,64.70,37.54,77.90
62.50,62.50,64.50,36.92,76.49
53.87,53.87,71.41,29.98,76.75
50.71,50.71,95.16,33.61,76.13
47.25,47.25,95.44,30.55,72.23
43.48,43.48,78.02,27.44,75.46
42.43,42.43,85.09,24.75,76.87
41.46,41.46,82.86,27.17,74.69
45.95,45.95,78.72,40.84,76.69
47.82,47.82,80.08,49.32,75.77
50.38,50.38,79.57,50.23,74.56
50.97,50.97,73.55,45.45,75.91
54.38,54.38,75.26,53.15,79.97
53.15,53.15,71.43,54.08,81.83
47.68,47.68,58.58,47.67,80.78
47.78,47.78,66.00,49.46,81.36
44.16,44.16,63.96,40.96,78.18
42.73,42.73,65.82,49.12,79.68
44.07,44.07,63.14,61.94,77.93
44.24,44.24,69.58,60.38,80.26
47.51,47.51,78.24,84.55,81.58
47.27,47.27,80.56,86.01,78.32
52.08,52.08,75.93,85.54,80.30
52.73,52.73,72.27,85.71,78.65
50.03,50.03,68.97,85.10,76.98
53.04,53.04,66.51,84.74,77.92
59.70,59.70,63.21,84.03,80.81
60.37,60.37,62.84,83.92,81.50
59.12,59.12,66.71,84.26,82.79
59.99,59.99,73.98,83.24,83.07
60.70,60.70,68.66,82.72,79.03
61.23,61.23,63.81,82.06,82.95
62.57,62.57,64.72,81.38,83.29
66.90,66.90,58.51,81.30,83.34
65.25,65.25,57.76,81.36,82.42
58.26,58.26,57.26,80.94,79.22
53.22,53.22,59.33,80.66,80.31
56.64,56.64,65.95,79.49,77.73
55.59,55.59,75.27,80.02,79.95
53.38,53.38,78.09,79.37,77.35
58.81,58.81,78.92,76.96,78.70
58.55,58.55,72.99,77.12,81.46
60.28,60.28,66.00,77.41,77.73
62.72,62.72,63.80,75.99,79.55
64.37,64.37,66.47,73.98,77.01
62.29,62.29,71.74,67.72,76.12
52.14,52.14,90.65,77.20,75.53
48.78,48.78,94.00,75.47,74.76
54.52,54.52,92.60,79.57,76.69
50.25,50.25,88.81,80.60,78.59
49.51,49.51,82.87,82.08,78.64
50.99,50.99,79.74,83.44,77.16
46.94,46.94,78.99,84.27,78.63
41.44,41.44,82.77,85.52,79.14
34.23,34.23,83.41,84.97,78.20
34.18,34.18,77.17,83.05,79.92
32.04,32.04,77.53,83.33,81.67
29.83,29.83,75.68,84.11,81.49
31.04,31.04,74.48,83.87,78.66
31.42,31.42,69.88,83.12,78.65
32.64,32.64,67.81,82.10,79.65
34.41,34.41,62.50,80.85,77.97
35.00,35.00,57.29,81.15,77.94
40.08,40.08,67.70,80.09,77.02
45.14,45.14,77.85,76.73,78.50
50.60,50.60,85.92,71.85,81.49
49.03,49.03,83.53,69.68,78.40
45.79,45.79,80.92,65.59,79.87
48.45,48.45,78.98,63.47,77.80
49.68,49.68,77.66,59.56,82.82
47.79,47.79,74.23,54.75,81.85
43.77,43.77,68.19,52.27,80.39
39.01,39.01,65.92,58.70,78.09
44.05,44.05,62.01,68.57,80.84
41.75,41.75,57.74,76.67,80.04
35.98,35.98,56.23,87.98,82.02
34.02,34.02,49.22,78.66,80.49
33.85,33.85,45.75,70.10,83.32
33.29,33.29,46.47,70.62,77.63
34.29,34.29,54.64,70.83,81.85
40.97,40.97,50.84,67.67,79.59
49.70,49.70,51.25,68.70,80.06
54.50,54.50,50.62,72.45,77.41
64.37,64.37,62.13,86.47,79.73
73.82,73.82,72.44,85.94,81.48
74.47,74.47,68.87,82.99,80.40
73.87,73.87,63.44,85.71,79.00
74.71,74.71,57.98,85.36,80.24
77.10,77.10,55.98,81.37,79.00
77.68,77.68,52.64,85.17,76.54
77.06,77.06,51.82,85.52,77.90
74.89,74.89,51.22,82.51,78.79
78.27,78.27,53.60,83.14,80.03
69.84,69.84,57.24,85.04,76.32
59.41,59.41,67.13,85.53,78.23
61.34,61.34,77.75,80.71,78.88
64.61,64.61,77.13,72.44,77.84
65.70,65.70,72.78,68.44,78.36
65.99,65.99,74.07,61.33,76.96
68.38,68.38,75.13,49.76,80.12
68.32,68.32,68.57,54.68,77.65
68.91,68.91,85.51,70.98,76.21
69.17,69.17,91.64,84.94,74.24
72.90,72.90,84.68,86.93,72.62
77.85,77.85,84.40,88.80,73.75
76.22,76.22,81.47,85.97,76.38
77.05,77.05,82.38,87.01,77.74
75.42,75.42,84.69,87.51,76.55
75.14,75.14,77.89,88.35,78.34
75.51,75.51,77.77,86.90,76.81
75.08,75.08,76.15,83.36,79.26
74.43,74.43,72.08,84.96,77.88
74.04,74.04,73.60,85.74,79.10
67.02,67.02,72.46,84.18,79.20
70.79,70.79,65.60,84.88,79.50
75.95,75.95,66.49,82.79,77.61
75.78,75.78,64.78,84.96,79.23
72.94,72.94,58.51,84.25,78.17
68.93,68.93,65.88,81.43,73.04
67.93,67.93,77.23,83.36,76.02
68.30,68.30,89.36,84.28,75.91
63.72,63.72,90.05,84.48,75.28
67.14,67.14,90.92,82.67,76.40
71.23,71.23,85.85,82.13,74.30
71.49,71.49,81.41,83.44,73.60
71.93,71.93,81.91,81.59,75.45
69.95,69.95,83.89,77.29,74.24
69.43,69.43,78.42,77.22,75.15
73.21,73.21,79.54,77.24,75.48
71.32,71.32,75.42,79.51,73.63
70.58,70.58,64.99,80.05,75.62
73.44,73.44,73.15,79.37,76.68
72.40,72.40,70.72,80.62,74.91
72.55,72.55,67.59,81.20,78.49
72.73,72.73,65.55,79.85,79.26
74.04,74.04,62.04,79.95,74.63
74.18,74.18,62.10,80.97,75.91
72.73,72.73,70.32,79.43,71.59
72.86,72.86,80.82,76.97,80.54
72.76,72.76,85.13,73.87,84.75
70.12,70.12,82.88,77.81,85.75
72.33,72.33,81.78,77.55,86.09
77.54,77.54,78.48,75.97,82.32
77.35,77.35,75.78,77.96,80.54
74.16,74.16,72.03,79.22,85.33
73.28,73.28,68.78,77.38,79.95
69.27,69.27,65.27,79.21,82.71
60.25,60.25,61.58,78.91,82.25
57.77,57.77,62.62,78.79,83.14
57.00,57.00,70.95,77.74,80.18
57.38,57.38,87.56,78.42,81.43
50.31,50.31,89.81,79.27,79.03
49.88,49.88,88.02,77.77,80.49
46.69,46.69,86.36,76.86,77.56
45.31,45.31,85.58,79.04,79.76
44.04,44.04,79.24,79.37,81.27
43.26,43.26,81.92,78.05,78.25
45.25,45.25,78.58,77.66,76.83
45.93,45.93,80.87,76.43,79.73
45.11,45.11,72.97,74.28,78.11
42.98,42.98,71.95,73.70,76.05
40.88,40.88,72.57,73.35,77.92
39.08,39.08,69.90,73.12,77.30
39.10,39.10,68.29,72.34,76.13
38.98,38.98,63.70,73.46,79.15
38.92,38.92,60.65,71.58,77.57
37.51,37.51,59.69,71.09,77.73
35.30,35.30,69.53,67.75,77.78
33.91,33.91,81.73,55.13,77.94
29.51,29.51,82.82,49.97,75.93
27.54,27.54,81.28,41.43,75.65
33.57,33.57,76.36,45.67,76.48
36.90,36.90,69.05,42.17,76.36
36.27,36.27,64.91,51.88,77.26
32.00,32.00,61.03,60.34,77.68
30.54,30.54,61.71,66.00,74.93
34.02,34.02,73.21,86.15,73.64
30.66,30.66,67.36,87.84,76.59
32.48,32.48,62.12,86.44,77.24
33.44,33.44,53.47,88.18,81.02
35.14,35.14,48.70,85.51,79.42
33.12,33.12,42.47,87.96,78.34
34.41,34.41,39.30,87.11,78.43
32.00,32.00,38.78,84.45,76.06
32.20,32.20,43.11,86.21,75.54
26.78,26.78,49.69,86.13,74.39
22.30,22.30,63.12,83.66,73.46
25.60,25.60,77.42,84.66,73.34
23.17,23.17,75.69,83.62,72.53
24.77,24.77,69.71,85.80,73.61
15.84,15.84,65.29,84.40,76.92
11.97,11.97,68.56,81.21,74.52
6.46,6.46,79.60,74.83,72.62
6.89,6.89,90.48,75.58,72.60
10.59,10.59,93.16,79.29,71.46
14.83,14.83,88.72,77.05,71.14
14.58,14.58,90.36,73.19,72.67
12.86,12.86,81.65,70.22,75.16
11.08,11.08,87.35,74.46,76.07
17.98,17.98,83.44,78.69,75.07
14.51,14.51,80.78,80.33,76.02
13.19,13.19,78.93,81.95,74.86
14.67,14.67,75.57,79.02,76.96
16.93,16.93,77.05,75.31,78.23
18.41,18.41,75.29,71.34,77.20
16.79,16.79,69.55,64.41,75.81
17.54,17.54,68.77,66.09,76.99
19.10,19.10,67.54,65.23,76.06
19.05,19.05,65.02,57.52,77.31
11.54,11.54,65.30,51.27,75.51
13.16,13.16,71.10,49.10,74.99
17.38,17.38,80.54,58.34,73.86
19.91,19.91,90.65,65.57,74.84
20.35,20.35,85.08,65.97,78.86
15.24,15.24,81.04,68.94,80.01
2.63,2.63,77.22,89.20,81.57
4.34,4.34,75.40,87.39,83.20
9.48,9.48,74.38,86.79,80.18
7.33,7.33,70.52,85.59,82.20
4.67,4.67,66.65,82.97,82.83
4.08,4.08,64.63,87.09,81.51
7.29,7.29,66.05,86.98,81.79
9.54,9.54,65.03,80.74,83.58
13.77,13.77,62.91,84.73,80.70
16.19,16.19,61.31,83.95,80.17
19.41,19.41,60.04,85.86,81.46
17.00,17.00,57.99,86.04,82.28
13.00,13.00,55.77,84.22,80.25
13.16,13.16,56.62,85.66,81.95
5.75,5.75,57.62,86.16,80.43
2.18,2.18,62.48,84.39,78.60
1.02,1.02,71.20,84.93,78.12
1.71,1.71,67.07,84.54,77.43
3.17,3.17,63.19,85.60,77.14
4.79,4.79,57.76,84.00,79.72
13.35,13.35,55.71,84.02,77.92
15.36,15.36,54.77,85.24,79.23
16.41,16.41,51.91,85.77,78.17
17.47,17.47,51.59,84.15,80.56
16.10,16.10,53.00,84.23,78.04
10.02,10.02,62.83,83.34,76.03
1.77,1.77,70.71,84.41,77.58
0.87,0.87,75.78,83.14,75.96
0.45,0.45,71.85,81.61,75.70
0.49,0.49,65.80,78.37,76.11
3.73,3.73,60.95,65.66,76.44
11.49,11.49,57.38,55.40,77.79
14.66,14.66,54.44,61.55,80.52
9.61,9.61,51.22,59.08,77.60
10.51,10.51,47.32,59.16,74.65
13.68,13.68,44.02,63.69,77.51
14.97,14.97,49.48,58.10,76.81
17.36,17.36,42.64,62.33,77.43
21.35,21.35,38.08,66.64,76.17
23.72,23.72,36.65,67.94,76.77
25.79,25.79,33.14,72.41,75.64
28.51,28.51,29.40,65.72,74.26
28.54,28.54,32.64,66.43,74.94
27.89,27.89,31.36,62.05,76.02
29.17,29.17,26.79,61.62,73.34
30.48,30.48,29.92,65.17,70.97
30.10,30.10,29.03,60.90,73.48
29.94,29.94,31.02,58.83,73.67
29.91,29.91,21.55,60.00,70.75
31.17,31.17,26.56,58.64,74.37
30.51,30.51,27.73,55.09,70.66
28.31,28.31,17.34,54.77,70.62
27.59,27.59,22.67,55.99,72.70
27.56,27.56,24.53,56.70,71.24
26.91,26.91,20.48,49.90,72.76
25.67,25.67,22.49,50.79,74.41
24.35,24.35,21.43,47.86,71.47
27.27,27.27,26.16,49.63,71.63
26.11,26.11,21.44,46.38,71.03
22.87,22.87,19.00,49.46,71.87
20.78,20.78,19.56,48.14,71.09
22.60,22.60,16.96,50.60,68.31
22.51,22.51,14.08,44.75,71.04
22.85,22.85,20.48,43.69,69.14
22.28,22.28,27.82,45.82,69.10
23.74,23.74,25.35,38.73,69.19
23.29,23.29,25.73,42.51,68.32
23.50,23.50,21.75,45.81,69.87
21.67,21.67,23.42,44.11,68.59
22.67,22.67,28.64,45.81,68.58
24.82,24.82,23.68,46.49,69.26
26.38,26.38,22.40,45.22,68.54
26.43,26.43,25.23,44.58,66.93
25.95,25.95,18.83,44.69,68.18
25.01,25.01,13.51,45.33,68.66
24.06,24.06,19.94,47.38,69.03
24.88,24.88,26.92,46.60,69.82
25.27,25.27,24.27,45.85,69.63
26.16,26.16,16.21,46.49,69.12
27.24,27.24,19.62,45.02,68.78
26.18,26.18,19.99,38.51,67.74
27.35,27.35,23.83,41.84,69.20
26.03,26.03,28.11,43.35,69.74
25.09,25.09,24.90,34.20,67.58
26.68,26.68,26.08,30.89,66.48
26.78,26.78,29.80,37.55,69.40
25.00,25.00,20.25,39.77,66.41
24.91,24.91,25.33,40.19,65.78
24.42,24.42,25.86,37.21,66.61
23.98,23.98,25.38,41.82,67.26
25.44,25.44,25.45,43.63,68.14
25.56,25.56,22.96,42.51,67.41
23.60,23.60,17.12,43.77,66.99
23.04,23.04,21.76,44.63,67.63
22.03,22.03,28.26,45.30,68.11
20.84,20.84,21.85,44.14,66.63
19.02,19.02,25.36,42.71,68.03
20.83,20.83,27.04,45.30,67.57
19.67,19.67,23.55,44.33,66.95
20.10,20.10,18.26,41.39,68.68
19.45,19.45,11.73,38.50,65.93
19.87,19.87,19.16,38.41,66.86
18.73,18.73,21.67,37.74,67.77
16.99,16.99,20.71,40.77,68.01
16.69,16.69,25.97,42.58,67.46
17.29,17.29,19.78,43.57,67.72
14.66,14.66,18.74,40.69,67.11
17.81,17.81,18.18,41.60,67.71
20.27,20.27,21.31,43.39,68.36
19.11,19.11,19.66,43.52,68.74
19.80,19.80,24.88,45.21,67.84
18.08,18.08,24.30,46.18,67.56
18.38,18.38,26.25,43.58,67.74
18.62,18.62,24.20,44.34,65.64
18.39,18.39,31.64,46.19,67.04
21.43,21.43,26.03,44.58,67.91
20.69,20.69,24.68,38.36,67.83
21.14,21.14,24.84,39.33,68.03
23.01,23.01,29.84,44.39,68.84
23.84,23.84,22.28,42.04,67.75
23.70,23.70,15.26,42.62,68.48
23.31,23.31,27.54,44.39,66.94
23.58,23.58,23.47,43.08,67.51
23.68,23.68,22.27,42.14,66.50
22.96,22.96,27.53,43.99,69.40
22.87,22.87,24.78,46.08,67.64
21.54,21.54,9.97,44.64,64.28
21.36,21.36,11.71,42.93,65.58
20.72,20.72,17.47,42.82,66.16
20.35,20.35,20.67,44.84,67.76
20.00,20.00,26.79,42.34,67.07
17.90,17.90,25.52,40.39,64.65
17.38,17.38,21.79,37.90,65.77
17.59,17.59,20.53,37.69,64.93
19.15,19.15,22.02,37.18,63.37
18.09,18.09,13.18,39.12,67.09
17.09,17.09,22.40,44.20,64.93
18.07,18.07,18.52,43.98,66.31
16.67,16.67,12.38,41.23,66.59
18.59,18.59,13.63,43.40,65.90
14.25,14.25,22.80,46.66,65.40
17.76,17.76,16.12,44.66,64.67
18.20,18.20,18.39,44.38,64.60
17.32,17.32,25.61,43.95,61.87
17.16,17.16,15.64,42.30,60.91
16.10,16.10,20.13,41.10,63.31
15.51,15.51,20.63,41.55,64.62
16.75,16.75,25.05,43.64,62.28
17.84,17.84,21.52,41.01,65.19
19.22,19.22,15.43,36.88,64.89
19.71,19.71,19.63,36.92,64.63
18.79,18.79,22.39,37.15,63.69
17.56,17.56,18.56,34.28,63.63
17.93,17.93,15.72,37.02,63.15
17.10,17.10,20.09,41.61,64.02
18.09,18.09,21.91,41.58,61.05
19.23,19.23,15.65,41.14,62.21
19.21,19.21,14.78,42.52,62.06
19.19,19.19,21.75,45.10,60.57
19.64,19.64,17.13,40.07,60.86
18.24,18.24,12.57,39.74,64.26
17.86,17.86,15.41,39.45,62.30
18.74,18.74,25.25,39.71,60.58
18.58,18.58,27.95,37.41,61.28
18.85,18.85,33.00,37.41,61.10
18.60,18.60,37.17,32.69,60.44
15.78,15.78,36.12,32.59,59.48
16.40,16.40,37.23,29.59,62.33
17.30,17.30,39.61,30.27,59.15
17.23,17.23,39.04,32.17,60.56
17.55,17.55,32.65,27.14,60.86
18.23,18.23,34.60,29.87,61.18
18.97,18.97,40.33,29.66,59.57
17.07,17.07,40.19,29.23,59.77
15.25,15.25,40.37,31.00,58.56
16.78,16.78,40.28,29.54,58.44
14.85,14.85,40.48,31.31,56.39
15.72,15.72,39.68,31.23,58.75
16.57,16.57,38.45,29.63,54.67
15.91,15.91,39.93,33.14,54.86
18.76,18.76,36.14,34.70,56.10
19.58,19.58,31.21,32.18,54.84
18.27,18.27,33.94,37.37,52.02
17.66,17.66,38.09,32.40,52.59
16.68,16.68,42.05,33.52,51.34
18.45,18.45,39.25,36.61,51.33
14.94,14.94,40.56,35.45,50.67
17.08,17.08,39.03,34.87,50.19
17.08,17.08,35.71,32.88,47.87
16.11,16.11,31.26,30.72,49.29
15.02,15.02,35.65,32.72,47.70
13.12,13.12,32.56,32.86,47.24
11.98,11.98,33.77,32.90,47.59
12.69,12.69,33.59,30.77,46.28
11.90,11.90,31.07,30.73,45.84
9.72,9.72,34.19,33.70,41.70
8.64,8.64,33.12,30.02,40.99
8.20,8.20,32.18,30.17,39.19
6.24,6.24,33.96,30.77,37.08
4.51,4.51,33.08,29.84,34.34
3.86,3.86,28.83,27.84,33.60
3.43,3.43,31.87,31.02,33.03
2.54,2.54,30.23,29.96,29.44
1.61,1.61,30.25,28.88,28.03
1.73,1.73,29.91,27.43,27.37
1.57,1.57,31.39,30.63,28.02
0.96,0.96,27.42,26.76,24.97
0.68,0.68,28.10,23.91,22.23
0.49,0.49,27.99,21.43,18.34
0.45,0.45,23.52,22.15,16.54
0.45,0.45,19.85,18.15,12.76
0.45,0.45,21.62,16.83,15.45
0.45,0.45,18.91,11.94,8.02
0.45,0.45,24.17,16.65,23.59
0.45,0.45,27.61,14.50,16.36
0.45,0.45,33.37,22.96,26.04
0.45,0.45,22.56,13.56,16.23
0.45,0.45,24.73,19.68,25.31
0.45,0.45,35.30,27.30,32.53
0.45,0.45,27.43,19.49,25.84
0.45,0.45,26.48,17.83,19.64
0.45,0.45,32.32,23.67,27.49
0.45,0.45,18.40,10.83,14.63
0.45,0.45,30.17,19.99,20.86
0.45,0.45,23.68,12.46,13.06
0.45,0.45,20.07,13.70,15.05
0.49,0.49,20.42,11.55,14.55
1.99,1.99,17.26,10.37,10.84
4.40,4.40,23.28,14.74,13.31
4.78,4.78,17.88,7.91,9.88
5.60,5.60,24.15,18.89,20.62
5.01,5.01,20.90,12.73,13.90
5.10,5.10,15.61,8.98,8.70
4.88,4.88,20.19,13.42,16.76
5.17,5.17,17.12,9.34,11.51
4.68,4.68,8.14,4.48,4.05
4.71,4.71,5.90,0.20,2.77
4.19,4.19,3.47,0.52,0.79
4.26,4.26,3.42,0.28,1.02
2.92,2.92,2.98,1.08,0.42
3.07,3.07,2.61,-0.00,0.35
2.86,2.86,2.38,0.07,0.55
1.71,1.71,1.95,-0.00,0.13
1.12,1.12,1.73,-0.00,-0.00
0.62,0.62,1.64,-0.00,-0.00
0.46,0.46,1.62,-0.00,-0.00
0.46,0.46,1.62,-0.00,-0.00
0.45,0.45,1.62,-0.00,-0.00
0.45,0.45,1.62,-0.00,-0.00
0.45,0.45,1.62,-0.00,-0.00
0.45,0.45,1.62,-0.00,-0.00
0.45,0.45,1.62,-0.00,-0.00
0.45,0.45,1.62,-0.00,-0.00
0.45,0.45,1.62,-0.00,-0.00
0.45,0.45,1.62,-0.00,-0.00
0.45,0.45,1.62,-0.00,-0.00
0.45,0.45,1.62,-0.00,-0.00
0.45,0.45,1.62,-0.00,-0.00
0.45,0.45,1.62,-0.00,-0.00
0.45,0.45,1.62,-0.00,-0.00
0.45,0.45,1.62,-0.00,-0.00
0.45,0.45,1.62,-0.00,-0.00
0.45,0.45,1.62,-0.00,-0.00
0.45,0.45,1.62,-0.00,-0.00
0.45,0.45,1.62,-0.00,-0.00
0.45,0.45,1.62,-0.00,-0.00
0.45,0.45,1.62,-0.00,-0.00
0.45,0.45,1.62,-0.00,-0.00
0.45,0.45,1.62,-0.00,-0.00
0.45,0.45,1.62,-0.00,-0.00
0.45,0.45,1.62,-0.00,-0.00
0.45,0.45,1.62,-0.00,-0.00
0.45,0.45,1.62,-0.00,-0.00
0.45,0.45,1.62,-0.00,-0.00
0.45,0.45,1.62,-0.00,-0.00
0.45,0.45,1.62,-0.00,-0.00
0.45,0.45,1.62,-0.00,-0.00
0.45,0.45,1.62,-0.00,-0.00
0.45,0.45,1.62,-0.00,-0.00
0.45,0.45,1.62,-0.00,-0.00
0.45,0.45,1.62,-0.00,-0.00
0.45,0.45,1.62,-0.00,-0.00
0.45,0.45,1.62,-0.00,-0.00
0.45,0.45,1.62,-0.00,-0.00
0.45,0.45,1.62,-0.00,-0.00
0.45,0.45,1.62,-0.00,-0.00
0.45,0.45,1.62,-0.00,-0.00
0.45,0.45,1.62,-0.00,-0.00
0.45,0.45,1.62,-0.00,-0.00
0.45,0.45,1.62,-0.00,-0.00
0.45,0.45,1.62,-0.00,-0.00
0.45,0.45,1.62,-0.00,-0.00
0.45,0.45,1.62,-0.00,-0.00
0.45,0.45,1.62,-0.00,-0.00
0.45,0.45,1.62,-0.00,-0.00
0.45,0.45,1.62,-0.00,-0.00
0.45,0.45,1.62,-0.00,-0.00
0.45,0.45,1.62,-0.00,-0.00
0.45,0.45,1.62,-0.00,-0.00
0.45,0.45,1.62,-0.00,-0.00
0.45,0.45,1.62,-0.00,-0.00
0.45,0.45,1.62,-0.00,-0.00
0.45,0.45,1.62,-0.00,-0.00
0.45,0.45,1.62,-0.00,-0.00
0.45,0.45,1.62,-0.00,-0.00
0.45,0.45,1.62,-0.00,-0.00
0.45,0.45,1.62,-0.00,-0.00
0.45,0.45,1.62,-0.00,-0.00
0.45,0.45,1.62,-0.00,-0.00
0.45,0.45,1.62,-0.00,-0.00
0.45,0.45,1.62,-0.00,-0.00
0.45,0.45,1.62,-0.00,-0.00
0.45,0.45,1.62,-0.00,-0.00
0.45,0.45,1.62,-0.00,-0.00
0.45,0.45,1.62,-0.00,-0.00
